slurmstepd: info: Setting TMPDIR to /scratch/12885645. Previous errors about TMPDIR can be discarded
2025-05-24 00:17:27.388744: I tensorflow/core/platform/cpu_feature_guard.cc:193] This TensorFlow binary is optimized with oneAPI Deep Neural Network Library (oneDNN) to use the following CPU instructions in performance-critical operations:  AVX2 AVX512F AVX512_VNNI FMA
To enable them in other operations, rebuild TensorFlow with the appropriate compiler flags.
2025-05-24 00:17:33.954895: I tensorflow/core/util/port.cc:104] oneDNN custom operations are on. You may see slightly different numerical results due to floating-point round-off errors from different computation orders. To turn them off, set the environment variable `TF_ENABLE_ONEDNN_OPTS=0`.
2025-05-24 00:18:01.840561: W tensorflow/compiler/xla/stream_executor/platform/default/dso_loader.cc:64] Could not load dynamic library 'libnvinfer.so.7'; dlerror: libnvinfer.so.7: cannot open shared object file: No such file or directory; LD_LIBRARY_PATH: /mnt/netapp1/Optcesga_FT2_RHEL7/2020/gentoo/22072020/usr/gr/lib64
2025-05-24 00:18:01.855481: W tensorflow/compiler/xla/stream_executor/platform/default/dso_loader.cc:64] Could not load dynamic library 'libnvinfer_plugin.so.7'; dlerror: libnvinfer_plugin.so.7: cannot open shared object file: No such file or directory; LD_LIBRARY_PATH: /mnt/netapp1/Optcesga_FT2_RHEL7/2020/gentoo/22072020/usr/gr/lib64
2025-05-24 00:18:01.855493: W tensorflow/compiler/tf2tensorrt/utils/py_utils.cc:38] TF-TRT Warning: Cannot dlopen some TensorRT libraries. If you would like to use Nvidia GPU with TensorRT, please make sure the missing libraries mentioned above are installed properly.
--2025-05-24 00:18:36--  https://rajpurkar.github.io/SQuAD-explorer/dataset/train-v2.0.json
Resolviendo rajpurkar.github.io... 185.199.110.153, 185.199.111.153, 185.199.108.153, ...
Conectando con rajpurkar.github.io[185.199.110.153]:443... conectado.
Petición HTTP enviada, esperando respuesta... 200 OK
Longitud: 42123633 (40M) [application/json]
Grabando a: “dataset/train.json”

     0K .......... .......... .......... .......... ..........  0% 2,29M 18s
    50K .......... .......... .......... .......... ..........  0% 7,75M 11s
   100K .......... .......... .......... .......... ..........  0% 4,28M 11s
   150K .......... .......... .......... .......... ..........  0% 15,0M 9s
   200K .......... .......... .......... .......... ..........  0% 14,5M 7s
   250K .......... .......... .......... .......... ..........  0% 5,20M 7s
   300K .......... .......... .......... .......... ..........  0% 16,2M 7s
   350K .......... .......... .......... .......... ..........  0% 37,8M 6s
   400K .......... .......... .......... .......... ..........  1% 32,4M 6s
   450K .......... .......... .......... .......... ..........  1% 22,8M 5s
   500K .......... .......... .......... .......... ..........  1% 50,6M 5s
   550K .......... .......... .......... .......... ..........  1% 6,67M 5s
   600K .......... .......... .......... .......... ..........  1% 20,3M 5s
   650K .......... .......... .......... .......... ..........  1% 57,4M 4s
   700K .......... .......... .......... .......... ..........  1% 30,0M 4s
   750K .......... .......... .......... .......... ..........  1% 57,1M 4s
   800K .......... .......... .......... .......... ..........  2%  117M 4s
   850K .......... .......... .......... .......... ..........  2% 38,7M 4s
   900K .......... .......... .......... .......... ..........  2% 54,4M 3s
   950K .......... .......... .......... .......... ..........  2% 39,8M 3s
  1000K .......... .......... .......... .......... ..........  2%  445M 3s
  1050K .......... .......... .......... .......... ..........  2% 58,9M 3s
  1100K .......... .......... .......... .......... ..........  2% 7,23M 3s
  1150K .......... .......... .......... .......... ..........  2% 42,5M 3s
  1200K .......... .......... .......... .......... ..........  3%  464M 3s
  1250K .......... .......... .......... .......... ..........  3% 38,3M 3s
  1300K .......... .......... .......... .......... ..........  3% 80,2M 3s
  1350K .......... .......... .......... .......... ..........  3% 86,4M 3s
  1400K .......... .......... .......... .......... ..........  3% 29,8M 3s
  1450K .......... .......... .......... .......... ..........  3%  458M 2s
  1500K .......... .......... .......... .......... ..........  3%  137M 2s
  1550K .......... .......... .......... .......... ..........  3% 62,0M 2s
  1600K .......... .......... .......... .......... ..........  4%  116M 2s
  1650K .......... .......... .......... .......... ..........  4%  249M 2s
  1700K .......... .......... .......... .......... ..........  4% 45,8M 2s
  1750K .......... .......... .......... .......... ..........  4%  155M 2s
  1800K .......... .......... .......... .......... ..........  4%  162M 2s
  1850K .......... .......... .......... .......... ..........  4% 76,3M 2s
  1900K .......... .......... .......... .......... ..........  4%  106M 2s
  1950K .......... .......... .......... .......... ..........  4%  452M 2s
  2000K .......... .......... .......... .......... ..........  4% 78,3M 2s
  2050K .......... .......... .......... .......... ..........  5%  123M 2s
  2100K .......... .......... .......... .......... ..........  5%  108M 2s
  2150K .......... .......... .......... .......... ..........  5% 97,8M 2s
  2200K .......... .......... .......... .......... ..........  5%  480M 2s
  2250K .......... .......... .......... .......... ..........  5% 8,45M 2s
  2300K .......... .......... .......... .......... ..........  5%  163M 2s
  2350K .......... .......... .......... .......... ..........  5% 65,1M 2s
  2400K .......... .......... .......... .......... ..........  5%  383M 2s
  2450K .......... .......... .......... .......... ..........  6%  127M 2s
  2500K .......... .......... .......... .......... ..........  6% 58,2M 2s
  2550K .......... .......... .......... .......... ..........  6%  206M 2s
  2600K .......... .......... .......... .......... ..........  6% 85,9M 2s
  2650K .......... .......... .......... .......... ..........  6%  419M 2s
  2700K .......... .......... .......... .......... ..........  6%  508M 2s
  2750K .......... .......... .......... .......... ..........  6%  163M 2s
  2800K .......... .......... .......... .......... ..........  6%  126M 1s
  2850K .......... .......... .......... .......... ..........  7% 42,1M 1s
  2900K .......... .......... .......... .......... ..........  7%  433M 1s
  2950K .......... .......... .......... .......... ..........  7%  121M 1s
  3000K .......... .......... .......... .......... ..........  7%  517M 1s
  3050K .......... .......... .......... .......... ..........  7%  143M 1s
  3100K .......... .......... .......... .......... ..........  7%  372M 1s
  3150K .......... .......... .......... .......... ..........  7%  152M 1s
  3200K .......... .......... .......... .......... ..........  7%  142M 1s
  3250K .......... .......... .......... .......... ..........  8%  142M 1s
  3300K .......... .......... .......... .......... ..........  8%  259M 1s
  3350K .......... .......... .......... .......... ..........  8%  232M 1s
  3400K .......... .......... .......... .......... ..........  8%  164M 1s
  3450K .......... .......... .......... .......... ..........  8%  234M 1s
  3500K .......... .......... .......... .......... ..........  8%  211M 1s
  3550K .......... .......... .......... .......... ..........  8%  122M 1s
  3600K .......... .......... .......... .......... ..........  8%  430M 1s
  3650K .......... .......... .......... .......... ..........  8%  138M 1s
  3700K .......... .......... .......... .......... ..........  9%  309M 1s
  3750K .......... .......... .......... .......... ..........  9%  176M 1s
  3800K .......... .......... .......... .......... ..........  9%  234M 1s
  3850K .......... .......... .......... .......... ..........  9%  301M 1s
  3900K .......... .......... .......... .......... ..........  9%  207M 1s
  3950K .......... .......... .......... .......... ..........  9%  186M 1s
  4000K .......... .......... .......... .......... ..........  9%  209M 1s
  4050K .......... .......... .......... .......... ..........  9%  136M 1s
  4100K .......... .......... .......... .......... .......... 10%  446M 1s
  4150K .......... .......... .......... .......... .......... 10%  194M 1s
  4200K .......... .......... .......... .......... .......... 10%  443M 1s
  4250K .......... .......... .......... .......... .......... 10%  168M 1s
  4300K .......... .......... .......... .......... .......... 10%  487M 1s
  4350K .......... .......... .......... .......... .......... 10%  192M 1s
  4400K .......... .......... .......... .......... .......... 10%  185M 1s
  4450K .......... .......... .......... .......... .......... 10%  388M 1s
  4500K .......... .......... .......... .......... .......... 11% 10,1M 1s
  4550K .......... .......... .......... .......... .......... 11%  414M 1s
  4600K .......... .......... .......... .......... .......... 11%  233M 1s
  4650K .......... .......... .......... .......... .......... 11%  193M 1s
  4700K .......... .......... .......... .......... .......... 11%  249M 1s
  4750K .......... .......... .......... .......... .......... 11%  125M 1s
  4800K .......... .......... .......... .......... .......... 11%  418M 1s
  4850K .......... .......... .......... .......... .......... 11%  301M 1s
  4900K .......... .......... .......... .......... .......... 12%  134M 1s
  4950K .......... .......... .......... .......... .......... 12%  414M 1s
  5000K .......... .......... .......... .......... .......... 12%  119M 1s
  5050K .......... .......... .......... .......... .......... 12%  285M 1s
  5100K .......... .......... .......... .......... .......... 12%  305M 1s
  5150K .......... .......... .......... .......... .......... 12%  170M 1s
  5200K .......... .......... .......... .......... .......... 12%  499M 1s
  5250K .......... .......... .......... .......... .......... 12%  206M 1s
  5300K .......... .......... .......... .......... .......... 13%  306M 1s
  5350K .......... .......... .......... .......... .......... 13%  178M 1s
  5400K .......... .......... .......... .......... .......... 13%  453M 1s
  5450K .......... .......... .......... .......... .......... 13%  569M 1s
  5500K .......... .......... .......... .......... .......... 13%  428M 1s
  5550K .......... .......... .......... .......... .......... 13%  293M 1s
  5600K .......... .......... .......... .......... .......... 13%  257M 1s
  5650K .......... .......... .......... .......... .......... 13%  464M 1s
  5700K .......... .......... .......... .......... .......... 13%  302M 1s
  5750K .......... .......... .......... .......... .......... 14%  440M 1s
  5800K .......... .......... .......... .......... .......... 14% 64,5M 1s
  5850K .......... .......... .......... .......... .......... 14%  451M 1s
  5900K .......... .......... .......... .......... .......... 14%  169M 1s
  5950K .......... .......... .......... .......... .......... 14%  422M 1s
  6000K .......... .......... .......... .......... .......... 14%  430M 1s
  6050K .......... .......... .......... .......... .......... 14%  229M 1s
  6100K .......... .......... .......... .......... .......... 14%  332M 1s
  6150K .......... .......... .......... .......... .......... 15%  109M 1s
  6200K .......... .......... .......... .......... .......... 15%  456M 1s
  6250K .......... .......... .......... .......... .......... 15%  124M 1s
  6300K .......... .......... .......... .......... .......... 15%  221M 1s
  6350K .......... .......... .......... .......... .......... 15%  166M 1s
  6400K .......... .......... .......... .......... .......... 15%  110M 1s
  6450K .......... .......... .......... .......... .......... 15%  341M 1s
  6500K .......... .......... .......... .......... .......... 15%  504M 1s
  6550K .......... .......... .......... .......... .......... 16%  190M 1s
  6600K .......... .......... .......... .......... .......... 16%  159M 1s
  6650K .......... .......... .......... .......... .......... 16%  148M 1s
  6700K .......... .......... .......... .......... .......... 16%  392M 1s
  6750K .......... .......... .......... .......... .......... 16%  274M 1s
  6800K .......... .......... .......... .......... .......... 16%  183M 1s
  6850K .......... .......... .......... .......... .......... 16%  236M 1s
  6900K .......... .......... .......... .......... .......... 16%  117M 1s
  6950K .......... .......... .......... .......... .......... 17%  408M 1s
  7000K .......... .......... .......... .......... .......... 17%  595M 1s
  7050K .......... .......... .......... .......... .......... 17%  104M 1s
  7100K .......... .......... .......... .......... .......... 17%  475M 1s
  7150K .......... .......... .......... .......... .......... 17%  104M 1s
  7200K .......... .......... .......... .......... .......... 17%  465M 1s
  7250K .......... .......... .......... .......... .......... 17%  312M 1s
  7300K .......... .......... .......... .......... .......... 17%  447M 1s
  7350K .......... .......... .......... .......... .......... 17%  345M 1s
  7400K .......... .......... .......... .......... .......... 18%  482M 1s
  7450K .......... .......... .......... .......... .......... 18%  120M 1s
  7500K .......... .......... .......... .......... .......... 18%  503M 1s
  7550K .......... .......... .......... .......... .......... 18% 10,4M 1s
  7600K .......... .......... .......... .......... .......... 18%  109M 1s
  7650K .......... .......... .......... .......... .......... 18%  458M 1s
  7700K .......... .......... .......... .......... .......... 18%  231M 1s
  7750K .......... .......... .......... .......... .......... 18%  119M 1s
  7800K .......... .......... .......... .......... .......... 19%  311M 1s
  7850K .......... .......... .......... .......... .......... 19%  230M 1s
  7900K .......... .......... .......... .......... .......... 19%  459M 1s
  7950K .......... .......... .......... .......... .......... 19% 88,1M 1s
  8000K .......... .......... .......... .......... .......... 19%  151M 1s
  8050K .......... .......... .......... .......... .......... 19%  389M 1s
  8100K .......... .......... .......... .......... .......... 19%  548M 1s
  8150K .......... .......... .......... .......... .......... 19%  451M 1s
  8200K .......... .......... .......... .......... .......... 20%  165M 1s
  8250K .......... .......... .......... .......... .......... 20%  133M 1s
  8300K .......... .......... .......... .......... .......... 20%  116M 1s
  8350K .......... .......... .......... .......... .......... 20%  456M 1s
  8400K .......... .......... .......... .......... .......... 20%  337M 1s
  8450K .......... .......... .......... .......... .......... 20%  547M 1s
  8500K .......... .......... .......... .......... .......... 20%  502M 1s
  8550K .......... .......... .......... .......... .......... 20%  533M 1s
  8600K .......... .......... .......... .......... .......... 21%  218M 1s
  8650K .......... .......... .......... .......... .......... 21%  346M 1s
  8700K .......... .......... .......... .......... .......... 21%  190M 1s
  8750K .......... .......... .......... .......... .......... 21%  135M 1s
  8800K .......... .......... .......... .......... .......... 21%  449M 1s
  8850K .......... .......... .......... .......... .......... 21%  491M 1s
  8900K .......... .......... .......... .......... .......... 21%  480M 1s
  8950K .......... .......... .......... .......... .......... 21%  125M 1s
  9000K .......... .......... .......... .......... .......... 22%  174M 1s
  9050K .......... .......... .......... .......... .......... 22%  414M 1s
  9100K .......... .......... .......... .......... .......... 22%  368M 1s
  9150K .......... .......... .......... .......... .......... 22%  458M 1s
  9200K .......... .......... .......... .......... .......... 22%  119M 1s
  9250K .......... .......... .......... .......... .......... 22%  171M 1s
  9300K .......... .......... .......... .......... .......... 22%  166M 1s
  9350K .......... .......... .......... .......... .......... 22%  433M 1s
  9400K .......... .......... .......... .......... .......... 22% 90,2M 1s
  9450K .......... .......... .......... .......... .......... 23%  529M 1s
  9500K .......... .......... .......... .......... .......... 23%  200M 0s
  9550K .......... .......... .......... .......... .......... 23%  148M 0s
  9600K .......... .......... .......... .......... .......... 23%  520M 0s
  9650K .......... .......... .......... .......... .......... 23%  205M 0s
  9700K .......... .......... .......... .......... .......... 23%  182M 0s
  9750K .......... .......... .......... .......... .......... 23%  426M 0s
  9800K .......... .......... .......... .......... .......... 23%  479M 0s
  9850K .......... .......... .......... .......... .......... 24%  122M 0s
  9900K .......... .......... .......... .......... .......... 24%  496M 0s
  9950K .......... .......... .......... .......... .......... 24%  101M 0s
 10000K .......... .......... .......... .......... .......... 24%  517M 0s
 10050K .......... .......... .......... .......... .......... 24%  356M 0s
 10100K .......... .......... .......... .......... .......... 24%  121M 0s
 10150K .......... .......... .......... .......... .......... 24%  330M 0s
 10200K .......... .......... .......... .......... .......... 24% 98,8M 0s
 10250K .......... .......... .......... .......... .......... 25%  391M 0s
 10300K .......... .......... .......... .......... .......... 25%  313M 0s
 10350K .......... .......... .......... .......... .......... 25%  261M 0s
 10400K .......... .......... .......... .......... .......... 25%  310M 0s
 10450K .......... .......... .......... .......... .......... 25%  306M 0s
 10500K .......... .......... .......... .......... .......... 25%  294M 0s
 10550K .......... .......... .......... .......... .......... 25%  455M 0s
 10600K .......... .......... .......... .......... .......... 25% 10,6M 0s
 10650K .......... .......... .......... .......... .......... 26% 94,6M 0s
 10700K .......... .......... .......... .......... .......... 26%  496M 0s
 10750K .......... .......... .......... .......... .......... 26%  165M 0s
 10800K .......... .......... .......... .......... .......... 26%  168M 0s
 10850K .......... .......... .......... .......... .......... 26%  227M 0s
 10900K .......... .......... .......... .......... .......... 26%  282M 0s
 10950K .......... .......... .......... .......... .......... 26% 63,2M 0s
 11000K .......... .......... .......... .......... .......... 26%  175M 0s
 11050K .......... .......... .......... .......... .......... 26%  333M 0s
 11100K .......... .......... .......... .......... .......... 27%  225M 0s
 11150K .......... .......... .......... .......... .......... 27%  455M 0s
 11200K .......... .......... .......... .......... .......... 27%  250M 0s
 11250K .......... .......... .......... .......... .......... 27%  309M 0s
 11300K .......... .......... .......... .......... .......... 27%  103M 0s
 11350K .......... .......... .......... .......... .......... 27%  437M 0s
 11400K .......... .......... .......... .......... .......... 27%  392M 0s
 11450K .......... .......... .......... .......... .......... 27%  549M 0s
 11500K .......... .......... .......... .......... .......... 28%  331M 0s
 11550K .......... .......... .......... .......... .......... 28%  196M 0s
 11600K .......... .......... .......... .......... .......... 28%  234M 0s
 11650K .......... .......... .......... .......... .......... 28%  491M 0s
 11700K .......... .......... .......... .......... .......... 28%  180M 0s
 11750K .......... .......... .......... .......... .......... 28%  439M 0s
 11800K .......... .......... .......... .......... .......... 28%  170M 0s
 11850K .......... .......... .......... .......... .......... 28%  240M 0s
 11900K .......... .......... .......... .......... .......... 29%  491M 0s
 11950K .......... .......... .......... .......... .......... 29%  369M 0s
 12000K .......... .......... .......... .......... .......... 29%  115M 0s
 12050K .......... .......... .......... .......... .......... 29%  500M 0s
 12100K .......... .......... .......... .......... .......... 29%  307M 0s
 12150K .......... .......... .......... .......... .......... 29%  254M 0s
 12200K .......... .......... .......... .......... .......... 29%  331M 0s
 12250K .......... .......... .......... .......... .......... 29%  158M 0s
 12300K .......... .......... .......... .......... .......... 30%  122M 0s
 12350K .......... .......... .......... .......... .......... 30%  102M 0s
 12400K .......... .......... .......... .......... .......... 30%  410M 0s
 12450K .......... .......... .......... .......... .......... 30%  259M 0s
 12500K .......... .......... .......... .......... .......... 30%  184M 0s
 12550K .......... .......... .......... .......... .......... 30%  309M 0s
 12600K .......... .......... .......... .......... .......... 30%  198M 0s
 12650K .......... .......... .......... .......... .......... 30%  311M 0s
 12700K .......... .......... .......... .......... .......... 30%  231M 0s
 12750K .......... .......... .......... .......... .......... 31%  329M 0s
 12800K .......... .......... .......... .......... .......... 31%  302M 0s
 12850K .......... .......... .......... .......... .......... 31%  144M 0s
 12900K .......... .......... .......... .......... .......... 31%  340M 0s
 12950K .......... .......... .......... .......... .......... 31%  289M 0s
 13000K .......... .......... .......... .......... .......... 31% 96,5M 0s
 13050K .......... .......... .......... .......... .......... 31%  246M 0s
 13100K .......... .......... .......... .......... .......... 31%  182M 0s
 13150K .......... .......... .......... .......... .......... 32%  466M 0s
 13200K .......... .......... .......... .......... .......... 32%  121M 0s
 13250K .......... .......... .......... .......... .......... 32%  312M 0s
 13300K .......... .......... .......... .......... .......... 32%  514M 0s
 13350K .......... .......... .......... .......... .......... 32%  334M 0s
 13400K .......... .......... .......... .......... .......... 32%  279M 0s
 13450K .......... .......... .......... .......... .......... 32%  223M 0s
 13500K .......... .......... .......... .......... .......... 32%  249M 0s
 13550K .......... .......... .......... .......... .......... 33%  445M 0s
 13600K .......... .......... .......... .......... .......... 33% 11,4M 0s
 13650K .......... .......... .......... .......... .......... 33% 66,2M 0s
 13700K .......... .......... .......... .......... .......... 33%  342M 0s
 13750K .......... .......... .......... .......... .......... 33%  195M 0s
 13800K .......... .......... .......... .......... .......... 33%  117M 0s
 13850K .......... .......... .......... .......... .......... 33%  392M 0s
 13900K .......... .......... .......... .......... .......... 33%  167M 0s
 13950K .......... .......... .......... .......... .......... 34%  458M 0s
 14000K .......... .......... .......... .......... .......... 34% 66,2M 0s
 14050K .......... .......... .......... .......... .......... 34%  220M 0s
 14100K .......... .......... .......... .......... .......... 34%  153M 0s
 14150K .......... .......... .......... .......... .......... 34%  464M 0s
 14200K .......... .......... .......... .......... .......... 34%  313M 0s
 14250K .......... .......... .......... .......... .......... 34%  151M 0s
 14300K .......... .......... .......... .......... .......... 34%  162M 0s
 14350K .......... .......... .......... .......... .......... 35%  534M 0s
 14400K .......... .......... .......... .......... .......... 35%  305M 0s
 14450K .......... .......... .......... .......... .......... 35%  542M 0s
 14500K .......... .......... .......... .......... .......... 35%  137M 0s
 14550K .......... .......... .......... .......... .......... 35%  484M 0s
 14600K .......... .......... .......... .......... .......... 35%  534M 0s
 14650K .......... .......... .......... .......... .......... 35%  218M 0s
 14700K .......... .......... .......... .......... .......... 35%  497M 0s
 14750K .......... .......... .......... .......... .......... 35%  201M 0s
 14800K .......... .......... .......... .......... .......... 36%  349M 0s
 14850K .......... .......... .......... .......... .......... 36%  179M 0s
 14900K .......... .......... .......... .......... .......... 36%  201M 0s
 14950K .......... .......... .......... .......... .......... 36%  544M 0s
 15000K .......... .......... .......... .......... .......... 36%  127M 0s
 15050K .......... .......... .......... .......... .......... 36%  512M 0s
 15100K .......... .......... .......... .......... .......... 36%  428M 0s
 15150K .......... .......... .......... .......... .......... 36%  177M 0s
 15200K .......... .......... .......... .......... .......... 37%  515M 0s
 15250K .......... .......... .......... .......... .......... 37% 92,1M 0s
 15300K .......... .......... .......... .......... .......... 37%  161M 0s
 15350K .......... .......... .......... .......... .......... 37%  366M 0s
 15400K .......... .......... .......... .......... .......... 37%  110M 0s
 15450K .......... .......... .......... .......... .......... 37%  339M 0s
 15500K .......... .......... .......... .......... .......... 37%  164M 0s
 15550K .......... .......... .......... .......... .......... 37%  483M 0s
 15600K .......... .......... .......... .......... .......... 38%  242M 0s
 15650K .......... .......... .......... .......... .......... 38%  195M 0s
 15700K .......... .......... .......... .......... .......... 38%  202M 0s
 15750K .......... .......... .......... .......... .......... 38%  329M 0s
 15800K .......... .......... .......... .......... .......... 38%  333M 0s
 15850K .......... .......... .......... .......... .......... 38%  493M 0s
 15900K .......... .......... .......... .......... .......... 38%  135M 0s
 15950K .......... .......... .......... .......... .......... 38%  486M 0s
 16000K .......... .......... .......... .......... .......... 39%  323M 0s
 16050K .......... .......... .......... .......... .......... 39% 87,9M 0s
 16100K .......... .......... .......... .......... .......... 39%  181M 0s
 16150K .......... .......... .......... .......... .......... 39%  188M 0s
 16200K .......... .......... .......... .......... .......... 39%  281M 0s
 16250K .......... .......... .......... .......... .......... 39%  163M 0s
 16300K .......... .......... .......... .......... .......... 39%  298M 0s
 16350K .......... .......... .......... .......... .......... 39%  314M 0s
 16400K .......... .......... .......... .......... .......... 39%  447M 0s
 16450K .......... .......... .......... .......... .......... 40%  277M 0s
 16500K .......... .......... .......... .......... .......... 40%  199M 0s
 16550K .......... .......... .......... .......... .......... 40%  533M 0s
 16600K .......... .......... .......... .......... .......... 40%  312M 0s
 16650K .......... .......... .......... .......... .......... 40% 12,0M 0s
 16700K .......... .......... .......... .......... .......... 40% 72,1M 0s
 16750K .......... .......... .......... .......... .......... 40%  153M 0s
 16800K .......... .......... .......... .......... .......... 40%  149M 0s
 16850K .......... .......... .......... .......... .......... 41%  128M 0s
 16900K .......... .......... .......... .......... .......... 41%  150M 0s
 16950K .......... .......... .......... .......... .......... 41%  519M 0s
 17000K .......... .......... .......... .......... .......... 41%  323M 0s
 17050K .......... .......... .......... .......... .......... 41% 90,1M 0s
 17100K .......... .......... .......... .......... .......... 41%  142M 0s
 17150K .......... .......... .......... .......... .......... 41%  231M 0s
 17200K .......... .......... .......... .......... .......... 41%  129M 0s
 17250K .......... .......... .......... .......... .......... 42%  480M 0s
 17300K .......... .......... .......... .......... .......... 42%  185M 0s
 17350K .......... .......... .......... .......... .......... 42%  337M 0s
 17400K .......... .......... .......... .......... .......... 42%  461M 0s
 17450K .......... .......... .......... .......... .......... 42%  220M 0s
 17500K .......... .......... .......... .......... .......... 42%  140M 0s
 17550K .......... .......... .......... .......... .......... 42%  207M 0s
 17600K .......... .......... .......... .......... .......... 42%  388M 0s
 17650K .......... .......... .......... .......... .......... 43%  246M 0s
 17700K .......... .......... .......... .......... .......... 43%  467M 0s
 17750K .......... .......... .......... .......... .......... 43%  448M 0s
 17800K .......... .......... .......... .......... .......... 43%  285M 0s
 17850K .......... .......... .......... .......... .......... 43%  173M 0s
 17900K .......... .......... .......... .......... .......... 43%  531M 0s
 17950K .......... .......... .......... .......... .......... 43%  168M 0s
 18000K .......... .......... .......... .......... .......... 43%  302M 0s
 18050K .......... .......... .......... .......... .......... 44%  115M 0s
 18100K .......... .......... .......... .......... .......... 44%  480M 0s
 18150K .......... .......... .......... .......... .......... 44%  580M 0s
 18200K .......... .......... .......... .......... .......... 44%  172M 0s
 18250K .......... .......... .......... .......... .......... 44%  312M 0s
 18300K .......... .......... .......... .......... .......... 44%  143M 0s
 18350K .......... .......... .......... .......... .......... 44%  295M 0s
 18400K .......... .......... .......... .......... .......... 44% 70,2M 0s
 18450K .......... .......... .......... .......... .......... 44%  413M 0s
 18500K .......... .......... .......... .......... .......... 45%  362M 0s
 18550K .......... .......... .......... .......... .......... 45%  225M 0s
 18600K .......... .......... .......... .......... .......... 45%  159M 0s
 18650K .......... .......... .......... .......... .......... 45%  447M 0s
 18700K .......... .......... .......... .......... .......... 45%  328M 0s
 18750K .......... .......... .......... .......... .......... 45%  480M 0s
 18800K .......... .......... .......... .......... .......... 45%  138M 0s
 18850K .......... .......... .......... .......... .......... 45%  444M 0s
 18900K .......... .......... .......... .......... .......... 46%  336M 0s
 18950K .......... .......... .......... .......... .......... 46%  169M 0s
 19000K .......... .......... .......... .......... .......... 46%  325M 0s
 19050K .......... .......... .......... .......... .......... 46%  155M 0s
 19100K .......... .......... .......... .......... .......... 46%  311M 0s
 19150K .......... .......... .......... .......... .......... 46% 96,5M 0s
 19200K .......... .......... .......... .......... .......... 46%  405M 0s
 19250K .......... .......... .......... .......... .......... 46%  124M 0s
 19300K .......... .......... .......... .......... .......... 47%  314M 0s
 19350K .......... .......... .......... .......... .......... 47%  416M 0s
 19400K .......... .......... .......... .......... .......... 47%  315M 0s
 19450K .......... .......... .......... .......... .......... 47%  321M 0s
 19500K .......... .......... .......... .......... .......... 47%  130M 0s
 19550K .......... .......... .......... .......... .......... 47%  471M 0s
 19600K .......... .......... .......... .......... .......... 47%  449M 0s
 19650K .......... .......... .......... .......... .......... 47% 12,3M 0s
 19700K .......... .......... .......... .......... .......... 48% 83,0M 0s
 19750K .......... .......... .......... .......... .......... 48%  103M 0s
 19800K .......... .......... .......... .......... .......... 48%  169M 0s
 19850K .......... .......... .......... .......... .......... 48%  234M 0s
 19900K .......... .......... .......... .......... .......... 48%  155M 0s
 19950K .......... .......... .......... .......... .......... 48%  138M 0s
 20000K .......... .......... .......... .......... .......... 48% 91,9M 0s
 20050K .......... .......... .......... .......... .......... 48%  230M 0s
 20100K .......... .......... .......... .......... .......... 48%  325M 0s
 20150K .......... .......... .......... .......... .......... 49%  320M 0s
 20200K .......... .......... .......... .......... .......... 49%  104M 0s
 20250K .......... .......... .......... .......... .......... 49%  518M 0s
 20300K .......... .......... .......... .......... .......... 49%  269M 0s
 20350K .......... .......... .......... .......... .......... 49%  145M 0s
 20400K .......... .......... .......... .......... .......... 49%  277M 0s
 20450K .......... .......... .......... .......... .......... 49%  230M 0s
 20500K .......... .......... .......... .......... .......... 49%  310M 0s
 20550K .......... .......... .......... .......... .......... 50%  332M 0s
 20600K .......... .......... .......... .......... .......... 50%  186M 0s
 20650K .......... .......... .......... .......... .......... 50%  162M 0s
 20700K .......... .......... .......... .......... .......... 50%  294M 0s
 20750K .......... .......... .......... .......... .......... 50%  407M 0s
 20800K .......... .......... .......... .......... .......... 50%  153M 0s
 20850K .......... .......... .......... .......... .......... 50%  300M 0s
 20900K .......... .......... .......... .......... .......... 50%  326M 0s
 20950K .......... .......... .......... .......... .......... 51%  257M 0s
 21000K .......... .......... .......... .......... .......... 51%  262M 0s
 21050K .......... .......... .......... .......... .......... 51%  325M 0s
 21100K .......... .......... .......... .......... .......... 51%  202M 0s
 21150K .......... .......... .......... .......... .......... 51%  314M 0s
 21200K .......... .......... .......... .......... .......... 51%  184M 0s
 21250K .......... .......... .......... .......... .......... 51%  191M 0s
 21300K .......... .......... .......... .......... .......... 51%  315M 0s
 21350K .......... .......... .......... .......... .......... 52%  224M 0s
 21400K .......... .......... .......... .......... .......... 52% 86,8M 0s
 21450K .......... .......... .......... .......... .......... 52%  336M 0s
 21500K .......... .......... .......... .......... .......... 52%  232M 0s
 21550K .......... .......... .......... .......... .......... 52%  233M 0s
 21600K .......... .......... .......... .......... .......... 52%  199M 0s
 21650K .......... .......... .......... .......... .......... 52%  312M 0s
 21700K .......... .......... .......... .......... .......... 52%  318M 0s
 21750K .......... .......... .......... .......... .......... 52%  197M 0s
 21800K .......... .......... .......... .......... .......... 53%  326M 0s
 21850K .......... .......... .......... .......... .......... 53%  111M 0s
 21900K .......... .......... .......... .......... .......... 53%  434M 0s
 21950K .......... .......... .......... .......... .......... 53%  540M 0s
 22000K .......... .......... .......... .......... .......... 53%  261M 0s
 22050K .......... .......... .......... .......... .......... 53%  201M 0s
 22100K .......... .......... .......... .......... .......... 53%  101M 0s
 22150K .......... .......... .......... .......... .......... 53%  388M 0s
 22200K .......... .......... .......... .......... .......... 54%  239M 0s
 22250K .......... .......... .......... .......... .......... 54%  467M 0s
 22300K .......... .......... .......... .......... .......... 54%  134M 0s
 22350K .......... .......... .......... .......... .......... 54%  339M 0s
 22400K .......... .......... .......... .......... .......... 54%  149M 0s
 22450K .......... .......... .......... .......... .......... 54%  192M 0s
 22500K .......... .......... .......... .......... .......... 54%  237M 0s
 22550K .......... .......... .......... .......... .......... 54%  335M 0s
 22600K .......... .......... .......... .......... .......... 55% 13,1M 0s
 22650K .......... .......... .......... .......... .......... 55%  238M 0s
 22700K .......... .......... .......... .......... .......... 55%  319M 0s
 22750K .......... .......... .......... .......... .......... 55% 86,4M 0s
 22800K .......... .......... .......... .......... .......... 55% 84,3M 0s
 22850K .......... .......... .......... .......... .......... 55%  167M 0s
 22900K .......... .......... .......... .......... .......... 55%  310M 0s
 22950K .......... .......... .......... .......... .......... 55%  202M 0s
 23000K .......... .......... .......... .......... .......... 56% 94,5M 0s
 23050K .......... .......... .......... .......... .......... 56%  144M 0s
 23100K .......... .......... .......... .......... .......... 56%  308M 0s
 23150K .......... .......... .......... .......... .......... 56%  252M 0s
 23200K .......... .......... .......... .......... .......... 56%  163M 0s
 23250K .......... .......... .......... .......... .......... 56%  110M 0s
 23300K .......... .......... .......... .......... .......... 56%  489M 0s
 23350K .......... .......... .......... .......... .......... 56%  213M 0s
 23400K .......... .......... .......... .......... .......... 57%  323M 0s
 23450K .......... .......... .......... .......... .......... 57%  235M 0s
 23500K .......... .......... .......... .......... .......... 57%  131M 0s
 23550K .......... .......... .......... .......... .......... 57%  554M 0s
 23600K .......... .......... .......... .......... .......... 57%  210M 0s
 23650K .......... .......... .......... .......... .......... 57%  244M 0s
 23700K .......... .......... .......... .......... .......... 57%  227M 0s
 23750K .......... .......... .......... .......... .......... 57%  301M 0s
 23800K .......... .......... .......... .......... .......... 57%  327M 0s
 23850K .......... .......... .......... .......... .......... 58%  199M 0s
 23900K .......... .......... .......... .......... .......... 58%  218M 0s
 23950K .......... .......... .......... .......... .......... 58%  242M 0s
 24000K .......... .......... .......... .......... .......... 58%  160M 0s
 24050K .......... .......... .......... .......... .......... 58%  328M 0s
 24100K .......... .......... .......... .......... .......... 58%  171M 0s
 24150K .......... .......... .......... .......... .......... 58%  332M 0s
 24200K .......... .......... .......... .......... .......... 58%  216M 0s
 24250K .......... .......... .......... .......... .......... 59%  204M 0s
 24300K .......... .......... .......... .......... .......... 59%  180M 0s
 24350K .......... .......... .......... .......... .......... 59%  251M 0s
 24400K .......... .......... .......... .......... .......... 59%  227M 0s
 24450K .......... .......... .......... .......... .......... 59%  152M 0s
 24500K .......... .......... .......... .......... .......... 59%  119M 0s
 24550K .......... .......... .......... .......... .......... 59%  515M 0s
 24600K .......... .......... .......... .......... .......... 59%  312M 0s
 24650K .......... .......... .......... .......... .......... 60%  175M 0s
 24700K .......... .......... .......... .......... .......... 60%  325M 0s
 24750K .......... .......... .......... .......... .......... 60%  427M 0s
 24800K .......... .......... .......... .......... .......... 60%  144M 0s
 24850K .......... .......... .......... .......... .......... 60%  424M 0s
 24900K .......... .......... .......... .......... .......... 60% 96,1M 0s
 24950K .......... .......... .......... .......... .......... 60%  459M 0s
 25000K .......... .......... .......... .......... .......... 60%  392M 0s
 25050K .......... .......... .......... .......... .......... 61%  487M 0s
 25100K .......... .......... .......... .......... .......... 61%  240M 0s
 25150K .......... .......... .......... .......... .......... 61%  229M 0s
 25200K .......... .......... .......... .......... .......... 61% 98,6M 0s
 25250K .......... .......... .......... .......... .......... 61%  469M 0s
 25300K .......... .......... .......... .......... .......... 61%  262M 0s
 25350K .......... .......... .......... .......... .......... 61%  230M 0s
 25400K .......... .......... .......... .......... .......... 61%  307M 0s
 25450K .......... .......... .......... .......... .......... 61%  106M 0s
 25500K .......... .......... .......... .......... .......... 62%  490M 0s
 25550K .......... .......... .......... .......... .......... 62%  224M 0s
 25600K .......... .......... .......... .......... .......... 62%  258M 0s
 25650K .......... .......... .......... .......... .......... 62% 13,8M 0s
 25700K .......... .......... .......... .......... .......... 62%  179M 0s
 25750K .......... .......... .......... .......... .......... 62% 80,1M 0s
 25800K .......... .......... .......... .......... .......... 62%  360M 0s
 25850K .......... .......... .......... .......... .......... 62% 94,7M 0s
 25900K .......... .......... .......... .......... .......... 63%  134M 0s
 25950K .......... .......... .......... .......... .......... 63%  244M 0s
 26000K .......... .......... .......... .......... .......... 63% 67,8M 0s
 26050K .......... .......... .......... .......... .......... 63%  536M 0s
 26100K .......... .......... .......... .......... .......... 63%  237M 0s
 26150K .......... .......... .......... .......... .......... 63%  165M 0s
 26200K .......... .......... .......... .......... .......... 63%  310M 0s
 26250K .......... .......... .......... .......... .......... 63%  521M 0s
 26300K .......... .......... .......... .......... .......... 64% 73,5M 0s
 26350K .......... .......... .......... .......... .......... 64%  513M 0s
 26400K .......... .......... .......... .......... .......... 64%  259M 0s
 26450K .......... .......... .......... .......... .......... 64%  262M 0s
 26500K .......... .......... .......... .......... .......... 64%  336M 0s
 26550K .......... .......... .......... .......... .......... 64%  151M 0s
 26600K .......... .......... .......... .......... .......... 64%  306M 0s
 26650K .......... .......... .......... .......... .......... 64%  213M 0s
 26700K .......... .......... .......... .......... .......... 65%  214M 0s
 26750K .......... .......... .......... .......... .......... 65%  493M 0s
 26800K .......... .......... .......... .......... .......... 65%  286M 0s
 26850K .......... .......... .......... .......... .......... 65%  275M 0s
 26900K .......... .......... .......... .......... .......... 65% 96,2M 0s
 26950K .......... .......... .......... .......... .......... 65%  529M 0s
 27000K .......... .......... .......... .......... .......... 65%  461M 0s
 27050K .......... .......... .......... .......... .......... 65%  247M 0s
 27100K .......... .......... .......... .......... .......... 66%  193M 0s
 27150K .......... .......... .......... .......... .......... 66%  329M 0s
 27200K .......... .......... .......... .......... .......... 66%  159M 0s
 27250K .......... .......... .......... .......... .......... 66%  335M 0s
 27300K .......... .......... .......... .......... .......... 66%  155M 0s
 27350K .......... .......... .......... .......... .......... 66%  167M 0s
 27400K .......... .......... .......... .......... .......... 66%  323M 0s
 27450K .......... .......... .......... .......... .......... 66%  542M 0s
 27500K .......... .......... .......... .......... .......... 66%  114M 0s
 27550K .......... .......... .......... .......... .......... 67%  133M 0s
 27600K .......... .......... .......... .......... .......... 67%  142M 0s
 27650K .......... .......... .......... .......... .......... 67%  512M 0s
 27700K .......... .......... .......... .......... .......... 67%  504M 0s
 27750K .......... .......... .......... .......... .......... 67%  341M 0s
 27800K .......... .......... .......... .......... .......... 67%  116M 0s
 27850K .......... .......... .......... .......... .......... 67%  533M 0s
 27900K .......... .......... .......... .......... .......... 67%  340M 0s
 27950K .......... .......... .......... .......... .......... 68% 98,3M 0s
 28000K .......... .......... .......... .......... .......... 68%  552M 0s
 28050K .......... .......... .......... .......... .......... 68%  286M 0s
 28100K .......... .......... .......... .......... .......... 68%  490M 0s
 28150K .......... .......... .......... .......... .......... 68%  156M 0s
 28200K .......... .......... .......... .......... .......... 68%  477M 0s
 28250K .......... .......... .......... .......... .......... 68% 85,9M 0s
 28300K .......... .......... .......... .......... .......... 68%  495M 0s
 28350K .......... .......... .......... .......... .......... 69%  138M 0s
 28400K .......... .......... .......... .......... .......... 69%  476M 0s
 28450K .......... .......... .......... .......... .......... 69%  574M 0s
 28500K .......... .......... .......... .......... .......... 69%  118M 0s
 28550K .......... .......... .......... .......... .......... 69%  518M 0s
 28600K .......... .......... .......... .......... .......... 69%  373M 0s
 28650K .......... .......... .......... .......... .......... 69%  320M 0s
 28700K .......... .......... .......... .......... .......... 69% 14,1M 0s
 28750K .......... .......... .......... .......... .......... 70% 64,5M 0s
 28800K .......... .......... .......... .......... .......... 70%  206M 0s
 28850K .......... .......... .......... .......... .......... 70%  101M 0s
 28900K .......... .......... .......... .......... .......... 70%  489M 0s
 28950K .......... .......... .......... .......... .......... 70% 85,8M 0s
 29000K .......... .......... .......... .......... .......... 70%  426M 0s
 29050K .......... .......... .......... .......... .......... 70% 81,2M 0s
 29100K .......... .......... .......... .......... .......... 70%  314M 0s
 29150K .......... .......... .......... .......... .......... 70%  193M 0s
 29200K .......... .......... .......... .......... .......... 71%  140M 0s
 29250K .......... .......... .......... .......... .......... 71%  101M 0s
 29300K .......... .......... .......... .......... .......... 71%  189M 0s
 29350K .......... .......... .......... .......... .......... 71%  346M 0s
 29400K .......... .......... .......... .......... .......... 71%  154M 0s
 29450K .......... .......... .......... .......... .......... 71%  215M 0s
 29500K .......... .......... .......... .......... .......... 71%  287M 0s
 29550K .......... .......... .......... .......... .......... 71%  137M 0s
 29600K .......... .......... .......... .......... .......... 72%  330M 0s
 29650K .......... .......... .......... .......... .......... 72%  285M 0s
 29700K .......... .......... .......... .......... .......... 72%  296M 0s
 29750K .......... .......... .......... .......... .......... 72%  229M 0s
 29800K .......... .......... .......... .......... .......... 72%  245M 0s
 29850K .......... .......... .......... .......... .......... 72%  239M 0s
 29900K .......... .......... .......... .......... .......... 72%  214M 0s
 29950K .......... .......... .......... .......... .......... 72%  479M 0s
 30000K .......... .......... .......... .......... .......... 73%  204M 0s
 30050K .......... .......... .......... .......... .......... 73%  541M 0s
 30100K .......... .......... .......... .......... .......... 73%  191M 0s
 30150K .......... .......... .......... .......... .......... 73%  316M 0s
 30200K .......... .......... .......... .......... .......... 73%  272M 0s
 30250K .......... .......... .......... .......... .......... 73%  164M 0s
 30300K .......... .......... .......... .......... .......... 73%  298M 0s
 30350K .......... .......... .......... .......... .......... 73%  240M 0s
 30400K .......... .......... .......... .......... .......... 74%  194M 0s
 30450K .......... .......... .......... .......... .......... 74%  164M 0s
 30500K .......... .......... .......... .......... .......... 74%  112M 0s
 30550K .......... .......... .......... .......... .......... 74%  466M 0s
 30600K .......... .......... .......... .......... .......... 74%  152M 0s
 30650K .......... .......... .......... .......... .......... 74%  517M 0s
 30700K .......... .......... .......... .......... .......... 74%  184M 0s
 30750K .......... .......... .......... .......... .......... 74%  504M 0s
 30800K .......... .......... .......... .......... .......... 74%  212M 0s
 30850K .......... .......... .......... .......... .......... 75%  118M 0s
 30900K .......... .......... .......... .......... .......... 75%  176M 0s
 30950K .......... .......... .......... .......... .......... 75%  239M 0s
 31000K .......... .......... .......... .......... .......... 75%  484M 0s
 31050K .......... .......... .......... .......... .......... 75%  143M 0s
 31100K .......... .......... .......... .......... .......... 75%  195M 0s
 31150K .......... .......... .......... .......... .......... 75%  256M 0s
 31200K .......... .......... .......... .......... .......... 75%  220M 0s
 31250K .......... .......... .......... .......... .......... 76%  147M 0s
 31300K .......... .......... .......... .......... .......... 76%  499M 0s
 31350K .......... .......... .......... .......... .......... 76%  183M 0s
 31400K .......... .......... .......... .......... .......... 76%  540M 0s
 31450K .......... .......... .......... .......... .......... 76%  196M 0s
 31500K .......... .......... .......... .......... .......... 76%  267M 0s
 31550K .......... .......... .......... .......... .......... 76%  282M 0s
 31600K .......... .......... .......... .......... .......... 76%  322M 0s
 31650K .......... .......... .......... .......... .......... 77% 15,8M 0s
 31700K .......... .......... .......... .......... .......... 77% 25,7M 0s
 31750K .......... .......... .......... .......... .......... 77%  543M 0s
 31800K .......... .......... .......... .......... .......... 77%  218M 0s
 31850K .......... .......... .......... .......... .......... 77%  528M 0s
 31900K .......... .......... .......... .......... .......... 77%  469M 0s
 31950K .......... .......... .......... .......... .......... 77%  245M 0s
 32000K .......... .......... .......... .......... .......... 77%  434M 0s
 32050K .......... .......... .......... .......... .......... 78%  242M 0s
 32100K .......... .......... .......... .......... .......... 78% 87,4M 0s
 32150K .......... .......... .......... .......... .......... 78%  121M 0s
 32200K .......... .......... .......... .......... .......... 78%  259M 0s
 32250K .......... .......... .......... .......... .......... 78%  273M 0s
 32300K .......... .......... .......... .......... .......... 78% 96,8M 0s
 32350K .......... .......... .......... .......... .......... 78%  325M 0s
 32400K .......... .......... .......... .......... .......... 78%  154M 0s
 32450K .......... .......... .......... .......... .......... 79%  507M 0s
 32500K .......... .......... .......... .......... .......... 79%  169M 0s
 32550K .......... .......... .......... .......... .......... 79%  186M 0s
 32600K .......... .......... .......... .......... .......... 79%  101M 0s
 32650K .......... .......... .......... .......... .......... 79%  453M 0s
 32700K .......... .......... .......... .......... .......... 79%  322M 0s
 32750K .......... .......... .......... .......... .......... 79%  332M 0s
 32800K .......... .......... .......... .......... .......... 79%  480M 0s
 32850K .......... .......... .......... .......... .......... 79%  195M 0s
 32900K .......... .......... .......... .......... .......... 80%  467M 0s
 32950K .......... .......... .......... .......... .......... 80%  117M 0s
 33000K .......... .......... .......... .......... .......... 80%  450M 0s
 33050K .......... .......... .......... .......... .......... 80%  240M 0s
 33100K .......... .......... .......... .......... .......... 80%  307M 0s
 33150K .......... .......... .......... .......... .......... 80%  300M 0s
 33200K .......... .......... .......... .......... .......... 80%  139M 0s
 33250K .......... .......... .......... .......... .......... 80%  525M 0s
 33300K .......... .......... .......... .......... .......... 81%  147M 0s
 33350K .......... .......... .......... .......... .......... 81%  396M 0s
 33400K .......... .......... .......... .......... .......... 81%  349M 0s
 33450K .......... .......... .......... .......... .......... 81%  327M 0s
 33500K .......... .......... .......... .......... .......... 81%  125M 0s
 33550K .......... .......... .......... .......... .......... 81%  152M 0s
 33600K .......... .......... .......... .......... .......... 81%  120M 0s
 33650K .......... .......... .......... .......... .......... 81%  543M 0s
 33700K .......... .......... .......... .......... .......... 82%  307M 0s
 33750K .......... .......... .......... .......... .......... 82%  281M 0s
 33800K .......... .......... .......... .......... .......... 82%  291M 0s
 33850K .......... .......... .......... .......... .......... 82%  107M 0s
 33900K .......... .......... .......... .......... .......... 82%  417M 0s
 33950K .......... .......... .......... .......... .......... 82%  215M 0s
 34000K .......... .......... .......... .......... .......... 82%  337M 0s
 34050K .......... .......... .......... .......... .......... 82%  124M 0s
 34100K .......... .......... .......... .......... .......... 83%  232M 0s
 34150K .......... .......... .......... .......... .......... 83%  223M 0s
 34200K .......... .......... .......... .......... .......... 83%  221M 0s
 34250K .......... .......... .......... .......... .......... 83%  136M 0s
 34300K .......... .......... .......... .......... .......... 83%  287M 0s
 34350K .......... .......... .......... .......... .......... 83%  107M 0s
 34400K .......... .......... .......... .......... .......... 83%  555M 0s
 34450K .......... .......... .......... .......... .......... 83%  300M 0s
 34500K .......... .......... .......... .......... .......... 83%  311M 0s
 34550K .......... .......... .......... .......... .......... 84%  248M 0s
 34600K .......... .......... .......... .......... .......... 84%  218M 0s
 34650K .......... .......... .......... .......... .......... 84%  235M 0s
 34700K .......... .......... .......... .......... .......... 84% 11,5M 0s
 34750K .......... .......... .......... .......... .......... 84% 99,6M 0s
 34800K .......... .......... .......... .......... .......... 84%  251M 0s
 34850K .......... .......... .......... .......... .......... 84%  272M 0s
 34900K .......... .......... .......... .......... .......... 84%  272M 0s
 34950K .......... .......... .......... .......... .......... 85%  226M 0s
 35000K .......... .......... .......... .......... .......... 85%  235M 0s
 35050K .......... .......... .......... .......... .......... 85%  486M 0s
 35100K .......... .......... .......... .......... .......... 85%  121M 0s
 35150K .......... .......... .......... .......... .......... 85%  140M 0s
 35200K .......... .......... .......... .......... .......... 85%  477M 0s
 35250K .......... .......... .......... .......... .......... 85%  145M 0s
 35300K .......... .......... .......... .......... .......... 85%  142M 0s
 35350K .......... .......... .......... .......... .......... 86%  328M 0s
 35400K .......... .......... .......... .......... .......... 86%  328M 0s
 35450K .......... .......... .......... .......... .......... 86%  220M 0s
 35500K .......... .......... .......... .......... .......... 86%  144M 0s
 35550K .......... .......... .......... .......... .......... 86%  196M 0s
 35600K .......... .......... .......... .......... .......... 86%  455M 0s
 35650K .......... .......... .......... .......... .......... 86%  108M 0s
 35700K .......... .......... .......... .......... .......... 86%  243M 0s
 35750K .......... .......... .......... .......... .......... 87%  178M 0s
 35800K .......... .......... .......... .......... .......... 87%  150M 0s
 35850K .......... .......... .......... .......... .......... 87%  112M 0s
 35900K .......... .......... .......... .......... .......... 87%  547M 0s
 35950K .......... .......... .......... .......... .......... 87%  295M 0s
 36000K .......... .......... .......... .......... .......... 87%  185M 0s
 36050K .......... .......... .......... .......... .......... 87%  130M 0s
 36100K .......... .......... .......... .......... .......... 87%  326M 0s
 36150K .......... .......... .......... .......... .......... 88%  126M 0s
 36200K .......... .......... .......... .......... .......... 88%  435M 0s
 36250K .......... .......... .......... .......... .......... 88%  138M 0s
 36300K .......... .......... .......... .......... .......... 88%  129M 0s
 36350K .......... .......... .......... .......... .......... 88%  435M 0s
 36400K .......... .......... .......... .......... .......... 88%  288M 0s
 36450K .......... .......... .......... .......... .......... 88%  243M 0s
 36500K .......... .......... .......... .......... .......... 88%  444M 0s
 36550K .......... .......... .......... .......... .......... 88%  160M 0s
 36600K .......... .......... .......... .......... .......... 89%  302M 0s
 36650K .......... .......... .......... .......... .......... 89%  168M 0s
 36700K .......... .......... .......... .......... .......... 89%  448M 0s
 36750K .......... .......... .......... .......... .......... 89%  369M 0s
 36800K .......... .......... .......... .......... .......... 89%  389M 0s
 36850K .......... .......... .......... .......... .......... 89%  277M 0s
 36900K .......... .......... .......... .......... .......... 89%  343M 0s
 36950K .......... .......... .......... .......... .......... 89%  310M 0s
 37000K .......... .......... .......... .......... .......... 90%  299M 0s
 37050K .......... .......... .......... .......... .......... 90%  264M 0s
 37100K .......... .......... .......... .......... .......... 90%  330M 0s
 37150K .......... .......... .......... .......... .......... 90%  163M 0s
 37200K .......... .......... .......... .......... .......... 90%  326M 0s
 37250K .......... .......... .......... .......... .......... 90%  312M 0s
 37300K .......... .......... .......... .......... .......... 90% 34,4M 0s
 37350K .......... .......... .......... .......... .......... 90%  128M 0s
 37400K .......... .......... .......... .......... .......... 91%  181M 0s
 37450K .......... .......... .......... .......... .......... 91%  329M 0s
 37500K .......... .......... .......... .......... .......... 91%  336M 0s
 37550K .......... .......... .......... .......... .......... 91%  183M 0s
 37600K .......... .......... .......... .......... .......... 91%  477M 0s
 37650K .......... .......... .......... .......... .......... 91%  321M 0s
 37700K .......... .......... .......... .......... .......... 91% 32,2M 0s
 37750K .......... .......... .......... .......... .......... 91% 28,3M 0s
 37800K .......... .......... .......... .......... .......... 92% 76,1M 0s
 37850K .......... .......... .......... .......... .......... 92%  179M 0s
 37900K .......... .......... .......... .......... .......... 92%  344M 0s
 37950K .......... .......... .......... .......... .......... 92%  185M 0s
 38000K .......... .......... .......... .......... .......... 92%  253M 0s
 38050K .......... .......... .......... .......... .......... 92%  221M 0s
 38100K .......... .......... .......... .......... .......... 92%  131M 0s
 38150K .......... .......... .......... .......... .......... 92%  175M 0s
 38200K .......... .......... .......... .......... .......... 92%  341M 0s
 38250K .......... .......... .......... .......... .......... 93%  248M 0s
 38300K .......... .......... .......... .......... .......... 93%  330M 0s
 38350K .......... .......... .......... .......... .......... 93%  117M 0s
 38400K .......... .......... .......... .......... .......... 93%  193M 0s
 38450K .......... .......... .......... .......... .......... 93%  518M 0s
 38500K .......... .......... .......... .......... .......... 93%  234M 0s
 38550K .......... .......... .......... .......... .......... 93%  101M 0s
 38600K .......... .......... .......... .......... .......... 93%  317M 0s
 38650K .......... .......... .......... .......... .......... 94%  295M 0s
 38700K .......... .......... .......... .......... .......... 94%  192M 0s
 38750K .......... .......... .......... .......... .......... 94%  112M 0s
 38800K .......... .......... .......... .......... .......... 94%  240M 0s
 38850K .......... .......... .......... .......... .......... 94% 83,8M 0s
 38900K .......... .......... .......... .......... .......... 94%  446M 0s
 38950K .......... .......... .......... .......... .......... 94%  225M 0s
 39000K .......... .......... .......... .......... .......... 94%  321M 0s
 39050K .......... .......... .......... .......... .......... 95%  192M 0s
 39100K .......... .......... .......... .......... .......... 95%  151M 0s
 39150K .......... .......... .......... .......... .......... 95%  160M 0s
 39200K .......... .......... .......... .......... .......... 95%  334M 0s
 39250K .......... .......... .......... .......... .......... 95%  164M 0s
 39300K .......... .......... .......... .......... .......... 95%  144M 0s
 39350K .......... .......... .......... .......... .......... 95%  265M 0s
 39400K .......... .......... .......... .......... .......... 95%  114M 0s
 39450K .......... .......... .......... .......... .......... 96%  389M 0s
 39500K .......... .......... .......... .......... .......... 96%  256M 0s
 39550K .......... .......... .......... .......... .......... 96%  326M 0s
 39600K .......... .......... .......... .......... .......... 96%  334M 0s
 39650K .......... .......... .......... .......... .......... 96%  260M 0s
 39700K .......... .......... .......... .......... .......... 96%  265M 0s
 39750K .......... .......... .......... .......... .......... 96%  128M 0s
 39800K .......... .......... .......... .......... .......... 96%  295M 0s
 39850K .......... .......... .......... .......... .......... 96%  401M 0s
 39900K .......... .......... .......... .......... .......... 97%  491M 0s
 39950K .......... .......... .......... .......... .......... 97%  489M 0s
 40000K .......... .......... .......... .......... .......... 97%  162M 0s
 40050K .......... .......... .......... .......... .......... 97%  525M 0s
 40100K .......... .......... .......... .......... .......... 97%  114M 0s
 40150K .......... .......... .......... .......... .......... 97%  214M 0s
 40200K .......... .......... .......... .......... .......... 97%  419M 0s
 40250K .......... .......... .......... .......... .......... 97% 70,3M 0s
 40300K .......... .......... .......... .......... .......... 98%  158M 0s
 40350K .......... .......... .......... .......... .......... 98%  334M 0s
 40400K .......... .......... .......... .......... .......... 98% 80,7M 0s
 40450K .......... .......... .......... .......... .......... 98%  322M 0s
 40500K .......... .......... .......... .......... .......... 98%  183M 0s
 40550K .......... .......... .......... .......... .......... 98%  544M 0s
 40600K .......... .......... .......... .......... .......... 98%  211M 0s
 40650K .......... .......... .......... .......... .......... 98%  204M 0s
 40700K .......... .......... .......... .......... .......... 99%  323M 0s
 40750K .......... .......... .......... .......... .......... 99% 44,1M 0s
 40800K .......... .......... .......... .......... .......... 99% 17,1M 0s
 40850K .......... .......... .......... .......... .......... 99%  232M 0s
 40900K .......... .......... .......... .......... .......... 99%  321M 0s
 40950K .......... .......... .......... .......... .......... 99%  361M 0s
 41000K .......... .......... .......... .......... .......... 99%  164M 0s
 41050K .......... .......... .......... .......... .......... 99%  557M 0s
 41100K .......... .......... .......... ......               100%  417M=0,3s

2025-05-24 00:18:37 (118 MB/s) - “dataset/train.json” guardado [42123633/42123633]

--2025-05-24 00:18:38--  https://rajpurkar.github.io/SQuAD-explorer/dataset/dev-v2.0.json
Resolviendo rajpurkar.github.io... 185.199.109.153, 185.199.110.153, 185.199.111.153, ...
Conectando con rajpurkar.github.io[185.199.109.153]:443... conectado.
Petición HTTP enviada, esperando respuesta... 200 OK
Longitud: 4370528 (4,2M) [application/json]
Grabando a: “dataset/dev.json”

     0K .......... .......... .......... .......... ..........  1% 2,23M 2s
    50K .......... .......... .......... .......... ..........  2% 8,79M 1s
   100K .......... .......... .......... .......... ..........  3% 4,27M 1s
   150K .......... .......... .......... .......... ..........  4% 14,8M 1s
   200K .......... .......... .......... .......... ..........  5% 14,4M 1s
   250K .......... .......... .......... .......... ..........  7% 5,65M 1s
   300K .......... .......... .......... .......... ..........  8% 19,2M 1s
   350K .......... .......... .......... .......... ..........  9% 20,8M 1s
   400K .......... .......... .......... .......... .......... 10% 26,3M 1s
   450K .......... .......... .......... .......... .......... 11% 26,6M 0s
   500K .......... .......... .......... .......... .......... 12% 63,2M 0s
   550K .......... .......... .......... .......... .......... 14% 6,49M 0s
   600K .......... .......... .......... .......... .......... 15% 27,4M 0s
   650K .......... .......... .......... .......... .......... 16% 58,0M 0s
   700K .......... .......... .......... .......... .......... 17% 21,6M 0s
   750K .......... .......... .......... .......... .......... 18% 97,5M 0s
   800K .......... .......... .......... .......... .......... 19% 97,9M 0s
   850K .......... .......... .......... .......... .......... 21% 29,5M 0s
   900K .......... .......... .......... .......... .......... 22% 54,8M 0s
   950K .......... .......... .......... .......... .......... 23% 89,7M 0s
  1000K .......... .......... .......... .......... .......... 24% 85,1M 0s
  1050K .......... .......... .......... .......... .......... 25% 65,0M 0s
  1100K .......... .......... .......... .......... .......... 26% 7,21M 0s
  1150K .......... .......... .......... .......... .......... 28% 73,2M 0s
  1200K .......... .......... .......... .......... .......... 29%  377M 0s
  1250K .......... .......... .......... .......... .......... 30% 35,1M 0s
  1300K .......... .......... .......... .......... .......... 31%  131M 0s
  1350K .......... .......... .......... .......... .......... 32% 63,0M 0s
  1400K .......... .......... .......... .......... .......... 33% 77,7M 0s
  1450K .......... .......... .......... .......... .......... 35% 33,8M 0s
  1500K .......... .......... .......... .......... .......... 36%  303M 0s
  1550K .......... .......... .......... .......... .......... 37%  186M 0s
  1600K .......... .......... .......... .......... .......... 38% 66,1M 0s
  1650K .......... .......... .......... .......... .......... 39% 86,0M 0s
  1700K .......... .......... .......... .......... .......... 41%  461M 0s
  1750K .......... .......... .......... .......... .......... 42% 48,1M 0s
  1800K .......... .......... .......... .......... .......... 43%  181M 0s
  1850K .......... .......... .......... .......... .......... 44% 66,7M 0s
  1900K .......... .......... .......... .......... .......... 45%  143M 0s
  1950K .......... .......... .......... .......... .......... 46%  436M 0s
  2000K .......... .......... .......... .......... .......... 48% 99,4M 0s
  2050K .......... .......... .......... .......... .......... 49% 93,8M 0s
  2100K .......... .......... .......... .......... .......... 50% 96,4M 0s
  2150K .......... .......... .......... .......... .......... 51%  446M 0s
  2200K .......... .......... .......... .......... .......... 52%  106M 0s
  2250K .......... .......... .......... .......... .......... 53% 8,43M 0s
  2300K .......... .......... .......... .......... .......... 55%  142M 0s
  2350K .......... .......... .......... .......... .......... 56%  133M 0s
  2400K .......... .......... .......... .......... .......... 57%  301M 0s
  2450K .......... .......... .......... .......... .......... 58%  108M 0s
  2500K .......... .......... .......... .......... .......... 59% 53,8M 0s
  2550K .......... .......... .......... .......... .......... 60%  248M 0s
  2600K .......... .......... .......... .......... .......... 62%  114M 0s
  2650K .......... .......... .......... .......... .......... 63%  341M 0s
  2700K .......... .......... .......... .......... .......... 64%  183M 0s
  2750K .......... .......... .......... .......... .......... 65%  112M 0s
  2800K .......... .......... .......... .......... .......... 66%  160M 0s
  2850K .......... .......... .......... .......... .......... 67%  456M 0s
  2900K .......... .......... .......... .......... .......... 69%  119M 0s
  2950K .......... .......... .......... .......... .......... 70%  150M 0s
  3000K .......... .......... .......... .......... .......... 71% 68,4M 0s
  3050K .......... .......... .......... .......... .......... 72%  262M 0s
  3100K .......... .......... .......... .......... .......... 73%  190M 0s
  3150K .......... .......... .......... .......... .......... 74%  360M 0s
  3200K .......... .......... .......... .......... .......... 76%  116M 0s
  3250K .......... .......... .......... .......... .......... 77%  162M 0s
  3300K .......... .......... .......... .......... .......... 78%  214M 0s
  3350K .......... .......... .......... .......... .......... 79%  138M 0s
  3400K .......... .......... .......... .......... .......... 80%  434M 0s
  3450K .......... .......... .......... .......... .......... 82%  175M 0s
  3500K .......... .......... .......... .......... .......... 83% 71,5M 0s
  3550K .......... .......... .......... .......... .......... 84%  380M 0s
  3600K .......... .......... .......... .......... .......... 85%  290M 0s
  3650K .......... .......... .......... .......... .......... 86%  331M 0s
  3700K .......... .......... .......... .......... .......... 87%  179M 0s
  3750K .......... .......... .......... .......... .......... 89%  215M 0s
  3800K .......... .......... .......... .......... .......... 90%  163M 0s
  3850K .......... .......... .......... .......... .......... 91%  532M 0s
  3900K .......... .......... .......... .......... .......... 92%  184M 0s
  3950K .......... .......... .......... .......... .......... 93%  184M 0s
  4000K .......... .......... .......... .......... .......... 94%  159M 0s
  4050K .......... .......... .......... .......... .......... 96%  427M 0s
  4100K .......... .......... .......... .......... .......... 97%  287M 0s
  4150K .......... .......... .......... .......... .......... 98%  233M 0s
  4200K .......... .......... .......... .......... .......... 99%  294M 0s
  4250K .......... ........                                   100%  738M=0,1s

2025-05-24 00:18:39 (35,6 MB/s) - “dataset/dev.json” guardado [4370528/4370528]

Some weights of the model checkpoint at bert-base-uncased were not used when initializing BertForQuestionAnswering: ['cls.predictions.transform.dense.bias', 'cls.predictions.decoder.weight', 'cls.predictions.transform.LayerNorm.weight', 'cls.predictions.transform.LayerNorm.bias', 'cls.predictions.transform.dense.weight', 'cls.seq_relationship.weight', 'cls.seq_relationship.bias', 'cls.predictions.bias']
- This IS expected if you are initializing BertForQuestionAnswering from the checkpoint of a model trained on another task or with another architecture (e.g. initializing a BertForSequenceClassification model from a BertForPreTraining model).
- This IS NOT expected if you are initializing BertForQuestionAnswering from the checkpoint of a model that you expect to be exactly identical (initializing a BertForSequenceClassification model from a BertForSequenceClassification model).
Some weights of BertForQuestionAnswering were not initialized from the model checkpoint at bert-base-uncased and are newly initialized: ['qa_outputs.bias', 'qa_outputs.weight']
You should probably TRAIN this model on a down-stream task to be able to use it for predictions and inference.
Train size: 86821
Val size: 20302
Example:
Passage: Beyoncé Giselle Knowles-Carter (/biːˈjɒnseɪ/ bee-YON-say) (born September 4, 1981) is an American singer, songwriter, record producer and actress. Born and raised in Houston, Texas, she performed in various singing and dancing competitions as a child, and rose to fame in the late 1990s as lead singer of R&B girl-group Destiny's Child. Managed by her father, Mathew Knowles, the group became one of the world's best-selling girl groups of all time. Their hiatus saw the release of Beyoncé's debut album, Dangerously in Love (2003), which established her as a solo artist worldwide, earned five Grammy Awards and featured the Billboard Hot 100 number-one singles "Crazy in Love" and "Baby Boy".
Question: When did Beyonce start becoming popular?
Answer: {'text': 'in the late 1990s', 'answer_start': 269}
Answers skipped due to truncation: 2
Answers skipped due to truncation: 0
Using device: cuda:0

Epoch 1 - Training:   0%|          | 0/1250 [00:00<?, ?it/s]
Epoch 1 - Training:   0%|          | 1/1250 [00:35<12:27:51, 35.93s/it]
Epoch 1 - Training:   0%|          | 2/1250 [00:36<5:10:33, 14.93s/it] 
Epoch 1 - Training:   0%|          | 3/1250 [00:36<2:50:33,  8.21s/it]
Epoch 1 - Training:   0%|          | 4/1250 [00:36<1:44:47,  5.05s/it]
Epoch 1 - Training:   0%|          | 5/1250 [00:36<1:08:27,  3.30s/it]
Epoch 1 - Training:   0%|          | 6/1250 [00:36<46:36,  2.25s/it]  
Epoch 1 - Training:   1%|          | 7/1250 [00:37<32:42,  1.58s/it]
Epoch 1 - Training:   1%|          | 8/1250 [00:37<23:36,  1.14s/it]
Epoch 1 - Training:   1%|          | 9/1250 [00:37<17:31,  1.18it/s]
Epoch 1 - Training:   1%|          | 10/1250 [00:37<13:23,  1.54it/s]
Epoch 1 - Training:   1%|          | 11/1250 [00:37<10:36,  1.95it/s]
Epoch 1 - Training:   1%|          | 12/1250 [00:38<08:37,  2.39it/s]
Epoch 1 - Training:   1%|          | 13/1250 [00:38<07:16,  2.83it/s]
Epoch 1 - Training:   1%|          | 14/1250 [00:38<06:19,  3.25it/s]
Epoch 1 - Training:   1%|          | 15/1250 [00:38<05:40,  3.63it/s]
Epoch 1 - Training:   1%|▏         | 16/1250 [00:39<05:14,  3.92it/s]
Epoch 1 - Training:   1%|▏         | 17/1250 [00:39<04:54,  4.18it/s]
Epoch 1 - Training:   1%|▏         | 18/1250 [00:39<04:40,  4.38it/s]
Epoch 1 - Training:   2%|▏         | 19/1250 [00:39<04:31,  4.54it/s]
Epoch 1 - Training:   2%|▏         | 20/1250 [00:39<04:24,  4.65it/s]
Epoch 1 - Training:   2%|▏         | 21/1250 [00:40<04:21,  4.71it/s]
Epoch 1 - Training:   2%|▏         | 22/1250 [00:40<04:17,  4.77it/s]
Epoch 1 - Training:   2%|▏         | 23/1250 [00:40<04:14,  4.81it/s]
Epoch 1 - Training:   2%|▏         | 24/1250 [00:40<04:13,  4.85it/s]
Epoch 1 - Training:   2%|▏         | 25/1250 [00:40<04:11,  4.88it/s]
Epoch 1 - Training:   2%|▏         | 26/1250 [00:41<04:11,  4.86it/s]
Epoch 1 - Training:   2%|▏         | 27/1250 [00:41<04:10,  4.88it/s]
Epoch 1 - Training:   2%|▏         | 28/1250 [00:41<04:09,  4.89it/s]
Epoch 1 - Training:   2%|▏         | 29/1250 [00:41<04:08,  4.90it/s]
Epoch 1 - Training:   2%|▏         | 30/1250 [00:41<04:08,  4.91it/s]
Epoch 1 - Training:   2%|▏         | 31/1250 [00:42<04:10,  4.88it/s]
Epoch 1 - Training:   3%|▎         | 32/1250 [00:42<04:08,  4.90it/s]
Epoch 1 - Training:   3%|▎         | 33/1250 [00:42<04:07,  4.91it/s]
Epoch 1 - Training:   3%|▎         | 34/1250 [00:42<04:06,  4.92it/s]
Epoch 1 - Training:   3%|▎         | 35/1250 [00:42<04:06,  4.93it/s]
Epoch 1 - Training:   3%|▎         | 36/1250 [00:43<04:07,  4.90it/s]
Epoch 1 - Training:   3%|▎         | 37/1250 [00:43<04:07,  4.91it/s]
Epoch 1 - Training:   3%|▎         | 38/1250 [00:43<04:06,  4.91it/s]
Epoch 1 - Training:   3%|▎         | 39/1250 [00:43<04:05,  4.92it/s]
Epoch 1 - Training:   3%|▎         | 40/1250 [00:43<04:05,  4.92it/s]
Epoch 1 - Training:   3%|▎         | 41/1250 [00:44<04:07,  4.89it/s]
Epoch 1 - Training:   3%|▎         | 42/1250 [00:44<04:06,  4.90it/s]
Epoch 1 - Training:   3%|▎         | 43/1250 [00:44<04:05,  4.91it/s]
Epoch 1 - Training:   4%|▎         | 44/1250 [00:44<04:05,  4.91it/s]
Epoch 1 - Training:   4%|▎         | 45/1250 [00:44<04:05,  4.91it/s]
Epoch 1 - Training:   4%|▎         | 46/1250 [00:45<04:06,  4.89it/s]
Epoch 1 - Training:   4%|▍         | 47/1250 [00:45<04:05,  4.89it/s]
Epoch 1 - Training:   4%|▍         | 48/1250 [00:45<04:05,  4.90it/s]
Epoch 1 - Training:   4%|▍         | 49/1250 [00:45<04:05,  4.90it/s]
Epoch 1 - Training:   4%|▍         | 50/1250 [00:45<04:04,  4.91it/s]
Epoch 1 - Training:   4%|▍         | 51/1250 [00:46<04:05,  4.88it/s]
Epoch 1 - Training:   4%|▍         | 52/1250 [00:46<04:04,  4.89it/s]
Epoch 1 - Training:   4%|▍         | 53/1250 [00:46<04:04,  4.90it/s]
Epoch 1 - Training:   4%|▍         | 54/1250 [00:46<04:03,  4.90it/s]
Epoch 1 - Training:   4%|▍         | 55/1250 [00:46<04:03,  4.91it/s]
Epoch 1 - Training:   4%|▍         | 56/1250 [00:47<04:04,  4.88it/s]
Epoch 1 - Training:   5%|▍         | 57/1250 [00:47<04:03,  4.89it/s]
Epoch 1 - Training:   5%|▍         | 58/1250 [00:47<04:03,  4.89it/s]
Epoch 1 - Training:   5%|▍         | 59/1250 [00:47<04:03,  4.90it/s]
Epoch 1 - Training:   5%|▍         | 60/1250 [00:47<04:02,  4.90it/s]
Epoch 1 - Training:   5%|▍         | 61/1250 [00:48<04:03,  4.88it/s]
Epoch 1 - Training:   5%|▍         | 62/1250 [00:48<04:03,  4.89it/s]
Epoch 1 - Training:   5%|▌         | 63/1250 [00:48<04:02,  4.89it/s]
Epoch 1 - Training:   5%|▌         | 64/1250 [00:48<04:02,  4.89it/s]
Epoch 1 - Training:   5%|▌         | 65/1250 [00:48<04:01,  4.90it/s]
Epoch 1 - Training:   5%|▌         | 66/1250 [00:49<04:03,  4.87it/s]
Epoch 1 - Training:   5%|▌         | 67/1250 [00:49<04:01,  4.90it/s]
Epoch 1 - Training:   5%|▌         | 68/1250 [00:49<04:00,  4.91it/s]
Epoch 1 - Training:   6%|▌         | 69/1250 [00:49<04:00,  4.92it/s]
Epoch 1 - Training:   6%|▌         | 70/1250 [00:50<03:59,  4.92it/s]
Epoch 1 - Training:   6%|▌         | 71/1250 [00:50<04:00,  4.89it/s]
Epoch 1 - Training:   6%|▌         | 72/1250 [00:50<04:00,  4.90it/s]
Epoch 1 - Training:   6%|▌         | 73/1250 [00:50<03:59,  4.90it/s]
Epoch 1 - Training:   6%|▌         | 74/1250 [00:50<03:59,  4.91it/s]
Epoch 1 - Training:   6%|▌         | 75/1250 [00:51<03:59,  4.91it/s]
Epoch 1 - Training:   6%|▌         | 76/1250 [00:51<04:00,  4.88it/s]
Epoch 1 - Training:   6%|▌         | 77/1250 [00:51<03:59,  4.90it/s]
Epoch 1 - Training:   6%|▌         | 78/1250 [00:51<03:59,  4.90it/s]
Epoch 1 - Training:   6%|▋         | 79/1250 [00:51<03:58,  4.91it/s]
Epoch 1 - Training:   6%|▋         | 80/1250 [00:52<03:58,  4.92it/s]
Epoch 1 - Training:   6%|▋         | 81/1250 [00:52<03:59,  4.88it/s]
Epoch 1 - Training:   7%|▋         | 82/1250 [00:52<03:58,  4.89it/s]
Epoch 1 - Training:   7%|▋         | 83/1250 [00:52<03:58,  4.89it/s]
Epoch 1 - Training:   7%|▋         | 84/1250 [00:52<03:58,  4.89it/s]
Epoch 1 - Training:   7%|▋         | 85/1250 [00:53<03:57,  4.90it/s]
Epoch 1 - Training:   7%|▋         | 86/1250 [00:53<03:58,  4.87it/s]
Epoch 1 - Training:   7%|▋         | 87/1250 [00:53<03:57,  4.89it/s]
Epoch 1 - Training:   7%|▋         | 88/1250 [00:53<03:57,  4.90it/s]
Epoch 1 - Training:   7%|▋         | 89/1250 [00:53<03:56,  4.91it/s]
Epoch 1 - Training:   7%|▋         | 90/1250 [00:54<03:55,  4.92it/s]
Epoch 1 - Training:   7%|▋         | 91/1250 [00:54<03:57,  4.89it/s]
Epoch 1 - Training:   7%|▋         | 92/1250 [00:54<03:56,  4.89it/s]
Epoch 1 - Training:   7%|▋         | 93/1250 [00:54<03:56,  4.89it/s]
Epoch 1 - Training:   8%|▊         | 94/1250 [00:54<03:56,  4.89it/s]
Epoch 1 - Training:   8%|▊         | 95/1250 [00:55<03:55,  4.89it/s]
Epoch 1 - Training:   8%|▊         | 96/1250 [00:55<03:57,  4.86it/s]
Epoch 1 - Training:   8%|▊         | 97/1250 [00:55<03:56,  4.87it/s]
Epoch 1 - Training:   8%|▊         | 98/1250 [00:55<03:56,  4.88it/s]
Epoch 1 - Training:   8%|▊         | 99/1250 [00:55<03:55,  4.88it/s]
Epoch 1 - Training:   8%|▊         | 100/1250 [00:56<03:55,  4.89it/s]
Epoch 1 - Training:   8%|▊         | 101/1250 [00:56<03:56,  4.86it/s]
Epoch 1 - Training:   8%|▊         | 102/1250 [00:56<03:55,  4.87it/s]
Epoch 1 - Training:   8%|▊         | 103/1250 [00:56<03:55,  4.88it/s]
Epoch 1 - Training:   8%|▊         | 104/1250 [00:56<03:54,  4.88it/s]
Epoch 1 - Training:   8%|▊         | 105/1250 [00:57<03:54,  4.89it/s]
Epoch 1 - Training:   8%|▊         | 106/1250 [00:57<03:55,  4.86it/s]
Epoch 1 - Training:   9%|▊         | 107/1250 [00:57<03:54,  4.88it/s]
Epoch 1 - Training:   9%|▊         | 108/1250 [00:57<03:53,  4.89it/s]
Epoch 1 - Training:   9%|▊         | 109/1250 [00:57<03:53,  4.88it/s]
Epoch 1 - Training:   9%|▉         | 110/1250 [00:58<03:53,  4.89it/s]
Epoch 1 - Training:   9%|▉         | 111/1250 [00:58<03:54,  4.86it/s]
Epoch 1 - Training:   9%|▉         | 112/1250 [00:58<03:53,  4.87it/s]
Epoch 1 - Training:   9%|▉         | 113/1250 [00:58<03:53,  4.88it/s]
Epoch 1 - Training:   9%|▉         | 114/1250 [00:59<03:52,  4.88it/s]
Epoch 1 - Training:   9%|▉         | 115/1250 [00:59<03:52,  4.89it/s]
Epoch 1 - Training:   9%|▉         | 116/1250 [00:59<03:53,  4.86it/s]
Epoch 1 - Training:   9%|▉         | 117/1250 [00:59<03:52,  4.87it/s]
Epoch 1 - Training:   9%|▉         | 118/1250 [00:59<03:51,  4.88it/s]
Epoch 1 - Training:  10%|▉         | 119/1250 [01:00<03:51,  4.89it/s]
Epoch 1 - Training:  10%|▉         | 120/1250 [01:00<03:50,  4.90it/s]
Epoch 1 - Training:  10%|▉         | 121/1250 [01:00<03:51,  4.87it/s]
Epoch 1 - Training:  10%|▉         | 122/1250 [01:00<03:51,  4.88it/s]
Epoch 1 - Training:  10%|▉         | 123/1250 [01:00<03:51,  4.88it/s]
Epoch 1 - Training:  10%|▉         | 124/1250 [01:01<03:50,  4.88it/s]
Epoch 1 - Training:  10%|█         | 125/1250 [01:01<03:49,  4.89it/s]
Epoch 1 - Training:  10%|█         | 126/1250 [01:01<03:50,  4.87it/s]
Epoch 1 - Training:  10%|█         | 127/1250 [01:01<03:50,  4.87it/s]
Epoch 1 - Training:  10%|█         | 128/1250 [01:01<03:50,  4.88it/s]
Epoch 1 - Training:  10%|█         | 129/1250 [01:02<03:49,  4.89it/s]
Epoch 1 - Training:  10%|█         | 130/1250 [01:02<03:48,  4.90it/s]
Epoch 1 - Training:  10%|█         | 131/1250 [01:02<03:49,  4.87it/s]
Epoch 1 - Training:  11%|█         | 132/1250 [01:02<03:49,  4.88it/s]
Epoch 1 - Training:  11%|█         | 133/1250 [01:02<03:48,  4.89it/s]
Epoch 1 - Training:  11%|█         | 134/1250 [01:03<03:48,  4.89it/s]
Epoch 1 - Training:  11%|█         | 135/1250 [01:03<03:47,  4.89it/s]
Epoch 1 - Training:  11%|█         | 136/1250 [01:03<03:48,  4.87it/s]
Epoch 1 - Training:  11%|█         | 137/1250 [01:03<03:48,  4.87it/s]
Epoch 1 - Training:  11%|█         | 138/1250 [01:03<03:47,  4.88it/s]
Epoch 1 - Training:  11%|█         | 139/1250 [01:04<03:46,  4.89it/s]
Epoch 1 - Training:  11%|█         | 140/1250 [01:04<03:46,  4.90it/s]
Epoch 1 - Training:  11%|█▏        | 141/1250 [01:04<03:47,  4.87it/s]
Epoch 1 - Training:  11%|█▏        | 142/1250 [01:04<03:47,  4.87it/s]
Epoch 1 - Training:  11%|█▏        | 143/1250 [01:04<03:46,  4.88it/s]
Epoch 1 - Training:  12%|█▏        | 144/1250 [01:05<03:45,  4.90it/s]
Epoch 1 - Training:  12%|█▏        | 145/1250 [01:05<03:45,  4.90it/s]
Epoch 1 - Training:  12%|█▏        | 146/1250 [01:05<03:46,  4.87it/s]
Epoch 1 - Training:  12%|█▏        | 147/1250 [01:05<03:46,  4.87it/s]
Epoch 1 - Training:  12%|█▏        | 148/1250 [01:05<03:45,  4.88it/s]
Epoch 1 - Training:  12%|█▏        | 149/1250 [01:06<03:44,  4.90it/s]
Epoch 1 - Training:  12%|█▏        | 150/1250 [01:06<03:44,  4.91it/s]
Epoch 1 - Training:  12%|█▏        | 151/1250 [01:06<03:45,  4.87it/s]
Epoch 1 - Training:  12%|█▏        | 152/1250 [01:06<03:45,  4.88it/s]
Epoch 1 - Training:  12%|█▏        | 153/1250 [01:07<03:44,  4.89it/s]
Epoch 1 - Training:  12%|█▏        | 154/1250 [01:07<03:43,  4.90it/s]
Epoch 1 - Training:  12%|█▏        | 155/1250 [01:07<03:43,  4.90it/s]
Epoch 1 - Training:  12%|█▏        | 156/1250 [01:07<03:44,  4.87it/s]
Epoch 1 - Training:  13%|█▎        | 157/1250 [01:07<03:43,  4.88it/s]
Epoch 1 - Training:  13%|█▎        | 158/1250 [01:08<03:42,  4.90it/s]
Epoch 1 - Training:  13%|█▎        | 159/1250 [01:08<03:42,  4.91it/s]
Epoch 1 - Training:  13%|█▎        | 160/1250 [01:08<03:42,  4.91it/s]
Epoch 1 - Training:  13%|█▎        | 161/1250 [01:08<03:43,  4.87it/s]
Epoch 1 - Training:  13%|█▎        | 162/1250 [01:08<03:43,  4.88it/s]
Epoch 1 - Training:  13%|█▎        | 163/1250 [01:09<03:42,  4.88it/s]
Epoch 1 - Training:  13%|█▎        | 164/1250 [01:09<03:42,  4.88it/s]
Epoch 1 - Training:  13%|█▎        | 165/1250 [01:09<03:42,  4.88it/s]
Epoch 1 - Training:  13%|█▎        | 166/1250 [01:09<03:43,  4.86it/s]
Epoch 1 - Training:  13%|█▎        | 167/1250 [01:09<03:42,  4.86it/s]
Epoch 1 - Training:  13%|█▎        | 168/1250 [01:10<03:41,  4.88it/s]
Epoch 1 - Training:  14%|█▎        | 169/1250 [01:10<03:41,  4.88it/s]
Epoch 1 - Training:  14%|█▎        | 170/1250 [01:10<03:41,  4.88it/s]
Epoch 1 - Training:  14%|█▎        | 171/1250 [01:10<03:42,  4.84it/s]
Epoch 1 - Training:  14%|█▍        | 172/1250 [01:10<03:42,  4.85it/s]
Epoch 1 - Training:  14%|█▍        | 173/1250 [01:11<03:41,  4.86it/s]
Epoch 1 - Training:  14%|█▍        | 174/1250 [01:11<03:40,  4.88it/s]
Epoch 1 - Training:  14%|█▍        | 175/1250 [01:11<03:40,  4.88it/s]
Epoch 1 - Training:  14%|█▍        | 176/1250 [01:11<03:41,  4.85it/s]
Epoch 1 - Training:  14%|█▍        | 177/1250 [01:11<03:40,  4.86it/s]
Epoch 1 - Training:  14%|█▍        | 178/1250 [01:12<03:40,  4.87it/s]
Epoch 1 - Training:  14%|█▍        | 179/1250 [01:12<03:40,  4.87it/s]
Epoch 1 - Training:  14%|█▍        | 180/1250 [01:12<03:39,  4.88it/s]
Epoch 1 - Training:  14%|█▍        | 181/1250 [01:12<03:40,  4.85it/s]
Epoch 1 - Training:  15%|█▍        | 182/1250 [01:12<03:39,  4.86it/s]
Epoch 1 - Training:  15%|█▍        | 183/1250 [01:13<03:38,  4.87it/s]
Epoch 1 - Training:  15%|█▍        | 184/1250 [01:13<03:38,  4.88it/s]
Epoch 1 - Training:  15%|█▍        | 185/1250 [01:13<03:38,  4.88it/s]
Epoch 1 - Training:  15%|█▍        | 186/1250 [01:13<03:39,  4.84it/s]
Epoch 1 - Training:  15%|█▍        | 187/1250 [01:13<03:39,  4.85it/s]
Epoch 1 - Training:  15%|█▌        | 188/1250 [01:14<03:38,  4.86it/s]
Epoch 1 - Training:  15%|█▌        | 189/1250 [01:14<03:37,  4.87it/s]
Epoch 1 - Training:  15%|█▌        | 190/1250 [01:14<03:37,  4.88it/s]
Epoch 1 - Training:  15%|█▌        | 191/1250 [01:14<03:38,  4.85it/s]
Epoch 1 - Training:  15%|█▌        | 192/1250 [01:15<03:37,  4.87it/s]
Epoch 1 - Training:  15%|█▌        | 193/1250 [01:15<03:36,  4.87it/s]
Epoch 1 - Training:  16%|█▌        | 194/1250 [01:15<03:36,  4.87it/s]
Epoch 1 - Training:  16%|█▌        | 195/1250 [01:15<03:36,  4.87it/s]
Epoch 1 - Training:  16%|█▌        | 196/1250 [01:15<03:37,  4.85it/s]
Epoch 1 - Training:  16%|█▌        | 197/1250 [01:16<03:36,  4.86it/s]
Epoch 1 - Training:  16%|█▌        | 198/1250 [01:16<03:36,  4.87it/s]
Epoch 1 - Training:  16%|█▌        | 199/1250 [01:16<03:35,  4.87it/s]
Epoch 1 - Training:  16%|█▌        | 200/1250 [01:16<03:35,  4.87it/s]
Epoch 1 - Training:  16%|█▌        | 201/1250 [01:16<03:36,  4.84it/s]
Epoch 1 - Training:  16%|█▌        | 202/1250 [01:17<03:36,  4.85it/s]
Epoch 1 - Training:  16%|█▌        | 203/1250 [01:17<03:35,  4.86it/s]
Epoch 1 - Training:  16%|█▋        | 204/1250 [01:17<03:34,  4.87it/s]
Epoch 1 - Training:  16%|█▋        | 205/1250 [01:17<03:34,  4.87it/s]
Epoch 1 - Training:  16%|█▋        | 206/1250 [01:17<03:35,  4.84it/s]
Epoch 1 - Training:  17%|█▋        | 207/1250 [01:18<03:35,  4.85it/s]
Epoch 1 - Training:  17%|█▋        | 208/1250 [01:18<03:34,  4.86it/s]
Epoch 1 - Training:  17%|█▋        | 209/1250 [01:18<03:33,  4.87it/s]
Epoch 1 - Training:  17%|█▋        | 210/1250 [01:18<03:33,  4.87it/s]
Epoch 1 - Training:  17%|█▋        | 211/1250 [01:18<03:34,  4.84it/s]
Epoch 1 - Training:  17%|█▋        | 212/1250 [01:19<03:34,  4.85it/s]
Epoch 1 - Training:  17%|█▋        | 213/1250 [01:19<03:33,  4.85it/s]
Epoch 1 - Training:  17%|█▋        | 214/1250 [01:19<03:32,  4.87it/s]
Epoch 1 - Training:  17%|█▋        | 215/1250 [01:19<03:32,  4.87it/s]
Epoch 1 - Training:  17%|█▋        | 216/1250 [01:19<03:33,  4.84it/s]
Epoch 1 - Training:  17%|█▋        | 217/1250 [01:20<03:33,  4.85it/s]
Epoch 1 - Training:  17%|█▋        | 218/1250 [01:20<03:32,  4.85it/s]
Epoch 1 - Training:  18%|█▊        | 219/1250 [01:20<03:32,  4.86it/s]
Epoch 1 - Training:  18%|█▊        | 220/1250 [01:20<03:31,  4.86it/s]
Epoch 1 - Training:  18%|█▊        | 221/1250 [01:20<03:32,  4.83it/s]
Epoch 1 - Training:  18%|█▊        | 222/1250 [01:21<03:32,  4.84it/s]
Epoch 1 - Training:  18%|█▊        | 223/1250 [01:21<03:31,  4.85it/s]
Epoch 1 - Training:  18%|█▊        | 224/1250 [01:21<03:31,  4.86it/s]
Epoch 1 - Training:  18%|█▊        | 225/1250 [01:21<03:30,  4.86it/s]
Epoch 1 - Training:  18%|█▊        | 226/1250 [01:22<03:31,  4.84it/s]
Epoch 1 - Training:  18%|█▊        | 227/1250 [01:22<03:31,  4.85it/s]
Epoch 1 - Training:  18%|█▊        | 228/1250 [01:22<03:30,  4.86it/s]
Epoch 1 - Training:  18%|█▊        | 229/1250 [01:22<03:29,  4.87it/s]
Epoch 1 - Training:  18%|█▊        | 230/1250 [01:22<03:29,  4.86it/s]
Epoch 1 - Training:  18%|█▊        | 231/1250 [01:23<03:30,  4.84it/s]
Epoch 1 - Training:  19%|█▊        | 232/1250 [01:23<03:30,  4.85it/s]
Epoch 1 - Training:  19%|█▊        | 233/1250 [01:23<03:29,  4.86it/s]
Epoch 1 - Training:  19%|█▊        | 234/1250 [01:23<03:29,  4.86it/s]
Epoch 1 - Training:  19%|█▉        | 235/1250 [01:23<03:28,  4.86it/s]
Epoch 1 - Training:  19%|█▉        | 236/1250 [01:24<03:29,  4.83it/s]
Epoch 1 - Training:  19%|█▉        | 237/1250 [01:24<03:28,  4.85it/s]
Epoch 1 - Training:  19%|█▉        | 238/1250 [01:24<03:28,  4.86it/s]
Epoch 1 - Training:  19%|█▉        | 239/1250 [01:24<03:28,  4.85it/s]
Epoch 1 - Training:  19%|█▉        | 240/1250 [01:24<03:27,  4.86it/s]
Epoch 1 - Training:  19%|█▉        | 241/1250 [01:25<03:28,  4.84it/s]
Epoch 1 - Training:  19%|█▉        | 242/1250 [01:25<03:27,  4.85it/s]
Epoch 1 - Training:  19%|█▉        | 243/1250 [01:25<03:27,  4.86it/s]
Epoch 1 - Training:  20%|█▉        | 244/1250 [01:25<03:27,  4.85it/s]
Epoch 1 - Training:  20%|█▉        | 245/1250 [01:25<03:26,  4.86it/s]
Epoch 1 - Training:  20%|█▉        | 246/1250 [01:26<03:27,  4.84it/s]
Epoch 1 - Training:  20%|█▉        | 247/1250 [01:26<03:26,  4.85it/s]
Epoch 1 - Training:  20%|█▉        | 248/1250 [01:26<03:26,  4.86it/s]
Epoch 1 - Training:  20%|█▉        | 249/1250 [01:26<03:25,  4.86it/s]
Epoch 1 - Training:  20%|██        | 250/1250 [01:26<03:25,  4.87it/s]
Epoch 1 - Training:  20%|██        | 251/1250 [01:27<03:26,  4.83it/s]
Epoch 1 - Training:  20%|██        | 252/1250 [01:27<03:25,  4.85it/s]
Epoch 1 - Training:  20%|██        | 253/1250 [01:27<03:25,  4.86it/s]
Epoch 1 - Training:  20%|██        | 254/1250 [01:27<03:24,  4.86it/s]
Epoch 1 - Training:  20%|██        | 255/1250 [01:27<03:24,  4.86it/s]
Epoch 1 - Training:  20%|██        | 256/1250 [01:28<03:25,  4.83it/s]
Epoch 1 - Training:  21%|██        | 257/1250 [01:28<03:24,  4.85it/s]
Epoch 1 - Training:  21%|██        | 258/1250 [01:28<03:24,  4.86it/s]
Epoch 1 - Training:  21%|██        | 259/1250 [01:28<03:23,  4.86it/s]
Epoch 1 - Training:  21%|██        | 260/1250 [01:29<03:23,  4.86it/s]
Epoch 1 - Training:  21%|██        | 261/1250 [01:29<03:24,  4.83it/s]
Epoch 1 - Training:  21%|██        | 262/1250 [01:29<03:23,  4.84it/s]
Epoch 1 - Training:  21%|██        | 263/1250 [01:29<03:23,  4.85it/s]
Epoch 1 - Training:  21%|██        | 264/1250 [01:29<03:23,  4.85it/s]
Epoch 1 - Training:  21%|██        | 265/1250 [01:30<03:23,  4.85it/s]
Epoch 1 - Training:  21%|██▏       | 266/1250 [01:30<03:24,  4.82it/s]
Epoch 1 - Training:  21%|██▏       | 267/1250 [01:30<03:23,  4.83it/s]
Epoch 1 - Training:  21%|██▏       | 268/1250 [01:30<03:22,  4.85it/s]
Epoch 1 - Training:  22%|██▏       | 269/1250 [01:30<03:22,  4.85it/s]
Epoch 1 - Training:  22%|██▏       | 270/1250 [01:31<03:22,  4.85it/s]
Epoch 1 - Training:  22%|██▏       | 271/1250 [01:31<03:22,  4.83it/s]
Epoch 1 - Training:  22%|██▏       | 272/1250 [01:31<03:22,  4.84it/s]
Epoch 1 - Training:  22%|██▏       | 273/1250 [01:31<03:21,  4.85it/s]
Epoch 1 - Training:  22%|██▏       | 274/1250 [01:31<03:21,  4.85it/s]
Epoch 1 - Training:  22%|██▏       | 275/1250 [01:32<03:20,  4.86it/s]
Epoch 1 - Training:  22%|██▏       | 276/1250 [01:32<03:21,  4.83it/s]
Epoch 1 - Training:  22%|██▏       | 277/1250 [01:32<03:21,  4.84it/s]
Epoch 1 - Training:  22%|██▏       | 278/1250 [01:32<03:20,  4.85it/s]
Epoch 1 - Training:  22%|██▏       | 279/1250 [01:32<03:20,  4.85it/s]
Epoch 1 - Training:  22%|██▏       | 280/1250 [01:33<03:19,  4.86it/s]
Epoch 1 - Training:  22%|██▏       | 281/1250 [01:33<03:20,  4.83it/s]
Epoch 1 - Training:  23%|██▎       | 282/1250 [01:33<03:20,  4.84it/s]
Epoch 1 - Training:  23%|██▎       | 283/1250 [01:33<03:19,  4.84it/s]
Epoch 1 - Training:  23%|██▎       | 284/1250 [01:33<03:19,  4.84it/s]
Epoch 1 - Training:  23%|██▎       | 285/1250 [01:34<03:19,  4.85it/s]
Epoch 1 - Training:  23%|██▎       | 286/1250 [01:34<03:20,  4.81it/s]
Epoch 1 - Training:  23%|██▎       | 287/1250 [01:34<03:19,  4.82it/s]
Epoch 1 - Training:  23%|██▎       | 288/1250 [01:34<03:18,  4.84it/s]
Epoch 1 - Training:  23%|██▎       | 289/1250 [01:35<03:18,  4.84it/s]
Epoch 1 - Training:  23%|██▎       | 290/1250 [01:35<03:18,  4.84it/s]
Epoch 1 - Training:  23%|██▎       | 291/1250 [01:35<03:19,  4.82it/s]
Epoch 1 - Training:  23%|██▎       | 292/1250 [01:35<03:18,  4.83it/s]
Epoch 1 - Training:  23%|██▎       | 293/1250 [01:35<03:17,  4.84it/s]
Epoch 1 - Training:  24%|██▎       | 294/1250 [01:36<03:17,  4.85it/s]
Epoch 1 - Training:  24%|██▎       | 295/1250 [01:36<03:16,  4.86it/s]
Epoch 1 - Training:  24%|██▎       | 296/1250 [01:36<03:17,  4.83it/s]
Epoch 1 - Training:  24%|██▍       | 297/1250 [01:36<03:16,  4.84it/s]
Epoch 1 - Training:  24%|██▍       | 298/1250 [01:36<03:16,  4.84it/s]
Epoch 1 - Training:  24%|██▍       | 299/1250 [01:37<03:16,  4.85it/s]
Epoch 1 - Training:  24%|██▍       | 300/1250 [01:37<03:15,  4.86it/s]
Epoch 1 - Training:  24%|██▍       | 301/1250 [01:37<03:17,  4.82it/s]
Epoch 1 - Training:  24%|██▍       | 302/1250 [01:37<03:16,  4.82it/s]
Epoch 1 - Training:  24%|██▍       | 303/1250 [01:37<03:15,  4.84it/s]
Epoch 1 - Training:  24%|██▍       | 304/1250 [01:38<03:15,  4.84it/s]
Epoch 1 - Training:  24%|██▍       | 305/1250 [01:38<03:15,  4.84it/s]
Epoch 1 - Training:  24%|██▍       | 306/1250 [01:38<03:15,  4.82it/s]
Epoch 1 - Training:  25%|██▍       | 307/1250 [01:38<03:15,  4.83it/s]
Epoch 1 - Training:  25%|██▍       | 308/1250 [01:38<03:14,  4.84it/s]
Epoch 1 - Training:  25%|██▍       | 309/1250 [01:39<03:14,  4.84it/s]
Epoch 1 - Training:  25%|██▍       | 310/1250 [01:39<03:13,  4.85it/s]
Epoch 1 - Training:  25%|██▍       | 311/1250 [01:39<03:14,  4.82it/s]
Epoch 1 - Training:  25%|██▍       | 312/1250 [01:39<03:13,  4.84it/s]
Epoch 1 - Training:  25%|██▌       | 313/1250 [01:39<03:13,  4.84it/s]
Epoch 1 - Training:  25%|██▌       | 314/1250 [01:40<03:13,  4.84it/s]
Epoch 1 - Training:  25%|██▌       | 315/1250 [01:40<03:13,  4.84it/s]
Epoch 1 - Training:  25%|██▌       | 316/1250 [01:40<03:14,  4.81it/s]
Epoch 1 - Training:  25%|██▌       | 317/1250 [01:40<03:13,  4.82it/s]
Epoch 1 - Training:  25%|██▌       | 318/1250 [01:41<03:12,  4.83it/s]
Epoch 1 - Training:  26%|██▌       | 319/1250 [01:41<03:12,  4.84it/s]
Epoch 1 - Training:  26%|██▌       | 320/1250 [01:41<03:12,  4.84it/s]
Epoch 1 - Training:  26%|██▌       | 321/1250 [01:41<03:13,  4.81it/s]
Epoch 1 - Training:  26%|██▌       | 322/1250 [01:41<03:12,  4.83it/s]
Epoch 1 - Training:  26%|██▌       | 323/1250 [01:42<03:11,  4.85it/s]
Epoch 1 - Training:  26%|██▌       | 324/1250 [01:42<03:11,  4.84it/s]
Epoch 1 - Training:  26%|██▌       | 325/1250 [01:42<03:10,  4.85it/s]
Epoch 1 - Training:  26%|██▌       | 326/1250 [01:42<03:11,  4.82it/s]
Epoch 1 - Training:  26%|██▌       | 327/1250 [01:42<03:10,  4.83it/s]
Epoch 1 - Training:  26%|██▌       | 328/1250 [01:43<03:10,  4.84it/s]
Epoch 1 - Training:  26%|██▋       | 329/1250 [01:43<03:10,  4.84it/s]
Epoch 1 - Training:  26%|██▋       | 330/1250 [01:43<03:09,  4.85it/s]
Epoch 1 - Training:  26%|██▋       | 331/1250 [01:43<03:11,  4.81it/s]
Epoch 1 - Training:  27%|██▋       | 332/1250 [01:43<03:10,  4.82it/s]
Epoch 1 - Training:  27%|██▋       | 333/1250 [01:44<03:09,  4.83it/s]
Epoch 1 - Training:  27%|██▋       | 334/1250 [01:44<03:09,  4.84it/s]
Epoch 1 - Training:  27%|██▋       | 335/1250 [01:44<03:08,  4.84it/s]
Epoch 1 - Training:  27%|██▋       | 336/1250 [01:44<03:09,  4.81it/s]
Epoch 1 - Training:  27%|██▋       | 337/1250 [01:44<03:09,  4.82it/s]
Epoch 1 - Training:  27%|██▋       | 338/1250 [01:45<03:08,  4.83it/s]
Epoch 1 - Training:  27%|██▋       | 339/1250 [01:45<03:08,  4.84it/s]
Epoch 1 - Training:  27%|██▋       | 340/1250 [01:45<03:07,  4.85it/s]
Epoch 1 - Training:  27%|██▋       | 341/1250 [01:45<03:08,  4.82it/s]
Epoch 1 - Training:  27%|██▋       | 342/1250 [01:45<03:07,  4.84it/s]
Epoch 1 - Training:  27%|██▋       | 343/1250 [01:46<03:07,  4.84it/s]
Epoch 1 - Training:  28%|██▊       | 344/1250 [01:46<03:07,  4.84it/s]
Epoch 1 - Training:  28%|██▊       | 345/1250 [01:46<03:06,  4.86it/s]
Epoch 1 - Training:  28%|██▊       | 346/1250 [01:46<03:07,  4.82it/s]
Epoch 1 - Training:  28%|██▊       | 347/1250 [01:47<03:06,  4.83it/s]
Epoch 1 - Training:  28%|██▊       | 348/1250 [01:47<03:06,  4.83it/s]
Epoch 1 - Training:  28%|██▊       | 349/1250 [01:47<03:05,  4.85it/s]
Epoch 1 - Training:  28%|██▊       | 350/1250 [01:47<03:05,  4.85it/s]
Epoch 1 - Training:  28%|██▊       | 351/1250 [01:47<03:06,  4.81it/s]
Epoch 1 - Training:  28%|██▊       | 352/1250 [01:48<03:06,  4.82it/s]
Epoch 1 - Training:  28%|██▊       | 353/1250 [01:48<03:05,  4.84it/s]
Epoch 1 - Training:  28%|██▊       | 354/1250 [01:48<03:04,  4.84it/s]
Epoch 1 - Training:  28%|██▊       | 355/1250 [01:48<03:04,  4.84it/s]
Epoch 1 - Training:  28%|██▊       | 356/1250 [01:48<03:05,  4.82it/s]
Epoch 1 - Training:  29%|██▊       | 357/1250 [01:49<03:04,  4.83it/s]
Epoch 1 - Training:  29%|██▊       | 358/1250 [01:49<03:04,  4.84it/s]
Epoch 1 - Training:  29%|██▊       | 359/1250 [01:49<03:03,  4.85it/s]
Epoch 1 - Training:  29%|██▉       | 360/1250 [01:49<03:03,  4.84it/s]
Epoch 1 - Training:  29%|██▉       | 361/1250 [01:49<03:04,  4.81it/s]
Epoch 1 - Training:  29%|██▉       | 362/1250 [01:50<03:03,  4.84it/s]
Epoch 1 - Training:  29%|██▉       | 363/1250 [01:50<03:03,  4.84it/s]
Epoch 1 - Training:  29%|██▉       | 364/1250 [01:50<03:02,  4.84it/s]
Epoch 1 - Training:  29%|██▉       | 365/1250 [01:50<03:02,  4.86it/s]
Epoch 1 - Training:  29%|██▉       | 366/1250 [01:50<03:03,  4.82it/s]
Epoch 1 - Training:  29%|██▉       | 367/1250 [01:51<03:02,  4.83it/s]
Epoch 1 - Training:  29%|██▉       | 368/1250 [01:51<03:02,  4.84it/s]
Epoch 1 - Training:  30%|██▉       | 369/1250 [01:51<03:02,  4.84it/s]
Epoch 1 - Training:  30%|██▉       | 370/1250 [01:51<03:01,  4.84it/s]
Epoch 1 - Training:  30%|██▉       | 371/1250 [01:51<03:02,  4.81it/s]
Epoch 1 - Training:  30%|██▉       | 372/1250 [01:52<03:02,  4.82it/s]
Epoch 1 - Training:  30%|██▉       | 373/1250 [01:52<03:01,  4.83it/s]
Epoch 1 - Training:  30%|██▉       | 374/1250 [01:52<03:01,  4.84it/s]
Epoch 1 - Training:  30%|███       | 375/1250 [01:52<03:00,  4.84it/s]
Epoch 1 - Training:  30%|███       | 376/1250 [01:53<03:01,  4.81it/s]
Epoch 1 - Training:  30%|███       | 377/1250 [01:53<03:00,  4.82it/s]
Epoch 1 - Training:  30%|███       | 378/1250 [01:53<03:00,  4.83it/s]
Epoch 1 - Training:  30%|███       | 379/1250 [01:53<03:00,  4.83it/s]
Epoch 1 - Training:  30%|███       | 380/1250 [01:53<02:59,  4.84it/s]
Epoch 1 - Training:  30%|███       | 381/1250 [01:54<03:00,  4.81it/s]
Epoch 1 - Training:  31%|███       | 382/1250 [01:54<02:59,  4.83it/s]
Epoch 1 - Training:  31%|███       | 383/1250 [01:54<02:59,  4.84it/s]
Epoch 1 - Training:  31%|███       | 384/1250 [01:54<02:58,  4.84it/s]
Epoch 1 - Training:  31%|███       | 385/1250 [01:54<02:58,  4.85it/s]
Epoch 1 - Training:  31%|███       | 386/1250 [01:55<02:59,  4.82it/s]
Epoch 1 - Training:  31%|███       | 387/1250 [01:55<02:58,  4.83it/s]
Epoch 1 - Training:  31%|███       | 388/1250 [01:55<02:58,  4.83it/s]
Epoch 1 - Training:  31%|███       | 389/1250 [01:55<02:57,  4.84it/s]
Epoch 1 - Training:  31%|███       | 390/1250 [01:55<02:57,  4.85it/s]
Epoch 1 - Training:  31%|███▏      | 391/1250 [01:56<02:58,  4.81it/s]
Epoch 1 - Training:  31%|███▏      | 392/1250 [01:56<02:57,  4.83it/s]
Epoch 1 - Training:  31%|███▏      | 393/1250 [01:56<02:57,  4.83it/s]
Epoch 1 - Training:  32%|███▏      | 394/1250 [01:56<02:56,  4.84it/s]
Epoch 1 - Training:  32%|███▏      | 395/1250 [01:56<02:56,  4.84it/s]
Epoch 1 - Training:  32%|███▏      | 396/1250 [01:57<02:57,  4.81it/s]
Epoch 1 - Training:  32%|███▏      | 397/1250 [01:57<02:57,  4.82it/s]
Epoch 1 - Training:  32%|███▏      | 398/1250 [01:57<02:56,  4.83it/s]
Epoch 1 - Training:  32%|███▏      | 399/1250 [01:57<02:56,  4.83it/s]
Epoch 1 - Training:  32%|███▏      | 400/1250 [01:57<02:55,  4.84it/s]
Epoch 1 - Training:  32%|███▏      | 401/1250 [01:58<02:56,  4.81it/s]
Epoch 1 - Training:  32%|███▏      | 402/1250 [01:58<02:55,  4.83it/s]
Epoch 1 - Training:  32%|███▏      | 403/1250 [01:58<02:55,  4.84it/s]
Epoch 1 - Training:  32%|███▏      | 404/1250 [01:58<02:54,  4.84it/s]
Epoch 1 - Training:  32%|███▏      | 405/1250 [01:59<02:54,  4.85it/s]
Epoch 1 - Training:  32%|███▏      | 406/1250 [01:59<02:55,  4.81it/s]
Epoch 1 - Training:  33%|███▎      | 407/1250 [01:59<02:54,  4.83it/s]
Epoch 1 - Training:  33%|███▎      | 408/1250 [01:59<02:53,  4.84it/s]
Epoch 1 - Training:  33%|███▎      | 409/1250 [01:59<02:53,  4.84it/s]
Epoch 1 - Training:  33%|███▎      | 410/1250 [02:00<02:53,  4.84it/s]
Epoch 1 - Training:  33%|███▎      | 411/1250 [02:00<02:54,  4.81it/s]
Epoch 1 - Training:  33%|███▎      | 412/1250 [02:00<02:53,  4.82it/s]
Epoch 1 - Training:  33%|███▎      | 413/1250 [02:00<02:53,  4.83it/s]
Epoch 1 - Training:  33%|███▎      | 414/1250 [02:00<02:52,  4.84it/s]
Epoch 1 - Training:  33%|███▎      | 415/1250 [02:01<02:52,  4.84it/s]
Epoch 1 - Training:  33%|███▎      | 416/1250 [02:01<02:53,  4.81it/s]
Epoch 1 - Training:  33%|███▎      | 417/1250 [02:01<02:52,  4.82it/s]
Epoch 1 - Training:  33%|███▎      | 418/1250 [02:01<02:52,  4.83it/s]
Epoch 1 - Training:  34%|███▎      | 419/1250 [02:01<02:51,  4.84it/s]
Epoch 1 - Training:  34%|███▎      | 420/1250 [02:02<02:51,  4.84it/s]
Epoch 1 - Training:  34%|███▎      | 421/1250 [02:02<02:52,  4.81it/s]
Epoch 1 - Training:  34%|███▍      | 422/1250 [02:02<02:51,  4.82it/s]
Epoch 1 - Training:  34%|███▍      | 423/1250 [02:02<02:51,  4.83it/s]
Epoch 1 - Training:  34%|███▍      | 424/1250 [02:02<02:50,  4.84it/s]
Epoch 1 - Training:  34%|███▍      | 425/1250 [02:03<02:50,  4.83it/s]
Epoch 1 - Training:  34%|███▍      | 426/1250 [02:03<02:51,  4.80it/s]
Epoch 1 - Training:  34%|███▍      | 427/1250 [02:03<02:50,  4.82it/s]
Epoch 1 - Training:  34%|███▍      | 428/1250 [02:03<02:50,  4.83it/s]
Epoch 1 - Training:  34%|███▍      | 429/1250 [02:03<02:49,  4.84it/s]
Epoch 1 - Training:  34%|███▍      | 430/1250 [02:04<02:49,  4.84it/s]
Epoch 1 - Training:  34%|███▍      | 431/1250 [02:04<02:50,  4.81it/s]
Epoch 1 - Training:  35%|███▍      | 432/1250 [02:04<02:49,  4.82it/s]
Epoch 1 - Training:  35%|███▍      | 433/1250 [02:04<02:48,  4.84it/s]
Epoch 1 - Training:  35%|███▍      | 434/1250 [02:05<02:48,  4.84it/s]
Epoch 1 - Training:  35%|███▍      | 435/1250 [02:05<02:48,  4.84it/s]
Epoch 1 - Training:  35%|███▍      | 436/1250 [02:05<02:49,  4.81it/s]
Epoch 1 - Training:  35%|███▍      | 437/1250 [02:05<02:48,  4.82it/s]
Epoch 1 - Training:  35%|███▌      | 438/1250 [02:05<02:47,  4.84it/s]
Epoch 1 - Training:  35%|███▌      | 439/1250 [02:06<02:47,  4.84it/s]
Epoch 1 - Training:  35%|███▌      | 440/1250 [02:06<02:47,  4.84it/s]
Epoch 1 - Training:  35%|███▌      | 441/1250 [02:06<02:48,  4.81it/s]
Epoch 1 - Training:  35%|███▌      | 442/1250 [02:06<02:47,  4.83it/s]
Epoch 1 - Training:  35%|███▌      | 443/1250 [02:06<02:46,  4.84it/s]
Epoch 1 - Training:  36%|███▌      | 444/1250 [02:07<02:46,  4.84it/s]
Epoch 1 - Training:  36%|███▌      | 445/1250 [02:07<02:46,  4.84it/s]
Epoch 1 - Training:  36%|███▌      | 446/1250 [02:07<02:47,  4.81it/s]
Epoch 1 - Training:  36%|███▌      | 447/1250 [02:07<02:46,  4.82it/s]
Epoch 1 - Training:  36%|███▌      | 448/1250 [02:07<02:46,  4.83it/s]
Epoch 1 - Training:  36%|███▌      | 449/1250 [02:08<02:45,  4.83it/s]
Epoch 1 - Training:  36%|███▌      | 450/1250 [02:08<02:45,  4.84it/s]
Epoch 1 - Training:  36%|███▌      | 451/1250 [02:08<02:46,  4.80it/s]
Epoch 1 - Training:  36%|███▌      | 452/1250 [02:08<02:45,  4.81it/s]
Epoch 1 - Training:  36%|███▌      | 453/1250 [02:08<02:45,  4.82it/s]
Epoch 1 - Training:  36%|███▋      | 454/1250 [02:09<02:44,  4.84it/s]
Epoch 1 - Training:  36%|███▋      | 455/1250 [02:09<02:44,  4.84it/s]
Epoch 1 - Training:  36%|███▋      | 456/1250 [02:09<02:45,  4.81it/s]
Epoch 1 - Training:  37%|███▋      | 457/1250 [02:09<02:44,  4.82it/s]
Epoch 1 - Training:  37%|███▋      | 458/1250 [02:09<02:44,  4.83it/s]
Epoch 1 - Training:  37%|███▋      | 459/1250 [02:10<02:43,  4.83it/s]
Epoch 1 - Training:  37%|███▋      | 460/1250 [02:10<02:43,  4.84it/s]
Epoch 1 - Training:  37%|███▋      | 461/1250 [02:10<02:43,  4.81it/s]
Epoch 1 - Training:  37%|███▋      | 462/1250 [02:10<02:43,  4.83it/s]
Epoch 1 - Training:  37%|███▋      | 463/1250 [02:11<02:42,  4.83it/s]
Epoch 1 - Training:  37%|███▋      | 464/1250 [02:11<02:42,  4.84it/s]
Epoch 1 - Training:  37%|███▋      | 465/1250 [02:11<02:41,  4.85it/s]
Epoch 1 - Training:  37%|███▋      | 466/1250 [02:11<02:42,  4.81it/s]
Epoch 1 - Training:  37%|███▋      | 467/1250 [02:11<02:42,  4.82it/s]
Epoch 1 - Training:  37%|███▋      | 468/1250 [02:12<02:41,  4.83it/s]
Epoch 1 - Training:  38%|███▊      | 469/1250 [02:12<02:41,  4.84it/s]
Epoch 1 - Training:  38%|███▊      | 470/1250 [02:12<02:41,  4.83it/s]
Epoch 1 - Training:  38%|███▊      | 471/1250 [02:12<02:42,  4.81it/s]
Epoch 1 - Training:  38%|███▊      | 472/1250 [02:12<02:41,  4.82it/s]
Epoch 1 - Training:  38%|███▊      | 473/1250 [02:13<02:40,  4.84it/s]
Epoch 1 - Training:  38%|███▊      | 474/1250 [02:13<02:40,  4.84it/s]
Epoch 1 - Training:  38%|███▊      | 475/1250 [02:13<02:40,  4.84it/s]
Epoch 1 - Training:  38%|███▊      | 476/1250 [02:13<02:40,  4.81it/s]
Epoch 1 - Training:  38%|███▊      | 477/1250 [02:13<02:40,  4.82it/s]
Epoch 1 - Training:  38%|███▊      | 478/1250 [02:14<02:39,  4.83it/s]
Epoch 1 - Training:  38%|███▊      | 479/1250 [02:14<02:39,  4.83it/s]
Epoch 1 - Training:  38%|███▊      | 480/1250 [02:14<02:39,  4.83it/s]
Epoch 1 - Training:  38%|███▊      | 481/1250 [02:14<02:39,  4.81it/s]
Epoch 1 - Training:  39%|███▊      | 482/1250 [02:14<02:39,  4.82it/s]
Epoch 1 - Training:  39%|███▊      | 483/1250 [02:15<02:38,  4.83it/s]
Epoch 1 - Training:  39%|███▊      | 484/1250 [02:15<02:38,  4.83it/s]
Epoch 1 - Training:  39%|███▉      | 485/1250 [02:15<02:37,  4.84it/s]
Epoch 1 - Training:  39%|███▉      | 486/1250 [02:15<02:38,  4.81it/s]
Epoch 1 - Training:  39%|███▉      | 487/1250 [02:15<02:37,  4.84it/s]
Epoch 1 - Training:  39%|███▉      | 488/1250 [02:16<02:37,  4.84it/s]
Epoch 1 - Training:  39%|███▉      | 489/1250 [02:16<02:37,  4.84it/s]
Epoch 1 - Training:  39%|███▉      | 490/1250 [02:16<02:36,  4.84it/s]
Epoch 1 - Training:  39%|███▉      | 491/1250 [02:16<02:37,  4.81it/s]
Epoch 1 - Training:  39%|███▉      | 492/1250 [02:17<02:37,  4.82it/s]
Epoch 1 - Training:  39%|███▉      | 493/1250 [02:17<02:36,  4.83it/s]
Epoch 1 - Training:  40%|███▉      | 494/1250 [02:17<02:36,  4.84it/s]
Epoch 1 - Training:  40%|███▉      | 495/1250 [02:17<02:36,  4.83it/s]
Epoch 1 - Training:  40%|███▉      | 496/1250 [02:17<02:36,  4.81it/s]
Epoch 1 - Training:  40%|███▉      | 497/1250 [02:18<02:36,  4.82it/s]
Epoch 1 - Training:  40%|███▉      | 498/1250 [02:18<02:35,  4.84it/s]
Epoch 1 - Training:  40%|███▉      | 499/1250 [02:18<02:35,  4.83it/s]
Epoch 1 - Training:  40%|████      | 500/1250 [02:18<02:35,  4.84it/s]
Epoch 1 - Training:  40%|████      | 501/1250 [02:18<02:36,  4.80it/s]
Epoch 1 - Training:  40%|████      | 502/1250 [02:19<02:35,  4.82it/s]
Epoch 1 - Training:  40%|████      | 503/1250 [02:19<02:34,  4.82it/s]
Epoch 1 - Training:  40%|████      | 504/1250 [02:19<02:34,  4.83it/s]
Epoch 1 - Training:  40%|████      | 505/1250 [02:19<02:34,  4.83it/s]
Epoch 1 - Training:  40%|████      | 506/1250 [02:19<02:34,  4.81it/s]
Epoch 1 - Training:  41%|████      | 507/1250 [02:20<02:34,  4.82it/s]
Epoch 1 - Training:  41%|████      | 508/1250 [02:20<02:33,  4.83it/s]
Epoch 1 - Training:  41%|████      | 509/1250 [02:20<02:33,  4.83it/s]
Epoch 1 - Training:  41%|████      | 510/1250 [02:20<02:32,  4.84it/s]
Epoch 1 - Training:  41%|████      | 511/1250 [02:20<02:33,  4.81it/s]
Epoch 1 - Training:  41%|████      | 512/1250 [02:21<02:32,  4.83it/s]
Epoch 1 - Training:  41%|████      | 513/1250 [02:21<02:32,  4.82it/s]
Epoch 1 - Training:  41%|████      | 514/1250 [02:21<02:32,  4.83it/s]
Epoch 1 - Training:  41%|████      | 515/1250 [02:21<02:31,  4.84it/s]
Epoch 1 - Training:  41%|████▏     | 516/1250 [02:22<02:32,  4.81it/s]
Epoch 1 - Training:  41%|████▏     | 517/1250 [02:22<02:32,  4.82it/s]
Epoch 1 - Training:  41%|████▏     | 518/1250 [02:22<02:31,  4.84it/s]
Epoch 1 - Training:  42%|████▏     | 519/1250 [02:22<02:31,  4.84it/s]
Epoch 1 - Training:  42%|████▏     | 520/1250 [02:22<02:30,  4.84it/s]
Epoch 1 - Training:  42%|████▏     | 521/1250 [02:23<02:31,  4.80it/s]
Epoch 1 - Training:  42%|████▏     | 522/1250 [02:23<02:31,  4.82it/s]
Epoch 1 - Training:  42%|████▏     | 523/1250 [02:23<02:30,  4.82it/s]
Epoch 1 - Training:  42%|████▏     | 524/1250 [02:23<02:30,  4.83it/s]
Epoch 1 - Training:  42%|████▏     | 525/1250 [02:23<02:29,  4.84it/s]
Epoch 1 - Training:  42%|████▏     | 526/1250 [02:24<02:30,  4.81it/s]
Epoch 1 - Training:  42%|████▏     | 527/1250 [02:24<02:29,  4.82it/s]
Epoch 1 - Training:  42%|████▏     | 528/1250 [02:24<02:29,  4.83it/s]
Epoch 1 - Training:  42%|████▏     | 529/1250 [02:24<02:28,  4.84it/s]
Epoch 1 - Training:  42%|████▏     | 530/1250 [02:24<02:28,  4.85it/s]
Epoch 1 - Training:  42%|████▏     | 531/1250 [02:25<02:29,  4.81it/s]
Epoch 1 - Training:  43%|████▎     | 532/1250 [02:25<02:28,  4.82it/s]
Epoch 1 - Training:  43%|████▎     | 533/1250 [02:25<02:28,  4.83it/s]
Epoch 1 - Training:  43%|████▎     | 534/1250 [02:25<02:28,  4.84it/s]
Epoch 1 - Training:  43%|████▎     | 535/1250 [02:25<02:27,  4.83it/s]
Epoch 1 - Training:  43%|████▎     | 536/1250 [02:26<02:28,  4.81it/s]
Epoch 1 - Training:  43%|████▎     | 537/1250 [02:26<02:27,  4.83it/s]
Epoch 1 - Training:  43%|████▎     | 538/1250 [02:26<02:27,  4.83it/s]
Epoch 1 - Training:  43%|████▎     | 539/1250 [02:26<02:26,  4.84it/s]
Epoch 1 - Training:  43%|████▎     | 540/1250 [02:26<02:26,  4.84it/s]
Epoch 1 - Training:  43%|████▎     | 541/1250 [02:27<02:27,  4.80it/s]
Epoch 1 - Training:  43%|████▎     | 542/1250 [02:27<02:27,  4.81it/s]
Epoch 1 - Training:  43%|████▎     | 543/1250 [02:27<02:26,  4.82it/s]
Epoch 1 - Training:  44%|████▎     | 544/1250 [02:27<02:26,  4.83it/s]
Epoch 1 - Training:  44%|████▎     | 545/1250 [02:28<02:25,  4.84it/s]
Epoch 1 - Training:  44%|████▎     | 546/1250 [02:28<02:26,  4.81it/s]
Epoch 1 - Training:  44%|████▍     | 547/1250 [02:28<02:25,  4.82it/s]
Epoch 1 - Training:  44%|████▍     | 548/1250 [02:28<02:25,  4.83it/s]
Epoch 1 - Training:  44%|████▍     | 549/1250 [02:28<02:24,  4.84it/s]
Epoch 1 - Training:  44%|████▍     | 550/1250 [02:29<02:24,  4.84it/s]
Epoch 1 - Training:  44%|████▍     | 551/1250 [02:29<02:25,  4.81it/s]
Epoch 1 - Training:  44%|████▍     | 552/1250 [02:29<02:24,  4.83it/s]
Epoch 1 - Training:  44%|████▍     | 553/1250 [02:29<02:24,  4.84it/s]
Epoch 1 - Training:  44%|████▍     | 554/1250 [02:29<02:23,  4.83it/s]
Epoch 1 - Training:  44%|████▍     | 555/1250 [02:30<02:23,  4.84it/s]
Epoch 1 - Training:  44%|████▍     | 556/1250 [02:30<02:24,  4.80it/s]
Epoch 1 - Training:  45%|████▍     | 557/1250 [02:30<02:23,  4.81it/s]
Epoch 1 - Training:  45%|████▍     | 558/1250 [02:30<02:23,  4.83it/s]
Epoch 1 - Training:  45%|████▍     | 559/1250 [02:30<02:22,  4.83it/s]
Epoch 1 - Training:  45%|████▍     | 560/1250 [02:31<02:22,  4.83it/s]
Epoch 1 - Training:  45%|████▍     | 561/1250 [02:31<02:23,  4.81it/s]
Epoch 1 - Training:  45%|████▍     | 562/1250 [02:31<02:22,  4.82it/s]
Epoch 1 - Training:  45%|████▌     | 563/1250 [02:31<02:22,  4.83it/s]
Epoch 1 - Training:  45%|████▌     | 564/1250 [02:31<02:21,  4.83it/s]
Epoch 1 - Training:  45%|████▌     | 565/1250 [02:32<02:21,  4.84it/s]
Epoch 1 - Training:  45%|████▌     | 566/1250 [02:32<02:22,  4.80it/s]
Epoch 1 - Training:  45%|████▌     | 567/1250 [02:32<02:21,  4.81it/s]
Epoch 1 - Training:  45%|████▌     | 568/1250 [02:32<02:21,  4.83it/s]
Epoch 1 - Training:  46%|████▌     | 569/1250 [02:32<02:21,  4.82it/s]
Epoch 1 - Training:  46%|████▌     | 570/1250 [02:33<02:20,  4.83it/s]
Epoch 1 - Training:  46%|████▌     | 571/1250 [02:33<02:21,  4.80it/s]
Epoch 1 - Training:  46%|████▌     | 572/1250 [02:33<02:20,  4.82it/s]
Epoch 1 - Training:  46%|████▌     | 573/1250 [02:33<02:20,  4.82it/s]
Epoch 1 - Training:  46%|████▌     | 574/1250 [02:34<02:19,  4.83it/s]
Epoch 1 - Training:  46%|████▌     | 575/1250 [02:34<02:19,  4.83it/s]
Epoch 1 - Training:  46%|████▌     | 576/1250 [02:34<02:20,  4.81it/s]
Epoch 1 - Training:  46%|████▌     | 577/1250 [02:34<02:19,  4.82it/s]
Epoch 1 - Training:  46%|████▌     | 578/1250 [02:34<02:19,  4.83it/s]
Epoch 1 - Training:  46%|████▋     | 579/1250 [02:35<02:18,  4.83it/s]
Epoch 1 - Training:  46%|████▋     | 580/1250 [02:35<02:18,  4.84it/s]
Epoch 1 - Training:  46%|████▋     | 581/1250 [02:35<02:19,  4.81it/s]
Epoch 1 - Training:  47%|████▋     | 582/1250 [02:35<02:18,  4.82it/s]
Epoch 1 - Training:  47%|████▋     | 583/1250 [02:35<02:18,  4.82it/s]
Epoch 1 - Training:  47%|████▋     | 584/1250 [02:36<02:17,  4.83it/s]
Epoch 1 - Training:  47%|████▋     | 585/1250 [02:36<02:17,  4.83it/s]
Epoch 1 - Training:  47%|████▋     | 586/1250 [02:36<02:18,  4.79it/s]
Epoch 1 - Training:  47%|████▋     | 587/1250 [02:36<02:17,  4.82it/s]
Epoch 1 - Training:  47%|████▋     | 588/1250 [02:36<02:17,  4.82it/s]
Epoch 1 - Training:  47%|████▋     | 589/1250 [02:37<02:16,  4.83it/s]
Epoch 1 - Training:  47%|████▋     | 590/1250 [02:37<02:16,  4.83it/s]
Epoch 1 - Training:  47%|████▋     | 591/1250 [02:37<02:17,  4.80it/s]
Epoch 1 - Training:  47%|████▋     | 592/1250 [02:37<02:16,  4.82it/s]
Epoch 1 - Training:  47%|████▋     | 593/1250 [02:37<02:16,  4.83it/s]
Epoch 1 - Training:  48%|████▊     | 594/1250 [02:38<02:15,  4.83it/s]
Epoch 1 - Training:  48%|████▊     | 595/1250 [02:38<02:15,  4.84it/s]
Epoch 1 - Training:  48%|████▊     | 596/1250 [02:38<02:16,  4.80it/s]
Epoch 1 - Training:  48%|████▊     | 597/1250 [02:38<02:15,  4.81it/s]
Epoch 1 - Training:  48%|████▊     | 598/1250 [02:39<02:15,  4.83it/s]
Epoch 1 - Training:  48%|████▊     | 599/1250 [02:39<02:14,  4.83it/s]
Epoch 1 - Training:  48%|████▊     | 600/1250 [02:39<02:14,  4.83it/s]
Epoch 1 - Training:  48%|████▊     | 601/1250 [02:39<02:15,  4.80it/s]
Epoch 1 - Training:  48%|████▊     | 602/1250 [02:39<02:14,  4.81it/s]
Epoch 1 - Training:  48%|████▊     | 603/1250 [02:40<02:14,  4.81it/s]
Epoch 1 - Training:  48%|████▊     | 604/1250 [02:40<02:14,  4.82it/s]
Epoch 1 - Training:  48%|████▊     | 605/1250 [02:40<02:13,  4.82it/s]
Epoch 1 - Training:  48%|████▊     | 606/1250 [02:40<02:14,  4.80it/s]
Epoch 1 - Training:  49%|████▊     | 607/1250 [02:40<02:13,  4.82it/s]
Epoch 1 - Training:  49%|████▊     | 608/1250 [02:41<02:13,  4.82it/s]
Epoch 1 - Training:  49%|████▊     | 609/1250 [02:41<02:12,  4.83it/s]
Epoch 1 - Training:  49%|████▉     | 610/1250 [02:41<02:12,  4.84it/s]
Epoch 1 - Training:  49%|████▉     | 611/1250 [02:41<02:13,  4.80it/s]
Epoch 1 - Training:  49%|████▉     | 612/1250 [02:41<02:12,  4.81it/s]
Epoch 1 - Training:  49%|████▉     | 613/1250 [02:42<02:11,  4.83it/s]
Epoch 1 - Training:  49%|████▉     | 614/1250 [02:42<02:11,  4.83it/s]
Epoch 1 - Training:  49%|████▉     | 615/1250 [02:42<02:11,  4.84it/s]
Epoch 1 - Training:  49%|████▉     | 616/1250 [02:42<02:12,  4.80it/s]
Epoch 1 - Training:  49%|████▉     | 617/1250 [02:42<02:11,  4.81it/s]
Epoch 1 - Training:  49%|████▉     | 618/1250 [02:43<02:11,  4.82it/s]
Epoch 1 - Training:  50%|████▉     | 619/1250 [02:43<02:10,  4.83it/s]
Epoch 1 - Training:  50%|████▉     | 620/1250 [02:43<02:10,  4.82it/s]
Epoch 1 - Training:  50%|████▉     | 621/1250 [02:43<02:10,  4.80it/s]
Epoch 1 - Training:  50%|████▉     | 622/1250 [02:43<02:10,  4.82it/s]
Epoch 1 - Training:  50%|████▉     | 623/1250 [02:44<02:10,  4.82it/s]
Epoch 1 - Training:  50%|████▉     | 624/1250 [02:44<02:09,  4.83it/s]
Epoch 1 - Training:  50%|█████     | 625/1250 [02:44<02:09,  4.84it/s]
Epoch 1 - Training:  50%|█████     | 626/1250 [02:44<02:09,  4.80it/s]
Epoch 1 - Training:  50%|█████     | 627/1250 [02:45<02:09,  4.81it/s]
Epoch 1 - Training:  50%|█████     | 628/1250 [02:45<02:08,  4.83it/s]
Epoch 1 - Training:  50%|█████     | 629/1250 [02:45<02:08,  4.82it/s]
Epoch 1 - Training:  50%|█████     | 630/1250 [02:45<02:08,  4.83it/s]
Epoch 1 - Training:  50%|█████     | 631/1250 [02:45<02:08,  4.80it/s]
Epoch 1 - Training:  51%|█████     | 632/1250 [02:46<02:08,  4.81it/s]
Epoch 1 - Training:  51%|█████     | 633/1250 [02:46<02:07,  4.82it/s]
Epoch 1 - Training:  51%|█████     | 634/1250 [02:46<02:07,  4.83it/s]
Epoch 1 - Training:  51%|█████     | 635/1250 [02:46<02:07,  4.83it/s]
Epoch 1 - Training:  51%|█████     | 636/1250 [02:46<02:07,  4.80it/s]
Epoch 1 - Training:  51%|█████     | 637/1250 [02:47<02:07,  4.82it/s]
Epoch 1 - Training:  51%|█████     | 638/1250 [02:47<02:07,  4.82it/s]
Epoch 1 - Training:  51%|█████     | 639/1250 [02:47<02:06,  4.83it/s]
Epoch 1 - Training:  51%|█████     | 640/1250 [02:47<02:06,  4.83it/s]
Epoch 1 - Training:  51%|█████▏    | 641/1250 [02:47<02:06,  4.81it/s]
Epoch 1 - Training:  51%|█████▏    | 642/1250 [02:48<02:06,  4.82it/s]
Epoch 1 - Training:  51%|█████▏    | 643/1250 [02:48<02:05,  4.83it/s]
Epoch 1 - Training:  52%|█████▏    | 644/1250 [02:48<02:05,  4.83it/s]
Epoch 1 - Training:  52%|█████▏    | 645/1250 [02:48<02:05,  4.83it/s]
Epoch 1 - Training:  52%|█████▏    | 646/1250 [02:48<02:05,  4.80it/s]
Epoch 1 - Training:  52%|█████▏    | 647/1250 [02:49<02:05,  4.80it/s]
Epoch 1 - Training:  52%|█████▏    | 648/1250 [02:49<02:04,  4.82it/s]
Epoch 1 - Training:  52%|█████▏    | 649/1250 [02:49<02:04,  4.82it/s]
Epoch 1 - Training:  52%|█████▏    | 650/1250 [02:49<02:04,  4.83it/s]
Epoch 1 - Training:  52%|█████▏    | 651/1250 [02:50<02:04,  4.80it/s]
Epoch 1 - Training:  52%|█████▏    | 652/1250 [02:50<02:04,  4.82it/s]
Epoch 1 - Training:  52%|█████▏    | 653/1250 [02:50<02:03,  4.82it/s]
Epoch 1 - Training:  52%|█████▏    | 654/1250 [02:50<02:03,  4.83it/s]
Epoch 1 - Training:  52%|█████▏    | 655/1250 [02:50<02:03,  4.84it/s]
Epoch 1 - Training:  52%|█████▏    | 656/1250 [02:51<02:03,  4.80it/s]
Epoch 1 - Training:  53%|█████▎    | 657/1250 [02:51<02:03,  4.81it/s]
Epoch 1 - Training:  53%|█████▎    | 658/1250 [02:51<02:02,  4.82it/s]
Epoch 1 - Training:  53%|█████▎    | 659/1250 [02:51<02:02,  4.82it/s]
Epoch 1 - Training:  53%|█████▎    | 660/1250 [02:51<02:02,  4.83it/s]
Epoch 1 - Training:  53%|█████▎    | 661/1250 [02:52<02:02,  4.79it/s]
Epoch 1 - Training:  53%|█████▎    | 662/1250 [02:52<02:02,  4.81it/s]
Epoch 1 - Training:  53%|█████▎    | 663/1250 [02:52<02:01,  4.82it/s]
Epoch 1 - Training:  53%|█████▎    | 664/1250 [02:52<02:01,  4.82it/s]
Epoch 1 - Training:  53%|█████▎    | 665/1250 [02:52<02:00,  4.84it/s]
Epoch 1 - Training:  53%|█████▎    | 666/1250 [02:53<02:01,  4.80it/s]
Epoch 1 - Training:  53%|█████▎    | 667/1250 [02:53<02:00,  4.82it/s]
Epoch 1 - Training:  53%|█████▎    | 668/1250 [02:53<02:00,  4.82it/s]
Epoch 1 - Training:  54%|█████▎    | 669/1250 [02:53<02:00,  4.83it/s]
Epoch 1 - Training:  54%|█████▎    | 670/1250 [02:53<02:00,  4.83it/s]
Epoch 1 - Training:  54%|█████▎    | 671/1250 [02:54<02:00,  4.81it/s]
Epoch 1 - Training:  54%|█████▍    | 672/1250 [02:54<01:59,  4.82it/s]
Epoch 1 - Training:  54%|█████▍    | 673/1250 [02:54<01:59,  4.82it/s]
Epoch 1 - Training:  54%|█████▍    | 674/1250 [02:54<01:59,  4.82it/s]
Epoch 1 - Training:  54%|█████▍    | 675/1250 [02:54<01:58,  4.83it/s]
Epoch 1 - Training:  54%|█████▍    | 676/1250 [02:55<01:59,  4.80it/s]
Epoch 1 - Training:  54%|█████▍    | 677/1250 [02:55<01:59,  4.81it/s]
Epoch 1 - Training:  54%|█████▍    | 678/1250 [02:55<01:58,  4.82it/s]
Epoch 1 - Training:  54%|█████▍    | 679/1250 [02:55<01:58,  4.83it/s]
Epoch 1 - Training:  54%|█████▍    | 680/1250 [02:56<01:57,  4.84it/s]
Epoch 1 - Training:  54%|█████▍    | 681/1250 [02:56<01:58,  4.80it/s]
Epoch 1 - Training:  55%|█████▍    | 682/1250 [02:56<01:58,  4.81it/s]
Epoch 1 - Training:  55%|█████▍    | 683/1250 [02:56<01:57,  4.82it/s]
Epoch 1 - Training:  55%|█████▍    | 684/1250 [02:56<01:57,  4.83it/s]
Epoch 1 - Training:  55%|█████▍    | 685/1250 [02:57<01:57,  4.82it/s]
Epoch 1 - Training:  55%|█████▍    | 686/1250 [02:57<01:57,  4.80it/s]
Epoch 1 - Training:  55%|█████▍    | 687/1250 [02:57<01:56,  4.82it/s]
Epoch 1 - Training:  55%|█████▌    | 688/1250 [02:57<01:56,  4.83it/s]
Epoch 1 - Training:  55%|█████▌    | 689/1250 [02:57<01:56,  4.82it/s]
Epoch 1 - Training:  55%|█████▌    | 690/1250 [02:58<01:55,  4.83it/s]
Epoch 1 - Training:  55%|█████▌    | 691/1250 [02:58<01:56,  4.80it/s]
Epoch 1 - Training:  55%|█████▌    | 692/1250 [02:58<01:56,  4.81it/s]
Epoch 1 - Training:  55%|█████▌    | 693/1250 [02:58<01:55,  4.82it/s]
Epoch 1 - Training:  56%|█████▌    | 694/1250 [02:58<01:55,  4.83it/s]
Epoch 1 - Training:  56%|█████▌    | 695/1250 [02:59<01:54,  4.84it/s]
Epoch 1 - Training:  56%|█████▌    | 696/1250 [02:59<01:55,  4.81it/s]
Epoch 1 - Training:  56%|█████▌    | 697/1250 [02:59<01:54,  4.82it/s]
Epoch 1 - Training:  56%|█████▌    | 698/1250 [02:59<01:54,  4.82it/s]
Epoch 1 - Training:  56%|█████▌    | 699/1250 [02:59<01:54,  4.83it/s]
Epoch 1 - Training:  56%|█████▌    | 700/1250 [03:00<01:53,  4.83it/s]
Epoch 1 - Training:  56%|█████▌    | 701/1250 [03:00<01:54,  4.80it/s]
Epoch 1 - Training:  56%|█████▌    | 702/1250 [03:00<01:53,  4.81it/s]
Epoch 1 - Training:  56%|█████▌    | 703/1250 [03:00<01:53,  4.82it/s]
Epoch 1 - Training:  56%|█████▋    | 704/1250 [03:01<01:53,  4.82it/s]
Epoch 1 - Training:  56%|█████▋    | 705/1250 [03:01<01:52,  4.83it/s]
Epoch 1 - Training:  56%|█████▋    | 706/1250 [03:01<01:53,  4.79it/s]
Epoch 1 - Training:  57%|█████▋    | 707/1250 [03:01<01:53,  4.80it/s]
Epoch 1 - Training:  57%|█████▋    | 708/1250 [03:01<01:52,  4.82it/s]
Epoch 1 - Training:  57%|█████▋    | 709/1250 [03:02<01:52,  4.82it/s]
Epoch 1 - Training:  57%|█████▋    | 710/1250 [03:02<01:51,  4.82it/s]
Epoch 1 - Training:  57%|█████▋    | 711/1250 [03:02<01:52,  4.80it/s]
Epoch 1 - Training:  57%|█████▋    | 712/1250 [03:02<01:51,  4.81it/s]
Epoch 1 - Training:  57%|█████▋    | 713/1250 [03:02<01:51,  4.81it/s]
Epoch 1 - Training:  57%|█████▋    | 714/1250 [03:03<01:51,  4.82it/s]
Epoch 1 - Training:  57%|█████▋    | 715/1250 [03:03<01:50,  4.83it/s]
Epoch 1 - Training:  57%|█████▋    | 716/1250 [03:03<01:51,  4.79it/s]
Epoch 1 - Training:  57%|█████▋    | 717/1250 [03:03<01:50,  4.80it/s]
Epoch 1 - Training:  57%|█████▋    | 718/1250 [03:03<01:50,  4.82it/s]
Epoch 1 - Training:  58%|█████▊    | 719/1250 [03:04<01:50,  4.82it/s]
Epoch 1 - Training:  58%|█████▊    | 720/1250 [03:04<01:49,  4.83it/s]
Epoch 1 - Training:  58%|█████▊    | 721/1250 [03:04<01:50,  4.80it/s]
Epoch 1 - Training:  58%|█████▊    | 722/1250 [03:04<01:49,  4.82it/s]
Epoch 1 - Training:  58%|█████▊    | 723/1250 [03:04<01:49,  4.83it/s]
Epoch 1 - Training:  58%|█████▊    | 724/1250 [03:05<01:48,  4.83it/s]
Epoch 1 - Training:  58%|█████▊    | 725/1250 [03:05<01:48,  4.83it/s]
Epoch 1 - Training:  58%|█████▊    | 726/1250 [03:05<01:49,  4.80it/s]
Epoch 1 - Training:  58%|█████▊    | 727/1250 [03:05<01:48,  4.81it/s]
Epoch 1 - Training:  58%|█████▊    | 728/1250 [03:05<01:48,  4.82it/s]
Epoch 1 - Training:  58%|█████▊    | 729/1250 [03:06<01:47,  4.83it/s]
Epoch 1 - Training:  58%|█████▊    | 730/1250 [03:06<01:47,  4.83it/s]
Epoch 1 - Training:  58%|█████▊    | 731/1250 [03:06<01:48,  4.80it/s]
Epoch 1 - Training:  59%|█████▊    | 732/1250 [03:06<01:47,  4.81it/s]
Epoch 1 - Training:  59%|█████▊    | 733/1250 [03:07<01:47,  4.82it/s]
Epoch 1 - Training:  59%|█████▊    | 734/1250 [03:07<01:46,  4.83it/s]
Epoch 1 - Training:  59%|█████▉    | 735/1250 [03:07<01:46,  4.83it/s]
Epoch 1 - Training:  59%|█████▉    | 736/1250 [03:07<01:47,  4.80it/s]
Epoch 1 - Training:  59%|█████▉    | 737/1250 [03:07<01:46,  4.82it/s]
Epoch 1 - Training:  59%|█████▉    | 738/1250 [03:08<01:46,  4.82it/s]
Epoch 1 - Training:  59%|█████▉    | 739/1250 [03:08<01:45,  4.82it/s]
Epoch 1 - Training:  59%|█████▉    | 740/1250 [03:08<01:45,  4.83it/s]
Epoch 1 - Training:  59%|█████▉    | 741/1250 [03:08<01:46,  4.79it/s]
Epoch 1 - Training:  59%|█████▉    | 742/1250 [03:08<01:45,  4.80it/s]
Epoch 1 - Training:  59%|█████▉    | 743/1250 [03:09<01:45,  4.81it/s]
Epoch 1 - Training:  60%|█████▉    | 744/1250 [03:09<01:44,  4.82it/s]
Epoch 1 - Training:  60%|█████▉    | 745/1250 [03:09<01:44,  4.83it/s]
Epoch 1 - Training:  60%|█████▉    | 746/1250 [03:09<01:45,  4.80it/s]
Epoch 1 - Training:  60%|█████▉    | 747/1250 [03:09<01:44,  4.81it/s]
Epoch 1 - Training:  60%|█████▉    | 748/1250 [03:10<01:44,  4.82it/s]
Epoch 1 - Training:  60%|█████▉    | 749/1250 [03:10<01:43,  4.83it/s]
Epoch 1 - Training:  60%|██████    | 750/1250 [03:10<01:43,  4.82it/s]
Epoch 1 - Training:  60%|██████    | 751/1250 [03:10<01:43,  4.80it/s]
Epoch 1 - Training:  60%|██████    | 752/1250 [03:10<01:43,  4.81it/s]
Epoch 1 - Training:  60%|██████    | 753/1250 [03:11<01:43,  4.82it/s]
Epoch 1 - Training:  60%|██████    | 754/1250 [03:11<01:42,  4.83it/s]
Epoch 1 - Training:  60%|██████    | 755/1250 [03:11<01:42,  4.83it/s]
Epoch 1 - Training:  60%|██████    | 756/1250 [03:11<01:42,  4.80it/s]
Epoch 1 - Training:  61%|██████    | 757/1250 [03:12<01:42,  4.82it/s]
Epoch 1 - Training:  61%|██████    | 758/1250 [03:12<01:41,  4.83it/s]
Epoch 1 - Training:  61%|██████    | 759/1250 [03:12<01:41,  4.82it/s]
Epoch 1 - Training:  61%|██████    | 760/1250 [03:12<01:41,  4.83it/s]
Epoch 1 - Training:  61%|██████    | 761/1250 [03:12<01:42,  4.79it/s]
Epoch 1 - Training:  61%|██████    | 762/1250 [03:13<01:41,  4.80it/s]
Epoch 1 - Training:  61%|██████    | 763/1250 [03:13<01:41,  4.81it/s]
Epoch 1 - Training:  61%|██████    | 764/1250 [03:13<01:40,  4.83it/s]
Epoch 1 - Training:  61%|██████    | 765/1250 [03:13<01:40,  4.83it/s]
Epoch 1 - Training:  61%|██████▏   | 766/1250 [03:13<01:40,  4.80it/s]
Epoch 1 - Training:  61%|██████▏   | 767/1250 [03:14<01:40,  4.81it/s]
Epoch 1 - Training:  61%|██████▏   | 768/1250 [03:14<01:40,  4.82it/s]
Epoch 1 - Training:  62%|██████▏   | 769/1250 [03:14<01:39,  4.82it/s]
Epoch 1 - Training:  62%|██████▏   | 770/1250 [03:14<01:39,  4.83it/s]
Epoch 1 - Training:  62%|██████▏   | 771/1250 [03:14<01:39,  4.80it/s]
Epoch 1 - Training:  62%|██████▏   | 772/1250 [03:15<01:39,  4.82it/s]
Epoch 1 - Training:  62%|██████▏   | 773/1250 [03:15<01:38,  4.82it/s]
Epoch 1 - Training:  62%|██████▏   | 774/1250 [03:15<01:38,  4.83it/s]
Epoch 1 - Training:  62%|██████▏   | 775/1250 [03:15<01:38,  4.84it/s]
Epoch 1 - Training:  62%|██████▏   | 776/1250 [03:15<01:38,  4.80it/s]
Epoch 1 - Training:  62%|██████▏   | 777/1250 [03:16<01:38,  4.81it/s]
Epoch 1 - Training:  62%|██████▏   | 778/1250 [03:16<01:37,  4.82it/s]
Epoch 1 - Training:  62%|██████▏   | 779/1250 [03:16<01:37,  4.82it/s]
Epoch 1 - Training:  62%|██████▏   | 780/1250 [03:16<01:37,  4.83it/s]
Epoch 1 - Training:  62%|██████▏   | 781/1250 [03:16<01:37,  4.79it/s]
Epoch 1 - Training:  63%|██████▎   | 782/1250 [03:17<01:37,  4.80it/s]
Epoch 1 - Training:  63%|██████▎   | 783/1250 [03:17<01:37,  4.81it/s]
Epoch 1 - Training:  63%|██████▎   | 784/1250 [03:17<01:36,  4.82it/s]
Epoch 1 - Training:  63%|██████▎   | 785/1250 [03:17<01:36,  4.82it/s]
Epoch 1 - Training:  63%|██████▎   | 786/1250 [03:18<01:36,  4.80it/s]
Epoch 1 - Training:  63%|██████▎   | 787/1250 [03:18<01:36,  4.80it/s]
Epoch 1 - Training:  63%|██████▎   | 788/1250 [03:18<01:36,  4.81it/s]
Epoch 1 - Training:  63%|██████▎   | 789/1250 [03:18<01:35,  4.82it/s]
Epoch 1 - Training:  63%|██████▎   | 790/1250 [03:18<01:35,  4.83it/s]
Epoch 1 - Training:  63%|██████▎   | 791/1250 [03:19<01:35,  4.80it/s]
Epoch 1 - Training:  63%|██████▎   | 792/1250 [03:19<01:35,  4.81it/s]
Epoch 1 - Training:  63%|██████▎   | 793/1250 [03:19<01:34,  4.82it/s]
Epoch 1 - Training:  64%|██████▎   | 794/1250 [03:19<01:34,  4.83it/s]
Epoch 1 - Training:  64%|██████▎   | 795/1250 [03:19<01:34,  4.83it/s]
Epoch 1 - Training:  64%|██████▎   | 796/1250 [03:20<01:34,  4.80it/s]
Epoch 1 - Training:  64%|██████▍   | 797/1250 [03:20<01:34,  4.81it/s]
Epoch 1 - Training:  64%|██████▍   | 798/1250 [03:20<01:33,  4.82it/s]
Epoch 1 - Training:  64%|██████▍   | 799/1250 [03:20<01:33,  4.83it/s]
Epoch 1 - Training:  64%|██████▍   | 800/1250 [03:20<01:33,  4.82it/s]
Epoch 1 - Training:  64%|██████▍   | 801/1250 [03:21<01:33,  4.80it/s]
Epoch 1 - Training:  64%|██████▍   | 802/1250 [03:21<01:33,  4.81it/s]
Epoch 1 - Training:  64%|██████▍   | 803/1250 [03:21<01:32,  4.82it/s]
Epoch 1 - Training:  64%|██████▍   | 804/1250 [03:21<01:32,  4.82it/s]
Epoch 1 - Training:  64%|██████▍   | 805/1250 [03:21<01:32,  4.83it/s]
Epoch 1 - Training:  64%|██████▍   | 806/1250 [03:22<01:32,  4.79it/s]
Epoch 1 - Training:  65%|██████▍   | 807/1250 [03:22<01:32,  4.81it/s]
Epoch 1 - Training:  65%|██████▍   | 808/1250 [03:22<01:31,  4.82it/s]
Epoch 1 - Training:  65%|██████▍   | 809/1250 [03:22<01:31,  4.83it/s]
Epoch 1 - Training:  65%|██████▍   | 810/1250 [03:23<01:31,  4.83it/s]
Epoch 1 - Training:  65%|██████▍   | 811/1250 [03:23<01:31,  4.80it/s]
Epoch 1 - Training:  65%|██████▍   | 812/1250 [03:23<01:30,  4.82it/s]
Epoch 1 - Training:  65%|██████▌   | 813/1250 [03:23<01:30,  4.83it/s]
Epoch 1 - Training:  65%|██████▌   | 814/1250 [03:23<01:30,  4.83it/s]
Epoch 1 - Training:  65%|██████▌   | 815/1250 [03:24<01:29,  4.84it/s]
Epoch 1 - Training:  65%|██████▌   | 816/1250 [03:24<01:30,  4.80it/s]
Epoch 1 - Training:  65%|██████▌   | 817/1250 [03:24<01:30,  4.81it/s]
Epoch 1 - Training:  65%|██████▌   | 818/1250 [03:24<01:29,  4.82it/s]
Epoch 1 - Training:  66%|██████▌   | 819/1250 [03:24<01:29,  4.82it/s]
Epoch 1 - Training:  66%|██████▌   | 820/1250 [03:25<01:29,  4.83it/s]
Epoch 1 - Training:  66%|██████▌   | 821/1250 [03:25<01:29,  4.80it/s]
Epoch 1 - Training:  66%|██████▌   | 822/1250 [03:25<01:28,  4.81it/s]
Epoch 1 - Training:  66%|██████▌   | 823/1250 [03:25<01:28,  4.81it/s]
Epoch 1 - Training:  66%|██████▌   | 824/1250 [03:25<01:28,  4.83it/s]
Epoch 1 - Training:  66%|██████▌   | 825/1250 [03:26<01:28,  4.83it/s]
Epoch 1 - Training:  66%|██████▌   | 826/1250 [03:26<01:28,  4.80it/s]
Epoch 1 - Training:  66%|██████▌   | 827/1250 [03:26<01:27,  4.81it/s]
Epoch 1 - Training:  66%|██████▌   | 828/1250 [03:26<01:27,  4.82it/s]
Epoch 1 - Training:  66%|██████▋   | 829/1250 [03:26<01:27,  4.83it/s]
Epoch 1 - Training:  66%|██████▋   | 830/1250 [03:27<01:26,  4.83it/s]
Epoch 1 - Training:  66%|██████▋   | 831/1250 [03:27<01:27,  4.80it/s]
Epoch 1 - Training:  67%|██████▋   | 832/1250 [03:27<01:26,  4.81it/s]
Epoch 1 - Training:  67%|██████▋   | 833/1250 [03:27<01:26,  4.83it/s]
Epoch 1 - Training:  67%|██████▋   | 834/1250 [03:27<01:26,  4.82it/s]
Epoch 1 - Training:  67%|██████▋   | 835/1250 [03:28<01:25,  4.83it/s]
Epoch 1 - Training:  67%|██████▋   | 836/1250 [03:28<01:26,  4.80it/s]
Epoch 1 - Training:  67%|██████▋   | 837/1250 [03:28<01:25,  4.82it/s]
Epoch 1 - Training:  67%|██████▋   | 838/1250 [03:28<01:25,  4.82it/s]
Epoch 1 - Training:  67%|██████▋   | 839/1250 [03:29<01:25,  4.82it/s]
Epoch 1 - Training:  67%|██████▋   | 840/1250 [03:29<01:24,  4.83it/s]
Epoch 1 - Training:  67%|██████▋   | 841/1250 [03:29<01:25,  4.80it/s]
Epoch 1 - Training:  67%|██████▋   | 842/1250 [03:29<01:24,  4.81it/s]
Epoch 1 - Training:  67%|██████▋   | 843/1250 [03:29<01:24,  4.82it/s]
Epoch 1 - Training:  68%|██████▊   | 844/1250 [03:30<01:24,  4.83it/s]
Epoch 1 - Training:  68%|██████▊   | 845/1250 [03:30<01:23,  4.83it/s]
Epoch 1 - Training:  68%|██████▊   | 846/1250 [03:30<01:24,  4.80it/s]
Epoch 1 - Training:  68%|██████▊   | 847/1250 [03:30<01:23,  4.80it/s]
Epoch 1 - Training:  68%|██████▊   | 848/1250 [03:30<01:23,  4.82it/s]
Epoch 1 - Training:  68%|██████▊   | 849/1250 [03:31<01:23,  4.82it/s]
Epoch 1 - Training:  68%|██████▊   | 850/1250 [03:31<01:22,  4.83it/s]
Epoch 1 - Training:  68%|██████▊   | 851/1250 [03:31<01:23,  4.80it/s]
Epoch 1 - Training:  68%|██████▊   | 852/1250 [03:31<01:22,  4.82it/s]
Epoch 1 - Training:  68%|██████▊   | 853/1250 [03:31<01:22,  4.82it/s]
Epoch 1 - Training:  68%|██████▊   | 854/1250 [03:32<01:21,  4.83it/s]
Epoch 1 - Training:  68%|██████▊   | 855/1250 [03:32<01:21,  4.83it/s]
Epoch 1 - Training:  68%|██████▊   | 856/1250 [03:32<01:22,  4.80it/s]
Epoch 1 - Training:  69%|██████▊   | 857/1250 [03:32<01:21,  4.81it/s]
Epoch 1 - Training:  69%|██████▊   | 858/1250 [03:32<01:21,  4.82it/s]
Epoch 1 - Training:  69%|██████▊   | 859/1250 [03:33<01:21,  4.82it/s]
Epoch 1 - Training:  69%|██████▉   | 860/1250 [03:33<01:20,  4.83it/s]
Epoch 1 - Training:  69%|██████▉   | 861/1250 [03:33<01:21,  4.80it/s]
Epoch 1 - Training:  69%|██████▉   | 862/1250 [03:33<01:20,  4.81it/s]
Epoch 1 - Training:  69%|██████▉   | 863/1250 [03:34<01:20,  4.82it/s]
Epoch 1 - Training:  69%|██████▉   | 864/1250 [03:34<01:20,  4.82it/s]
Epoch 1 - Training:  69%|██████▉   | 865/1250 [03:34<01:19,  4.83it/s]
Epoch 1 - Training:  69%|██████▉   | 866/1250 [03:34<01:20,  4.80it/s]
Epoch 1 - Training:  69%|██████▉   | 867/1250 [03:34<01:19,  4.81it/s]
Epoch 1 - Training:  69%|██████▉   | 868/1250 [03:35<01:19,  4.82it/s]
Epoch 1 - Training:  70%|██████▉   | 869/1250 [03:35<01:18,  4.83it/s]
Epoch 1 - Training:  70%|██████▉   | 870/1250 [03:35<01:18,  4.83it/s]
Epoch 1 - Training:  70%|██████▉   | 871/1250 [03:35<01:19,  4.80it/s]
Epoch 1 - Training:  70%|██████▉   | 872/1250 [03:35<01:18,  4.81it/s]
Epoch 1 - Training:  70%|██████▉   | 873/1250 [03:36<01:18,  4.82it/s]
Epoch 1 - Training:  70%|██████▉   | 874/1250 [03:36<01:17,  4.83it/s]
Epoch 1 - Training:  70%|███████   | 875/1250 [03:36<01:17,  4.83it/s]
Epoch 1 - Training:  70%|███████   | 876/1250 [03:36<01:18,  4.79it/s]
Epoch 1 - Training:  70%|███████   | 877/1250 [03:36<01:17,  4.81it/s]
Epoch 1 - Training:  70%|███████   | 878/1250 [03:37<01:17,  4.81it/s]
Epoch 1 - Training:  70%|███████   | 879/1250 [03:37<01:16,  4.82it/s]
Epoch 1 - Training:  70%|███████   | 880/1250 [03:37<01:16,  4.82it/s]
Epoch 1 - Training:  70%|███████   | 881/1250 [03:37<01:16,  4.80it/s]
Epoch 1 - Training:  71%|███████   | 882/1250 [03:37<01:16,  4.81it/s]
Epoch 1 - Training:  71%|███████   | 883/1250 [03:38<01:16,  4.82it/s]
Epoch 1 - Training:  71%|███████   | 884/1250 [03:38<01:15,  4.83it/s]
Epoch 1 - Training:  71%|███████   | 885/1250 [03:38<01:15,  4.83it/s]
Epoch 1 - Training:  71%|███████   | 886/1250 [03:38<01:15,  4.80it/s]
Epoch 1 - Training:  71%|███████   | 887/1250 [03:39<01:15,  4.82it/s]
Epoch 1 - Training:  71%|███████   | 888/1250 [03:39<01:15,  4.82it/s]
Epoch 1 - Training:  71%|███████   | 889/1250 [03:39<01:14,  4.82it/s]
Epoch 1 - Training:  71%|███████   | 890/1250 [03:39<01:14,  4.83it/s]
Epoch 1 - Training:  71%|███████▏  | 891/1250 [03:39<01:14,  4.79it/s]
Epoch 1 - Training:  71%|███████▏  | 892/1250 [03:40<01:14,  4.80it/s]
Epoch 1 - Training:  71%|███████▏  | 893/1250 [03:40<01:14,  4.82it/s]
Epoch 1 - Training:  72%|███████▏  | 894/1250 [03:40<01:13,  4.82it/s]
Epoch 1 - Training:  72%|███████▏  | 895/1250 [03:40<01:13,  4.83it/s]
Epoch 1 - Training:  72%|███████▏  | 896/1250 [03:40<01:13,  4.79it/s]
Epoch 1 - Training:  72%|███████▏  | 897/1250 [03:41<01:13,  4.80it/s]
Epoch 1 - Training:  72%|███████▏  | 898/1250 [03:41<01:13,  4.81it/s]
Epoch 1 - Training:  72%|███████▏  | 899/1250 [03:41<01:12,  4.82it/s]
Epoch 1 - Training:  72%|███████▏  | 900/1250 [03:41<01:12,  4.83it/s]
Epoch 1 - Training:  72%|███████▏  | 901/1250 [03:41<01:12,  4.80it/s]
Epoch 1 - Training:  72%|███████▏  | 902/1250 [03:42<01:12,  4.81it/s]
Epoch 1 - Training:  72%|███████▏  | 903/1250 [03:42<01:12,  4.82it/s]
Epoch 1 - Training:  72%|███████▏  | 904/1250 [03:42<01:11,  4.83it/s]
Epoch 1 - Training:  72%|███████▏  | 905/1250 [03:42<01:11,  4.83it/s]
Epoch 1 - Training:  72%|███████▏  | 906/1250 [03:42<01:11,  4.80it/s]
Epoch 1 - Training:  73%|███████▎  | 907/1250 [03:43<01:11,  4.82it/s]
Epoch 1 - Training:  73%|███████▎  | 908/1250 [03:43<01:10,  4.83it/s]
Epoch 1 - Training:  73%|███████▎  | 909/1250 [03:43<01:10,  4.83it/s]
Epoch 1 - Training:  73%|███████▎  | 910/1250 [03:43<01:10,  4.83it/s]
Epoch 1 - Training:  73%|███████▎  | 911/1250 [03:43<01:10,  4.79it/s]
Epoch 1 - Training:  73%|███████▎  | 912/1250 [03:44<01:10,  4.80it/s]
Epoch 1 - Training:  73%|███████▎  | 913/1250 [03:44<01:09,  4.81it/s]
Epoch 1 - Training:  73%|███████▎  | 914/1250 [03:44<01:09,  4.82it/s]
Epoch 1 - Training:  73%|███████▎  | 915/1250 [03:44<01:09,  4.83it/s]
Epoch 1 - Training:  73%|███████▎  | 916/1250 [03:45<01:09,  4.79it/s]
Epoch 1 - Training:  73%|███████▎  | 917/1250 [03:45<01:09,  4.80it/s]
Epoch 1 - Training:  73%|███████▎  | 918/1250 [03:45<01:08,  4.82it/s]
Epoch 1 - Training:  74%|███████▎  | 919/1250 [03:45<01:08,  4.83it/s]
Epoch 1 - Training:  74%|███████▎  | 920/1250 [03:45<01:08,  4.83it/s]
Epoch 1 - Training:  74%|███████▎  | 921/1250 [03:46<01:08,  4.80it/s]
Epoch 1 - Training:  74%|███████▍  | 922/1250 [03:46<01:08,  4.81it/s]
Epoch 1 - Training:  74%|███████▍  | 923/1250 [03:46<01:07,  4.82it/s]
Epoch 1 - Training:  74%|███████▍  | 924/1250 [03:46<01:07,  4.82it/s]
Epoch 1 - Training:  74%|███████▍  | 925/1250 [03:46<01:07,  4.83it/s]
Epoch 1 - Training:  74%|███████▍  | 926/1250 [03:47<01:07,  4.79it/s]
Epoch 1 - Training:  74%|███████▍  | 927/1250 [03:47<01:07,  4.81it/s]
Epoch 1 - Training:  74%|███████▍  | 928/1250 [03:47<01:06,  4.82it/s]
Epoch 1 - Training:  74%|███████▍  | 929/1250 [03:47<01:06,  4.83it/s]
Epoch 1 - Training:  74%|███████▍  | 930/1250 [03:47<01:06,  4.83it/s]
Epoch 1 - Training:  74%|███████▍  | 931/1250 [03:48<01:06,  4.80it/s]
Epoch 1 - Training:  75%|███████▍  | 932/1250 [03:48<01:06,  4.81it/s]
Epoch 1 - Training:  75%|███████▍  | 933/1250 [03:48<01:05,  4.82it/s]
Epoch 1 - Training:  75%|███████▍  | 934/1250 [03:48<01:05,  4.82it/s]
Epoch 1 - Training:  75%|███████▍  | 935/1250 [03:48<01:05,  4.83it/s]
Epoch 1 - Training:  75%|███████▍  | 936/1250 [03:49<01:05,  4.79it/s]
Epoch 1 - Training:  75%|███████▍  | 937/1250 [03:49<01:05,  4.80it/s]
Epoch 1 - Training:  75%|███████▌  | 938/1250 [03:49<01:04,  4.82it/s]
Epoch 1 - Training:  75%|███████▌  | 939/1250 [03:49<01:04,  4.81it/s]
Epoch 1 - Training:  75%|███████▌  | 940/1250 [03:50<01:04,  4.83it/s]
Epoch 1 - Training:  75%|███████▌  | 941/1250 [03:50<01:04,  4.79it/s]
Epoch 1 - Training:  75%|███████▌  | 942/1250 [03:50<01:03,  4.81it/s]
Epoch 1 - Training:  75%|███████▌  | 943/1250 [03:50<01:03,  4.82it/s]
Epoch 1 - Training:  76%|███████▌  | 944/1250 [03:50<01:03,  4.83it/s]
Epoch 1 - Training:  76%|███████▌  | 945/1250 [03:51<01:03,  4.83it/s]
Epoch 1 - Training:  76%|███████▌  | 946/1250 [03:51<01:03,  4.80it/s]
Epoch 1 - Training:  76%|███████▌  | 947/1250 [03:51<01:02,  4.82it/s]
Epoch 1 - Training:  76%|███████▌  | 948/1250 [03:51<01:02,  4.83it/s]
Epoch 1 - Training:  76%|███████▌  | 949/1250 [03:51<01:02,  4.82it/s]
Epoch 1 - Training:  76%|███████▌  | 950/1250 [03:52<01:02,  4.82it/s]
Epoch 1 - Training:  76%|███████▌  | 951/1250 [03:52<01:02,  4.79it/s]
Epoch 1 - Training:  76%|███████▌  | 952/1250 [03:52<01:02,  4.80it/s]
Epoch 1 - Training:  76%|███████▌  | 953/1250 [03:52<01:01,  4.81it/s]
Epoch 1 - Training:  76%|███████▋  | 954/1250 [03:52<01:01,  4.82it/s]
Epoch 1 - Training:  76%|███████▋  | 955/1250 [03:53<01:01,  4.83it/s]
Epoch 1 - Training:  76%|███████▋  | 956/1250 [03:53<01:01,  4.80it/s]
Epoch 1 - Training:  77%|███████▋  | 957/1250 [03:53<01:00,  4.81it/s]
Epoch 1 - Training:  77%|███████▋  | 958/1250 [03:53<01:00,  4.82it/s]
Epoch 1 - Training:  77%|███████▋  | 959/1250 [03:53<01:00,  4.83it/s]
Epoch 1 - Training:  77%|███████▋  | 960/1250 [03:54<01:00,  4.83it/s]
Epoch 1 - Training:  77%|███████▋  | 961/1250 [03:54<01:00,  4.80it/s]
Epoch 1 - Training:  77%|███████▋  | 962/1250 [03:54<00:59,  4.82it/s]
Epoch 1 - Training:  77%|███████▋  | 963/1250 [03:54<00:59,  4.82it/s]
Epoch 1 - Training:  77%|███████▋  | 964/1250 [03:54<00:59,  4.83it/s]
Epoch 1 - Training:  77%|███████▋  | 965/1250 [03:55<00:59,  4.82it/s]
Epoch 1 - Training:  77%|███████▋  | 966/1250 [03:55<00:59,  4.80it/s]
Epoch 1 - Training:  77%|███████▋  | 967/1250 [03:55<00:58,  4.81it/s]
Epoch 1 - Training:  77%|███████▋  | 968/1250 [03:55<00:58,  4.82it/s]
Epoch 1 - Training:  78%|███████▊  | 969/1250 [03:56<00:58,  4.83it/s]
Epoch 1 - Training:  78%|███████▊  | 970/1250 [03:56<00:57,  4.83it/s]
Epoch 1 - Training:  78%|███████▊  | 971/1250 [03:56<00:58,  4.80it/s]
Epoch 1 - Training:  78%|███████▊  | 972/1250 [03:56<00:57,  4.81it/s]
Epoch 1 - Training:  78%|███████▊  | 973/1250 [03:56<00:57,  4.82it/s]
Epoch 1 - Training:  78%|███████▊  | 974/1250 [03:57<00:57,  4.82it/s]
Epoch 1 - Training:  78%|███████▊  | 975/1250 [03:57<00:56,  4.83it/s]
Epoch 1 - Training:  78%|███████▊  | 976/1250 [03:57<00:57,  4.79it/s]
Epoch 1 - Training:  78%|███████▊  | 977/1250 [03:57<00:56,  4.80it/s]
Epoch 1 - Training:  78%|███████▊  | 978/1250 [03:57<00:56,  4.81it/s]
Epoch 1 - Training:  78%|███████▊  | 979/1250 [03:58<00:56,  4.81it/s]
Epoch 1 - Training:  78%|███████▊  | 980/1250 [03:58<00:55,  4.83it/s]
Epoch 1 - Training:  78%|███████▊  | 981/1250 [03:58<00:56,  4.80it/s]
Epoch 1 - Training:  79%|███████▊  | 982/1250 [03:58<00:55,  4.81it/s]
Epoch 1 - Training:  79%|███████▊  | 983/1250 [03:58<00:55,  4.82it/s]
Epoch 1 - Training:  79%|███████▊  | 984/1250 [03:59<00:55,  4.83it/s]
Epoch 1 - Training:  79%|███████▉  | 985/1250 [03:59<00:54,  4.82it/s]
Epoch 1 - Training:  79%|███████▉  | 986/1250 [03:59<00:55,  4.79it/s]
Epoch 1 - Training:  79%|███████▉  | 987/1250 [03:59<00:54,  4.81it/s]
Epoch 1 - Training:  79%|███████▉  | 988/1250 [03:59<00:54,  4.82it/s]
Epoch 1 - Training:  79%|███████▉  | 989/1250 [04:00<00:54,  4.83it/s]
Epoch 1 - Training:  79%|███████▉  | 990/1250 [04:00<00:53,  4.83it/s]
Epoch 1 - Training:  79%|███████▉  | 991/1250 [04:00<00:53,  4.80it/s]
Epoch 1 - Training:  79%|███████▉  | 992/1250 [04:00<00:53,  4.82it/s]
Epoch 1 - Training:  79%|███████▉  | 993/1250 [04:01<00:53,  4.82it/s]
Epoch 1 - Training:  80%|███████▉  | 994/1250 [04:01<00:53,  4.82it/s]
Epoch 1 - Training:  80%|███████▉  | 995/1250 [04:01<00:52,  4.84it/s]
Epoch 1 - Training:  80%|███████▉  | 996/1250 [04:01<00:52,  4.81it/s]
Epoch 1 - Training:  80%|███████▉  | 997/1250 [04:01<00:52,  4.81it/s]
Epoch 1 - Training:  80%|███████▉  | 998/1250 [04:02<00:52,  4.82it/s]
Epoch 1 - Training:  80%|███████▉  | 999/1250 [04:02<00:52,  4.83it/s]
Epoch 1 - Training:  80%|████████  | 1000/1250 [04:02<00:51,  4.82it/s]
Epoch 1 - Training:  80%|████████  | 1001/1250 [04:02<00:51,  4.80it/s]
Epoch 1 - Training:  80%|████████  | 1002/1250 [04:02<00:51,  4.82it/s]
Epoch 1 - Training:  80%|████████  | 1003/1250 [04:03<00:51,  4.83it/s]
Epoch 1 - Training:  80%|████████  | 1004/1250 [04:03<00:51,  4.82it/s]
Epoch 1 - Training:  80%|████████  | 1005/1250 [04:03<00:50,  4.83it/s]
Epoch 1 - Training:  80%|████████  | 1006/1250 [04:03<00:50,  4.79it/s]
Epoch 1 - Training:  81%|████████  | 1007/1250 [04:03<00:50,  4.80it/s]
Epoch 1 - Training:  81%|████████  | 1008/1250 [04:04<00:50,  4.82it/s]
Epoch 1 - Training:  81%|████████  | 1009/1250 [04:04<00:49,  4.82it/s]
Epoch 1 - Training:  81%|████████  | 1010/1250 [04:04<00:49,  4.83it/s]
Epoch 1 - Training:  81%|████████  | 1011/1250 [04:04<00:49,  4.81it/s]
Epoch 1 - Training:  81%|████████  | 1012/1250 [04:04<00:49,  4.82it/s]
Epoch 1 - Training:  81%|████████  | 1013/1250 [04:05<00:49,  4.82it/s]
Epoch 1 - Training:  81%|████████  | 1014/1250 [04:05<00:48,  4.83it/s]
Epoch 1 - Training:  81%|████████  | 1015/1250 [04:05<00:48,  4.83it/s]
Epoch 1 - Training:  81%|████████▏ | 1016/1250 [04:05<00:48,  4.80it/s]
Epoch 1 - Training:  81%|████████▏ | 1017/1250 [04:05<00:48,  4.81it/s]
Epoch 1 - Training:  81%|████████▏ | 1018/1250 [04:06<00:48,  4.82it/s]
Epoch 1 - Training:  82%|████████▏ | 1019/1250 [04:06<00:47,  4.82it/s]
Epoch 1 - Training:  82%|████████▏ | 1020/1250 [04:06<00:47,  4.83it/s]
Epoch 1 - Training:  82%|████████▏ | 1021/1250 [04:06<00:47,  4.80it/s]
Epoch 1 - Training:  82%|████████▏ | 1022/1250 [04:07<00:47,  4.81it/s]
Epoch 1 - Training:  82%|████████▏ | 1023/1250 [04:07<00:47,  4.82it/s]
Epoch 1 - Training:  82%|████████▏ | 1024/1250 [04:07<00:46,  4.83it/s]
Epoch 1 - Training:  82%|████████▏ | 1025/1250 [04:07<00:46,  4.83it/s]
Epoch 1 - Training:  82%|████████▏ | 1026/1250 [04:07<00:46,  4.80it/s]
Epoch 1 - Training:  82%|████████▏ | 1027/1250 [04:08<00:46,  4.82it/s]
Epoch 1 - Training:  82%|████████▏ | 1028/1250 [04:08<00:46,  4.82it/s]
Epoch 1 - Training:  82%|████████▏ | 1029/1250 [04:08<00:45,  4.83it/s]
Epoch 1 - Training:  82%|████████▏ | 1030/1250 [04:08<00:45,  4.84it/s]
Epoch 1 - Training:  82%|████████▏ | 1031/1250 [04:08<00:45,  4.80it/s]
Epoch 1 - Training:  83%|████████▎ | 1032/1250 [04:09<00:45,  4.81it/s]
Epoch 1 - Training:  83%|████████▎ | 1033/1250 [04:09<00:44,  4.82it/s]
Epoch 1 - Training:  83%|████████▎ | 1034/1250 [04:09<00:44,  4.82it/s]
Epoch 1 - Training:  83%|████████▎ | 1035/1250 [04:09<00:44,  4.83it/s]
Epoch 1 - Training:  83%|████████▎ | 1036/1250 [04:09<00:44,  4.80it/s]
Epoch 1 - Training:  83%|████████▎ | 1037/1250 [04:10<00:44,  4.80it/s]
Epoch 1 - Training:  83%|████████▎ | 1038/1250 [04:10<00:44,  4.81it/s]
Epoch 1 - Training:  83%|████████▎ | 1039/1250 [04:10<00:43,  4.82it/s]
Epoch 1 - Training:  83%|████████▎ | 1040/1250 [04:10<00:43,  4.82it/s]
Epoch 1 - Training:  83%|████████▎ | 1041/1250 [04:10<00:43,  4.79it/s]
Epoch 1 - Training:  83%|████████▎ | 1042/1250 [04:11<00:43,  4.81it/s]
Epoch 1 - Training:  83%|████████▎ | 1043/1250 [04:11<00:42,  4.82it/s]
Epoch 1 - Training:  84%|████████▎ | 1044/1250 [04:11<00:42,  4.82it/s]
Epoch 1 - Training:  84%|████████▎ | 1045/1250 [04:11<00:42,  4.84it/s]
Epoch 1 - Training:  84%|████████▎ | 1046/1250 [04:12<00:42,  4.81it/s]
Epoch 1 - Training:  84%|████████▍ | 1047/1250 [04:12<00:42,  4.82it/s]
Epoch 1 - Training:  84%|████████▍ | 1048/1250 [04:12<00:41,  4.83it/s]
Epoch 1 - Training:  84%|████████▍ | 1049/1250 [04:12<00:41,  4.83it/s]
Epoch 1 - Training:  84%|████████▍ | 1050/1250 [04:12<00:41,  4.84it/s]
Epoch 1 - Training:  84%|████████▍ | 1051/1250 [04:13<00:41,  4.80it/s]
Epoch 1 - Training:  84%|████████▍ | 1052/1250 [04:13<00:41,  4.81it/s]
Epoch 1 - Training:  84%|████████▍ | 1053/1250 [04:13<00:40,  4.83it/s]
Epoch 1 - Training:  84%|████████▍ | 1054/1250 [04:13<00:40,  4.83it/s]
Epoch 1 - Training:  84%|████████▍ | 1055/1250 [04:13<00:40,  4.83it/s]
Epoch 1 - Training:  84%|████████▍ | 1056/1250 [04:14<00:40,  4.80it/s]
Epoch 1 - Training:  85%|████████▍ | 1057/1250 [04:14<00:40,  4.82it/s]
Epoch 1 - Training:  85%|████████▍ | 1058/1250 [04:14<00:39,  4.83it/s]
Epoch 1 - Training:  85%|████████▍ | 1059/1250 [04:14<00:39,  4.82it/s]
Epoch 1 - Training:  85%|████████▍ | 1060/1250 [04:14<00:39,  4.83it/s]
Epoch 1 - Training:  85%|████████▍ | 1061/1250 [04:15<00:39,  4.80it/s]
Epoch 1 - Training:  85%|████████▍ | 1062/1250 [04:15<00:39,  4.82it/s]
Epoch 1 - Training:  85%|████████▌ | 1063/1250 [04:15<00:38,  4.82it/s]
Epoch 1 - Training:  85%|████████▌ | 1064/1250 [04:15<00:38,  4.83it/s]
Epoch 1 - Training:  85%|████████▌ | 1065/1250 [04:15<00:38,  4.84it/s]
Epoch 1 - Training:  85%|████████▌ | 1066/1250 [04:16<00:38,  4.80it/s]
Epoch 1 - Training:  85%|████████▌ | 1067/1250 [04:16<00:38,  4.81it/s]
Epoch 1 - Training:  85%|████████▌ | 1068/1250 [04:16<00:37,  4.82it/s]
Epoch 1 - Training:  86%|████████▌ | 1069/1250 [04:16<00:37,  4.83it/s]
Epoch 1 - Training:  86%|████████▌ | 1070/1250 [04:16<00:37,  4.83it/s]
Epoch 1 - Training:  86%|████████▌ | 1071/1250 [04:17<00:37,  4.80it/s]
Epoch 1 - Training:  86%|████████▌ | 1072/1250 [04:17<00:37,  4.81it/s]
Epoch 1 - Training:  86%|████████▌ | 1073/1250 [04:17<00:36,  4.82it/s]
Epoch 1 - Training:  86%|████████▌ | 1074/1250 [04:17<00:36,  4.83it/s]
Epoch 1 - Training:  86%|████████▌ | 1075/1250 [04:18<00:36,  4.83it/s]
Epoch 1 - Training:  86%|████████▌ | 1076/1250 [04:18<00:36,  4.80it/s]
Epoch 1 - Training:  86%|████████▌ | 1077/1250 [04:18<00:35,  4.81it/s]
Epoch 1 - Training:  86%|████████▌ | 1078/1250 [04:18<00:35,  4.82it/s]
Epoch 1 - Training:  86%|████████▋ | 1079/1250 [04:18<00:35,  4.82it/s]
Epoch 1 - Training:  86%|████████▋ | 1080/1250 [04:19<00:35,  4.83it/s]
Epoch 1 - Training:  86%|████████▋ | 1081/1250 [04:19<00:35,  4.80it/s]
Epoch 1 - Training:  87%|████████▋ | 1082/1250 [04:19<00:34,  4.82it/s]
Epoch 1 - Training:  87%|████████▋ | 1083/1250 [04:19<00:34,  4.82it/s]
Epoch 1 - Training:  87%|████████▋ | 1084/1250 [04:19<00:34,  4.83it/s]
Epoch 1 - Training:  87%|████████▋ | 1085/1250 [04:20<00:34,  4.83it/s]
Epoch 1 - Training:  87%|████████▋ | 1086/1250 [04:20<00:34,  4.79it/s]
Epoch 1 - Training:  87%|████████▋ | 1087/1250 [04:20<00:33,  4.80it/s]
Epoch 1 - Training:  87%|████████▋ | 1088/1250 [04:20<00:33,  4.82it/s]
Epoch 1 - Training:  87%|████████▋ | 1089/1250 [04:20<00:33,  4.82it/s]
Epoch 1 - Training:  87%|████████▋ | 1090/1250 [04:21<00:33,  4.82it/s]
Epoch 1 - Training:  87%|████████▋ | 1091/1250 [04:21<00:33,  4.80it/s]
Epoch 1 - Training:  87%|████████▋ | 1092/1250 [04:21<00:32,  4.81it/s]
Epoch 1 - Training:  87%|████████▋ | 1093/1250 [04:21<00:32,  4.82it/s]
Epoch 1 - Training:  88%|████████▊ | 1094/1250 [04:21<00:32,  4.83it/s]
Epoch 1 - Training:  88%|████████▊ | 1095/1250 [04:22<00:32,  4.83it/s]
Epoch 1 - Training:  88%|████████▊ | 1096/1250 [04:22<00:32,  4.80it/s]
Epoch 1 - Training:  88%|████████▊ | 1097/1250 [04:22<00:31,  4.80it/s]
Epoch 1 - Training:  88%|████████▊ | 1098/1250 [04:22<00:31,  4.81it/s]
Epoch 1 - Training:  88%|████████▊ | 1099/1250 [04:23<00:31,  4.81it/s]
Epoch 1 - Training:  88%|████████▊ | 1100/1250 [04:23<00:31,  4.82it/s]
Epoch 1 - Training:  88%|████████▊ | 1101/1250 [04:23<00:31,  4.79it/s]
Epoch 1 - Training:  88%|████████▊ | 1102/1250 [04:23<00:30,  4.81it/s]
Epoch 1 - Training:  88%|████████▊ | 1103/1250 [04:23<00:30,  4.82it/s]
Epoch 1 - Training:  88%|████████▊ | 1104/1250 [04:24<00:30,  4.82it/s]
Epoch 1 - Training:  88%|████████▊ | 1105/1250 [04:24<00:30,  4.83it/s]
Epoch 1 - Training:  88%|████████▊ | 1106/1250 [04:24<00:29,  4.80it/s]
Epoch 1 - Training:  89%|████████▊ | 1107/1250 [04:24<00:29,  4.82it/s]
Epoch 1 - Training:  89%|████████▊ | 1108/1250 [04:24<00:29,  4.82it/s]
Epoch 1 - Training:  89%|████████▊ | 1109/1250 [04:25<00:29,  4.83it/s]
Epoch 1 - Training:  89%|████████▉ | 1110/1250 [04:25<00:28,  4.84it/s]
Epoch 1 - Training:  89%|████████▉ | 1111/1250 [04:25<00:28,  4.80it/s]
Epoch 1 - Training:  89%|████████▉ | 1112/1250 [04:25<00:28,  4.81it/s]
Epoch 1 - Training:  89%|████████▉ | 1113/1250 [04:25<00:28,  4.83it/s]
Epoch 1 - Training:  89%|████████▉ | 1114/1250 [04:26<00:28,  4.83it/s]
Epoch 1 - Training:  89%|████████▉ | 1115/1250 [04:26<00:27,  4.83it/s]
Epoch 1 - Training:  89%|████████▉ | 1116/1250 [04:26<00:27,  4.80it/s]
Epoch 1 - Training:  89%|████████▉ | 1117/1250 [04:26<00:27,  4.82it/s]
Epoch 1 - Training:  89%|████████▉ | 1118/1250 [04:26<00:27,  4.82it/s]
Epoch 1 - Training:  90%|████████▉ | 1119/1250 [04:27<00:27,  4.82it/s]
Epoch 1 - Training:  90%|████████▉ | 1120/1250 [04:27<00:26,  4.83it/s]
Epoch 1 - Training:  90%|████████▉ | 1121/1250 [04:27<00:26,  4.79it/s]
Epoch 1 - Training:  90%|████████▉ | 1122/1250 [04:27<00:26,  4.80it/s]
Epoch 1 - Training:  90%|████████▉ | 1123/1250 [04:28<00:26,  4.81it/s]
Epoch 1 - Training:  90%|████████▉ | 1124/1250 [04:28<00:26,  4.81it/s]
Epoch 1 - Training:  90%|█████████ | 1125/1250 [04:28<00:25,  4.82it/s]
Epoch 1 - Training:  90%|█████████ | 1126/1250 [04:28<00:25,  4.79it/s]
Epoch 1 - Training:  90%|█████████ | 1127/1250 [04:28<00:25,  4.80it/s]
Epoch 1 - Training:  90%|█████████ | 1128/1250 [04:29<00:25,  4.82it/s]
Epoch 1 - Training:  90%|█████████ | 1129/1250 [04:29<00:25,  4.83it/s]
Epoch 1 - Training:  90%|█████████ | 1130/1250 [04:29<00:24,  4.83it/s]
Epoch 1 - Training:  90%|█████████ | 1131/1250 [04:29<00:24,  4.80it/s]
Epoch 1 - Training:  91%|█████████ | 1132/1250 [04:29<00:24,  4.82it/s]
Epoch 1 - Training:  91%|█████████ | 1133/1250 [04:30<00:24,  4.82it/s]
Epoch 1 - Training:  91%|█████████ | 1134/1250 [04:30<00:24,  4.82it/s]
Epoch 1 - Training:  91%|█████████ | 1135/1250 [04:30<00:23,  4.83it/s]
Epoch 1 - Training:  91%|█████████ | 1136/1250 [04:30<00:23,  4.80it/s]
Epoch 1 - Training:  91%|█████████ | 1137/1250 [04:30<00:23,  4.81it/s]
Epoch 1 - Training:  91%|█████████ | 1138/1250 [04:31<00:23,  4.82it/s]
Epoch 1 - Training:  91%|█████████ | 1139/1250 [04:31<00:23,  4.82it/s]
Epoch 1 - Training:  91%|█████████ | 1140/1250 [04:31<00:22,  4.83it/s]
Epoch 1 - Training:  91%|█████████▏| 1141/1250 [04:31<00:22,  4.80it/s]
Epoch 1 - Training:  91%|█████████▏| 1142/1250 [04:31<00:22,  4.81it/s]
Epoch 1 - Training:  91%|█████████▏| 1143/1250 [04:32<00:22,  4.82it/s]
Epoch 1 - Training:  92%|█████████▏| 1144/1250 [04:32<00:21,  4.83it/s]
Epoch 1 - Training:  92%|█████████▏| 1145/1250 [04:32<00:21,  4.83it/s]
Epoch 1 - Training:  92%|█████████▏| 1146/1250 [04:32<00:21,  4.80it/s]
Epoch 1 - Training:  92%|█████████▏| 1147/1250 [04:32<00:21,  4.82it/s]
Epoch 1 - Training:  92%|█████████▏| 1148/1250 [04:33<00:21,  4.82it/s]
Epoch 1 - Training:  92%|█████████▏| 1149/1250 [04:33<00:20,  4.82it/s]
Epoch 1 - Training:  92%|█████████▏| 1150/1250 [04:33<00:20,  4.83it/s]
Epoch 1 - Training:  92%|█████████▏| 1151/1250 [04:33<00:20,  4.80it/s]
Epoch 1 - Training:  92%|█████████▏| 1152/1250 [04:34<00:20,  4.81it/s]
Epoch 1 - Training:  92%|█████████▏| 1153/1250 [04:34<00:20,  4.82it/s]
Epoch 1 - Training:  92%|█████████▏| 1154/1250 [04:34<00:19,  4.83it/s]
Epoch 1 - Training:  92%|█████████▏| 1155/1250 [04:34<00:19,  4.83it/s]
Epoch 1 - Training:  92%|█████████▏| 1156/1250 [04:34<00:19,  4.79it/s]
Epoch 1 - Training:  93%|█████████▎| 1157/1250 [04:35<00:19,  4.80it/s]
Epoch 1 - Training:  93%|█████████▎| 1158/1250 [04:35<00:19,  4.82it/s]
Epoch 1 - Training:  93%|█████████▎| 1159/1250 [04:35<00:18,  4.82it/s]
Epoch 1 - Training:  93%|█████████▎| 1160/1250 [04:35<00:18,  4.83it/s]
Epoch 1 - Training:  93%|█████████▎| 1161/1250 [04:35<00:18,  4.79it/s]
Epoch 1 - Training:  93%|█████████▎| 1162/1250 [04:36<00:18,  4.82it/s]
Epoch 1 - Training:  93%|█████████▎| 1163/1250 [04:36<00:18,  4.82it/s]
Epoch 1 - Training:  93%|█████████▎| 1164/1250 [04:36<00:17,  4.83it/s]
Epoch 1 - Training:  93%|█████████▎| 1165/1250 [04:36<00:17,  4.83it/s]
Epoch 1 - Training:  93%|█████████▎| 1166/1250 [04:36<00:17,  4.79it/s]
Epoch 1 - Training:  93%|█████████▎| 1167/1250 [04:37<00:17,  4.81it/s]
Epoch 1 - Training:  93%|█████████▎| 1168/1250 [04:37<00:17,  4.82it/s]
Epoch 1 - Training:  94%|█████████▎| 1169/1250 [04:37<00:16,  4.82it/s]
Epoch 1 - Training:  94%|█████████▎| 1170/1250 [04:37<00:16,  4.82it/s]
Epoch 1 - Training:  94%|█████████▎| 1171/1250 [04:37<00:16,  4.79it/s]
Epoch 1 - Training:  94%|█████████▍| 1172/1250 [04:38<00:16,  4.80it/s]
Epoch 1 - Training:  94%|█████████▍| 1173/1250 [04:38<00:15,  4.81it/s]
Epoch 1 - Training:  94%|█████████▍| 1174/1250 [04:38<00:15,  4.82it/s]
Epoch 1 - Training:  94%|█████████▍| 1175/1250 [04:38<00:15,  4.82it/s]
Epoch 1 - Training:  94%|█████████▍| 1176/1250 [04:39<00:15,  4.79it/s]
Epoch 1 - Training:  94%|█████████▍| 1177/1250 [04:39<00:15,  4.80it/s]
Epoch 1 - Training:  94%|█████████▍| 1178/1250 [04:39<00:14,  4.82it/s]
Epoch 1 - Training:  94%|█████████▍| 1179/1250 [04:39<00:14,  4.81it/s]
Epoch 1 - Training:  94%|█████████▍| 1180/1250 [04:39<00:14,  4.82it/s]
Epoch 1 - Training:  94%|█████████▍| 1181/1250 [04:40<00:14,  4.79it/s]
Epoch 1 - Training:  95%|█████████▍| 1182/1250 [04:40<00:14,  4.80it/s]
Epoch 1 - Training:  95%|█████████▍| 1183/1250 [04:40<00:13,  4.82it/s]
Epoch 1 - Training:  95%|█████████▍| 1184/1250 [04:40<00:13,  4.82it/s]
Epoch 1 - Training:  95%|█████████▍| 1185/1250 [04:40<00:13,  4.83it/s]
Epoch 1 - Training:  95%|█████████▍| 1186/1250 [04:41<00:13,  4.79it/s]
Epoch 1 - Training:  95%|█████████▍| 1187/1250 [04:41<00:13,  4.80it/s]
Epoch 1 - Training:  95%|█████████▌| 1188/1250 [04:41<00:12,  4.82it/s]
Epoch 1 - Training:  95%|█████████▌| 1189/1250 [04:41<00:12,  4.82it/s]
Epoch 1 - Training:  95%|█████████▌| 1190/1250 [04:41<00:12,  4.83it/s]
Epoch 1 - Training:  95%|█████████▌| 1191/1250 [04:42<00:12,  4.80it/s]
Epoch 1 - Training:  95%|█████████▌| 1192/1250 [04:42<00:12,  4.81it/s]
Epoch 1 - Training:  95%|█████████▌| 1193/1250 [04:42<00:11,  4.82it/s]
Epoch 1 - Training:  96%|█████████▌| 1194/1250 [04:42<00:11,  4.83it/s]
Epoch 1 - Training:  96%|█████████▌| 1195/1250 [04:42<00:11,  4.83it/s]
Epoch 1 - Training:  96%|█████████▌| 1196/1250 [04:43<00:11,  4.80it/s]
Epoch 1 - Training:  96%|█████████▌| 1197/1250 [04:43<00:11,  4.82it/s]
Epoch 1 - Training:  96%|█████████▌| 1198/1250 [04:43<00:10,  4.82it/s]
Epoch 1 - Training:  96%|█████████▌| 1199/1250 [04:43<00:10,  4.83it/s]
Epoch 1 - Training:  96%|█████████▌| 1200/1250 [04:43<00:10,  4.82it/s]
Epoch 1 - Training:  96%|█████████▌| 1201/1250 [04:44<00:10,  4.80it/s]
Epoch 1 - Training:  96%|█████████▌| 1202/1250 [04:44<00:09,  4.82it/s]
Epoch 1 - Training:  96%|█████████▌| 1203/1250 [04:44<00:09,  4.82it/s]
Epoch 1 - Training:  96%|█████████▋| 1204/1250 [04:44<00:09,  4.83it/s]
Epoch 1 - Training:  96%|█████████▋| 1205/1250 [04:45<00:09,  4.83it/s]
Epoch 1 - Training:  96%|█████████▋| 1206/1250 [04:45<00:09,  4.79it/s]
Epoch 1 - Training:  97%|█████████▋| 1207/1250 [04:45<00:08,  4.80it/s]
Epoch 1 - Training:  97%|█████████▋| 1208/1250 [04:45<00:08,  4.82it/s]
Epoch 1 - Training:  97%|█████████▋| 1209/1250 [04:45<00:08,  4.82it/s]
Epoch 1 - Training:  97%|█████████▋| 1210/1250 [04:46<00:08,  4.83it/s]
Epoch 1 - Training:  97%|█████████▋| 1211/1250 [04:46<00:08,  4.79it/s]
Epoch 1 - Training:  97%|█████████▋| 1212/1250 [04:46<00:07,  4.80it/s]
Epoch 1 - Training:  97%|█████████▋| 1213/1250 [04:46<00:07,  4.82it/s]
Epoch 1 - Training:  97%|█████████▋| 1214/1250 [04:46<00:07,  4.81it/s]
Epoch 1 - Training:  97%|█████████▋| 1215/1250 [04:47<00:07,  4.83it/s]
Epoch 1 - Training:  97%|█████████▋| 1216/1250 [04:47<00:07,  4.80it/s]
Epoch 1 - Training:  97%|█████████▋| 1217/1250 [04:47<00:06,  4.80it/s]
Epoch 1 - Training:  97%|█████████▋| 1218/1250 [04:47<00:06,  4.82it/s]
Epoch 1 - Training:  98%|█████████▊| 1219/1250 [04:47<00:06,  4.82it/s]
Epoch 1 - Training:  98%|█████████▊| 1220/1250 [04:48<00:06,  4.82it/s]
Epoch 1 - Training:  98%|█████████▊| 1221/1250 [04:48<00:06,  4.79it/s]
Epoch 1 - Training:  98%|█████████▊| 1222/1250 [04:48<00:05,  4.81it/s]
Epoch 1 - Training:  98%|█████████▊| 1223/1250 [04:48<00:05,  4.81it/s]
Epoch 1 - Training:  98%|█████████▊| 1224/1250 [04:48<00:05,  4.82it/s]
Epoch 1 - Training:  98%|█████████▊| 1225/1250 [04:49<00:05,  4.81it/s]
Epoch 1 - Training:  98%|█████████▊| 1226/1250 [04:49<00:05,  4.78it/s]
Epoch 1 - Training:  98%|█████████▊| 1227/1250 [04:49<00:04,  4.80it/s]
Epoch 1 - Training:  98%|█████████▊| 1228/1250 [04:49<00:04,  4.81it/s]
Epoch 1 - Training:  98%|█████████▊| 1229/1250 [04:50<00:04,  4.82it/s]
Epoch 1 - Training:  98%|█████████▊| 1230/1250 [04:50<00:04,  4.82it/s]
Epoch 1 - Training:  98%|█████████▊| 1231/1250 [04:50<00:03,  4.79it/s]
Epoch 1 - Training:  99%|█████████▊| 1232/1250 [04:50<00:03,  4.81it/s]
Epoch 1 - Training:  99%|█████████▊| 1233/1250 [04:50<00:03,  4.82it/s]
Epoch 1 - Training:  99%|█████████▊| 1234/1250 [04:51<00:03,  4.82it/s]
Epoch 1 - Training:  99%|█████████▉| 1235/1250 [04:51<00:03,  4.83it/s]
Epoch 1 - Training:  99%|█████████▉| 1236/1250 [04:51<00:02,  4.79it/s]
Epoch 1 - Training:  99%|█████████▉| 1237/1250 [04:51<00:02,  4.81it/s]
Epoch 1 - Training:  99%|█████████▉| 1238/1250 [04:51<00:02,  4.81it/s]
Epoch 1 - Training:  99%|█████████▉| 1239/1250 [04:52<00:02,  4.82it/s]
Epoch 1 - Training:  99%|█████████▉| 1240/1250 [04:52<00:02,  4.82it/s]
Epoch 1 - Training:  99%|█████████▉| 1241/1250 [04:52<00:01,  4.79it/s]
Epoch 1 - Training:  99%|█████████▉| 1242/1250 [04:52<00:01,  4.81it/s]
Epoch 1 - Training:  99%|█████████▉| 1243/1250 [04:52<00:01,  4.82it/s]
Epoch 1 - Training: 100%|█████████▉| 1244/1250 [04:53<00:01,  4.82it/s]
Epoch 1 - Training: 100%|█████████▉| 1245/1250 [04:53<00:01,  4.83it/s]
Epoch 1 - Training: 100%|█████████▉| 1246/1250 [04:53<00:00,  4.79it/s]
Epoch 1 - Training: 100%|█████████▉| 1247/1250 [04:53<00:00,  4.80it/s]
Epoch 1 - Training: 100%|█████████▉| 1248/1250 [04:53<00:00,  4.82it/s]
Epoch 1 - Training: 100%|█████████▉| 1249/1250 [04:54<00:00,  4.82it/s]
Epoch 1 - Training: 100%|██████████| 1250/1250 [04:54<00:00,  4.82it/s]
Epoch 1 - Training: 100%|██████████| 1250/1250 [04:54<00:00,  4.25it/s]

Epoch 1 - Evaluating:   0%|          | 0/250 [00:00<?, ?it/s]
Epoch 1 - Evaluating:   1%|          | 2/250 [00:00<00:12, 19.86it/s]
Epoch 1 - Evaluating:   2%|▏         | 4/250 [00:00<00:12, 19.48it/s]
Epoch 1 - Evaluating:   2%|▏         | 6/250 [00:00<00:12, 19.35it/s]
Epoch 1 - Evaluating:   3%|▎         | 8/250 [00:00<00:12, 19.30it/s]
Epoch 1 - Evaluating:   4%|▍         | 10/250 [00:00<00:12, 19.21it/s]
Epoch 1 - Evaluating:   5%|▍         | 12/250 [00:00<00:12, 19.16it/s]
Epoch 1 - Evaluating:   6%|▌         | 14/250 [00:00<00:12, 19.16it/s]
Epoch 1 - Evaluating:   6%|▋         | 16/250 [00:00<00:12, 19.12it/s]
Epoch 1 - Evaluating:   7%|▋         | 18/250 [00:00<00:12, 19.11it/s]
Epoch 1 - Evaluating:   8%|▊         | 20/250 [00:01<00:12, 19.15it/s]
Epoch 1 - Evaluating:   9%|▉         | 22/250 [00:01<00:11, 19.19it/s]
Epoch 1 - Evaluating:  10%|▉         | 24/250 [00:01<00:11, 19.21it/s]
Epoch 1 - Evaluating:  10%|█         | 26/250 [00:01<00:11, 19.21it/s]
Epoch 1 - Evaluating:  11%|█         | 28/250 [00:01<00:11, 19.16it/s]
Epoch 1 - Evaluating:  12%|█▏        | 30/250 [00:01<00:11, 19.16it/s]
Epoch 1 - Evaluating:  13%|█▎        | 32/250 [00:01<00:11, 19.14it/s]
Epoch 1 - Evaluating:  14%|█▎        | 34/250 [00:01<00:11, 19.13it/s]
Epoch 1 - Evaluating:  14%|█▍        | 36/250 [00:01<00:11, 19.13it/s]
Epoch 1 - Evaluating:  15%|█▌        | 38/250 [00:01<00:11, 19.15it/s]
Epoch 1 - Evaluating:  16%|█▌        | 40/250 [00:02<00:10, 19.13it/s]
Epoch 1 - Evaluating:  17%|█▋        | 42/250 [00:02<00:10, 19.12it/s]
Epoch 1 - Evaluating:  18%|█▊        | 44/250 [00:02<00:10, 19.16it/s]
Epoch 1 - Evaluating:  18%|█▊        | 46/250 [00:02<00:10, 19.18it/s]
Epoch 1 - Evaluating:  19%|█▉        | 48/250 [00:02<00:10, 19.22it/s]
Epoch 1 - Evaluating:  20%|██        | 50/250 [00:02<00:10, 19.24it/s]
Epoch 1 - Evaluating:  21%|██        | 52/250 [00:02<00:10, 19.19it/s]
Epoch 1 - Evaluating:  22%|██▏       | 54/250 [00:02<00:10, 19.16it/s]
Epoch 1 - Evaluating:  22%|██▏       | 56/250 [00:02<00:10, 19.16it/s]
Epoch 1 - Evaluating:  23%|██▎       | 58/250 [00:03<00:10, 19.15it/s]
Epoch 1 - Evaluating:  24%|██▍       | 60/250 [00:03<00:09, 19.14it/s]
Epoch 1 - Evaluating:  25%|██▍       | 62/250 [00:03<00:09, 19.18it/s]
Epoch 1 - Evaluating:  26%|██▌       | 64/250 [00:03<00:09, 19.15it/s]
Epoch 1 - Evaluating:  26%|██▋       | 66/250 [00:03<00:09, 19.14it/s]
Epoch 1 - Evaluating:  27%|██▋       | 68/250 [00:03<00:09, 19.17it/s]
Epoch 1 - Evaluating:  28%|██▊       | 70/250 [00:03<00:09, 19.19it/s]
Epoch 1 - Evaluating:  29%|██▉       | 72/250 [00:03<00:09, 19.20it/s]
Epoch 1 - Evaluating:  30%|██▉       | 74/250 [00:03<00:09, 19.18it/s]
Epoch 1 - Evaluating:  30%|███       | 76/250 [00:03<00:09, 19.14it/s]
Epoch 1 - Evaluating:  31%|███       | 78/250 [00:04<00:08, 19.14it/s]
Epoch 1 - Evaluating:  32%|███▏      | 80/250 [00:04<00:08, 19.15it/s]
Epoch 1 - Evaluating:  33%|███▎      | 82/250 [00:04<00:08, 19.15it/s]
Epoch 1 - Evaluating:  34%|███▎      | 84/250 [00:04<00:08, 19.20it/s]
Epoch 1 - Evaluating:  34%|███▍      | 86/250 [00:04<00:08, 19.14it/s]
Epoch 1 - Evaluating:  35%|███▌      | 88/250 [00:04<00:08, 19.11it/s]
Epoch 1 - Evaluating:  36%|███▌      | 90/250 [00:04<00:08, 19.15it/s]
Epoch 1 - Evaluating:  37%|███▋      | 92/250 [00:04<00:08, 19.17it/s]
Epoch 1 - Evaluating:  38%|███▊      | 94/250 [00:04<00:08, 19.21it/s]
Epoch 1 - Evaluating:  38%|███▊      | 96/250 [00:05<00:08, 19.18it/s]
Epoch 1 - Evaluating:  39%|███▉      | 98/250 [00:05<00:07, 19.19it/s]
Epoch 1 - Evaluating:  40%|████      | 100/250 [00:05<00:07, 19.13it/s]
Epoch 1 - Evaluating:  41%|████      | 102/250 [00:05<00:07, 19.15it/s]
Epoch 1 - Evaluating:  42%|████▏     | 104/250 [00:05<00:07, 19.17it/s]
Epoch 1 - Evaluating:  42%|████▏     | 106/250 [00:05<00:07, 19.17it/s]
Epoch 1 - Evaluating:  43%|████▎     | 108/250 [00:05<00:07, 19.18it/s]
Epoch 1 - Evaluating:  44%|████▍     | 110/250 [00:05<00:07, 19.16it/s]
Epoch 1 - Evaluating:  45%|████▍     | 112/250 [00:05<00:07, 19.19it/s]
Epoch 1 - Evaluating:  46%|████▌     | 114/250 [00:05<00:07, 19.17it/s]
Epoch 1 - Evaluating:  46%|████▋     | 116/250 [00:06<00:06, 19.16it/s]
Epoch 1 - Evaluating:  47%|████▋     | 118/250 [00:06<00:06, 19.16it/s]
Epoch 1 - Evaluating:  48%|████▊     | 120/250 [00:06<00:06, 19.19it/s]
Epoch 1 - Evaluating:  49%|████▉     | 122/250 [00:06<00:06, 19.20it/s]
Epoch 1 - Evaluating:  50%|████▉     | 124/250 [00:06<00:06, 19.18it/s]
Epoch 1 - Evaluating:  50%|█████     | 126/250 [00:06<00:06, 19.19it/s]
Epoch 1 - Evaluating:  51%|█████     | 128/250 [00:06<00:06, 19.16it/s]
Epoch 1 - Evaluating:  52%|█████▏    | 130/250 [00:06<00:06, 19.17it/s]
Epoch 1 - Evaluating:  53%|█████▎    | 132/250 [00:06<00:06, 19.14it/s]
Epoch 1 - Evaluating:  54%|█████▎    | 134/250 [00:06<00:06, 19.16it/s]
Epoch 1 - Evaluating:  54%|█████▍    | 136/250 [00:07<00:05, 19.18it/s]
Epoch 1 - Evaluating:  55%|█████▌    | 138/250 [00:07<00:05, 19.18it/s]
Epoch 1 - Evaluating:  56%|█████▌    | 140/250 [00:07<00:05, 19.16it/s]
Epoch 1 - Evaluating:  57%|█████▋    | 142/250 [00:07<00:05, 19.12it/s]
Epoch 1 - Evaluating:  58%|█████▊    | 144/250 [00:07<00:05, 19.15it/s]
Epoch 1 - Evaluating:  58%|█████▊    | 146/250 [00:07<00:05, 19.15it/s]
Epoch 1 - Evaluating:  59%|█████▉    | 148/250 [00:07<00:05, 19.19it/s]
Epoch 1 - Evaluating:  60%|██████    | 150/250 [00:07<00:05, 19.16it/s]
Epoch 1 - Evaluating:  61%|██████    | 152/250 [00:07<00:05, 19.15it/s]
Epoch 1 - Evaluating:  62%|██████▏   | 154/250 [00:08<00:05, 19.18it/s]
Epoch 1 - Evaluating:  62%|██████▏   | 156/250 [00:08<00:04, 19.16it/s]
Epoch 1 - Evaluating:  63%|██████▎   | 158/250 [00:08<00:04, 19.17it/s]
Epoch 1 - Evaluating:  64%|██████▍   | 160/250 [00:08<00:04, 19.16it/s]
Epoch 1 - Evaluating:  65%|██████▍   | 162/250 [00:08<00:04, 19.18it/s]
Epoch 1 - Evaluating:  66%|██████▌   | 164/250 [00:08<00:04, 19.16it/s]
Epoch 1 - Evaluating:  66%|██████▋   | 166/250 [00:08<00:04, 19.18it/s]
Epoch 1 - Evaluating:  67%|██████▋   | 168/250 [00:08<00:04, 19.19it/s]
Epoch 1 - Evaluating:  68%|██████▊   | 170/250 [00:08<00:04, 19.14it/s]
Epoch 1 - Evaluating:  69%|██████▉   | 172/250 [00:08<00:04, 19.17it/s]
Epoch 1 - Evaluating:  70%|██████▉   | 174/250 [00:09<00:03, 19.18it/s]
Epoch 1 - Evaluating:  70%|███████   | 176/250 [00:09<00:03, 19.19it/s]
Epoch 1 - Evaluating:  71%|███████   | 178/250 [00:09<00:03, 19.17it/s]
Epoch 1 - Evaluating:  72%|███████▏  | 180/250 [00:09<00:03, 19.19it/s]
Epoch 1 - Evaluating:  73%|███████▎  | 182/250 [00:09<00:03, 19.16it/s]
Epoch 1 - Evaluating:  74%|███████▎  | 184/250 [00:09<00:03, 19.15it/s]
Epoch 1 - Evaluating:  74%|███████▍  | 186/250 [00:09<00:03, 19.15it/s]
Epoch 1 - Evaluating:  75%|███████▌  | 188/250 [00:09<00:03, 19.13it/s]
Epoch 1 - Evaluating:  76%|███████▌  | 190/250 [00:09<00:03, 19.15it/s]
Epoch 1 - Evaluating:  77%|███████▋  | 192/250 [00:10<00:03, 19.17it/s]
Epoch 1 - Evaluating:  78%|███████▊  | 194/250 [00:10<00:02, 19.19it/s]
Epoch 1 - Evaluating:  78%|███████▊  | 196/250 [00:10<00:02, 19.20it/s]
Epoch 1 - Evaluating:  79%|███████▉  | 198/250 [00:10<00:02, 19.16it/s]
Epoch 1 - Evaluating:  80%|████████  | 200/250 [00:10<00:02, 19.17it/s]
Epoch 1 - Evaluating:  81%|████████  | 202/250 [00:10<00:02, 19.16it/s]
Epoch 1 - Evaluating:  82%|████████▏ | 204/250 [00:10<00:02, 19.12it/s]
Epoch 1 - Evaluating:  82%|████████▏ | 206/250 [00:10<00:02, 19.15it/s]
Epoch 1 - Evaluating:  83%|████████▎ | 208/250 [00:10<00:02, 19.10it/s]
Epoch 1 - Evaluating:  84%|████████▍ | 210/250 [00:10<00:02, 19.14it/s]
Epoch 1 - Evaluating:  85%|████████▍ | 212/250 [00:11<00:01, 19.18it/s]
Epoch 1 - Evaluating:  86%|████████▌ | 214/250 [00:11<00:01, 19.19it/s]
Epoch 1 - Evaluating:  86%|████████▋ | 216/250 [00:11<00:01, 19.20it/s]
Epoch 1 - Evaluating:  87%|████████▋ | 218/250 [00:11<00:01, 19.14it/s]
Epoch 1 - Evaluating:  88%|████████▊ | 220/250 [00:11<00:01, 19.18it/s]
Epoch 1 - Evaluating:  89%|████████▉ | 222/250 [00:11<00:01, 19.13it/s]
Epoch 1 - Evaluating:  90%|████████▉ | 224/250 [00:11<00:01, 19.15it/s]
Epoch 1 - Evaluating:  90%|█████████ | 226/250 [00:11<00:01, 19.13it/s]
Epoch 1 - Evaluating:  91%|█████████ | 228/250 [00:11<00:01, 19.13it/s]
Epoch 1 - Evaluating:  92%|█████████▏| 230/250 [00:11<00:01, 19.18it/s]
Epoch 1 - Evaluating:  93%|█████████▎| 232/250 [00:12<00:00, 19.21it/s]
Epoch 1 - Evaluating:  94%|█████████▎| 234/250 [00:12<00:00, 19.21it/s]
Epoch 1 - Evaluating:  94%|█████████▍| 236/250 [00:12<00:00, 19.16it/s]
Epoch 1 - Evaluating:  95%|█████████▌| 238/250 [00:12<00:00, 19.16it/s]
Epoch 1 - Evaluating:  96%|█████████▌| 240/250 [00:12<00:00, 19.14it/s]
Epoch 1 - Evaluating:  97%|█████████▋| 242/250 [00:12<00:00, 19.16it/s]
Epoch 1 - Evaluating:  98%|█████████▊| 244/250 [00:12<00:00, 19.17it/s]
Epoch 1 - Evaluating:  98%|█████████▊| 246/250 [00:12<00:00, 19.13it/s]
Epoch 1 - Evaluating:  99%|█████████▉| 248/250 [00:12<00:00, 19.14it/s]
Epoch 1 - Evaluating: 100%|██████████| 250/250 [00:13<00:00, 19.17it/s]
Epoch 1 - Evaluating: 100%|██████████| 250/250 [00:13<00:00, 19.17it/s]
Epoch 1 | Train Loss: 2.1868 | Val Loss: 1.5594

Epoch 2 - Training:   0%|          | 0/1250 [00:00<?, ?it/s]
Epoch 2 - Training:   0%|          | 1/1250 [00:00<04:28,  4.65it/s]
Epoch 2 - Training:   0%|          | 2/1250 [00:00<04:21,  4.77it/s]
Epoch 2 - Training:   0%|          | 3/1250 [00:00<04:20,  4.79it/s]
Epoch 2 - Training:   0%|          | 4/1250 [00:00<04:18,  4.82it/s]
Epoch 2 - Training:   0%|          | 5/1250 [00:01<04:18,  4.82it/s]
Epoch 2 - Training:   0%|          | 6/1250 [00:01<04:19,  4.79it/s]
Epoch 2 - Training:   1%|          | 7/1250 [00:01<04:18,  4.80it/s]
Epoch 2 - Training:   1%|          | 8/1250 [00:01<04:18,  4.81it/s]
Epoch 2 - Training:   1%|          | 9/1250 [00:01<04:17,  4.82it/s]
Epoch 2 - Training:   1%|          | 10/1250 [00:02<04:16,  4.83it/s]
Epoch 2 - Training:   1%|          | 11/1250 [00:02<04:18,  4.79it/s]
Epoch 2 - Training:   1%|          | 12/1250 [00:02<04:17,  4.80it/s]
Epoch 2 - Training:   1%|          | 13/1250 [00:02<04:16,  4.82it/s]
Epoch 2 - Training:   1%|          | 14/1250 [00:02<04:16,  4.82it/s]
Epoch 2 - Training:   1%|          | 15/1250 [00:03<04:15,  4.83it/s]
Epoch 2 - Training:   1%|▏         | 16/1250 [00:03<04:16,  4.80it/s]
Epoch 2 - Training:   1%|▏         | 17/1250 [00:03<04:15,  4.82it/s]
Epoch 2 - Training:   1%|▏         | 18/1250 [00:03<04:15,  4.82it/s]
Epoch 2 - Training:   2%|▏         | 19/1250 [00:03<04:14,  4.83it/s]
Epoch 2 - Training:   2%|▏         | 20/1250 [00:04<04:14,  4.83it/s]
Epoch 2 - Training:   2%|▏         | 21/1250 [00:04<04:15,  4.80it/s]
Epoch 2 - Training:   2%|▏         | 22/1250 [00:04<04:15,  4.81it/s]
Epoch 2 - Training:   2%|▏         | 23/1250 [00:04<04:14,  4.82it/s]
Epoch 2 - Training:   2%|▏         | 24/1250 [00:04<04:14,  4.82it/s]
Epoch 2 - Training:   2%|▏         | 25/1250 [00:05<04:13,  4.83it/s]
Epoch 2 - Training:   2%|▏         | 26/1250 [00:05<04:15,  4.79it/s]
Epoch 2 - Training:   2%|▏         | 27/1250 [00:05<04:14,  4.81it/s]
Epoch 2 - Training:   2%|▏         | 28/1250 [00:05<04:13,  4.82it/s]
Epoch 2 - Training:   2%|▏         | 29/1250 [00:06<04:13,  4.82it/s]
Epoch 2 - Training:   2%|▏         | 30/1250 [00:06<04:12,  4.83it/s]
Epoch 2 - Training:   2%|▏         | 31/1250 [00:06<04:14,  4.80it/s]
Epoch 2 - Training:   3%|▎         | 32/1250 [00:06<04:12,  4.82it/s]
Epoch 2 - Training:   3%|▎         | 33/1250 [00:06<04:12,  4.82it/s]
Epoch 2 - Training:   3%|▎         | 34/1250 [00:07<04:11,  4.83it/s]
Epoch 2 - Training:   3%|▎         | 35/1250 [00:07<04:11,  4.83it/s]
Epoch 2 - Training:   3%|▎         | 36/1250 [00:07<04:13,  4.80it/s]
Epoch 2 - Training:   3%|▎         | 37/1250 [00:07<04:12,  4.81it/s]
Epoch 2 - Training:   3%|▎         | 38/1250 [00:07<04:11,  4.82it/s]
Epoch 2 - Training:   3%|▎         | 39/1250 [00:08<04:11,  4.81it/s]
Epoch 2 - Training:   3%|▎         | 40/1250 [00:08<04:11,  4.82it/s]
Epoch 2 - Training:   3%|▎         | 41/1250 [00:08<04:12,  4.79it/s]
Epoch 2 - Training:   3%|▎         | 42/1250 [00:08<04:11,  4.80it/s]
Epoch 2 - Training:   3%|▎         | 43/1250 [00:08<04:10,  4.82it/s]
Epoch 2 - Training:   4%|▎         | 44/1250 [00:09<04:10,  4.82it/s]
Epoch 2 - Training:   4%|▎         | 45/1250 [00:09<04:09,  4.83it/s]
Epoch 2 - Training:   4%|▎         | 46/1250 [00:09<04:11,  4.79it/s]
Epoch 2 - Training:   4%|▍         | 47/1250 [00:09<04:10,  4.81it/s]
Epoch 2 - Training:   4%|▍         | 48/1250 [00:09<04:09,  4.82it/s]
Epoch 2 - Training:   4%|▍         | 49/1250 [00:10<04:09,  4.82it/s]
Epoch 2 - Training:   4%|▍         | 50/1250 [00:10<04:08,  4.82it/s]
Epoch 2 - Training:   4%|▍         | 51/1250 [00:10<04:09,  4.80it/s]
Epoch 2 - Training:   4%|▍         | 52/1250 [00:10<04:08,  4.82it/s]
Epoch 2 - Training:   4%|▍         | 53/1250 [00:11<04:08,  4.82it/s]
Epoch 2 - Training:   4%|▍         | 54/1250 [00:11<04:07,  4.83it/s]
Epoch 2 - Training:   4%|▍         | 55/1250 [00:11<04:07,  4.83it/s]
Epoch 2 - Training:   4%|▍         | 56/1250 [00:11<04:09,  4.79it/s]
Epoch 2 - Training:   5%|▍         | 57/1250 [00:11<04:08,  4.80it/s]
Epoch 2 - Training:   5%|▍         | 58/1250 [00:12<04:07,  4.82it/s]
Epoch 2 - Training:   5%|▍         | 59/1250 [00:12<04:07,  4.82it/s]
Epoch 2 - Training:   5%|▍         | 60/1250 [00:12<04:06,  4.82it/s]
Epoch 2 - Training:   5%|▍         | 61/1250 [00:12<04:08,  4.79it/s]
Epoch 2 - Training:   5%|▍         | 62/1250 [00:12<04:07,  4.81it/s]
Epoch 2 - Training:   5%|▌         | 63/1250 [00:13<04:07,  4.80it/s]
Epoch 2 - Training:   5%|▌         | 64/1250 [00:13<04:06,  4.82it/s]
Epoch 2 - Training:   5%|▌         | 65/1250 [00:13<04:05,  4.82it/s]
Epoch 2 - Training:   5%|▌         | 66/1250 [00:13<04:07,  4.79it/s]
Epoch 2 - Training:   5%|▌         | 67/1250 [00:13<04:06,  4.81it/s]
Epoch 2 - Training:   5%|▌         | 68/1250 [00:14<04:05,  4.82it/s]
Epoch 2 - Training:   6%|▌         | 69/1250 [00:14<04:04,  4.83it/s]
Epoch 2 - Training:   6%|▌         | 70/1250 [00:14<04:04,  4.83it/s]
Epoch 2 - Training:   6%|▌         | 71/1250 [00:14<04:05,  4.80it/s]
Epoch 2 - Training:   6%|▌         | 72/1250 [00:14<04:04,  4.81it/s]
Epoch 2 - Training:   6%|▌         | 73/1250 [00:15<04:03,  4.82it/s]
Epoch 2 - Training:   6%|▌         | 74/1250 [00:15<04:03,  4.83it/s]
Epoch 2 - Training:   6%|▌         | 75/1250 [00:15<04:03,  4.84it/s]
Epoch 2 - Training:   6%|▌         | 76/1250 [00:15<04:04,  4.80it/s]
Epoch 2 - Training:   6%|▌         | 77/1250 [00:15<04:03,  4.82it/s]
Epoch 2 - Training:   6%|▌         | 78/1250 [00:16<04:02,  4.83it/s]
Epoch 2 - Training:   6%|▋         | 79/1250 [00:16<04:01,  4.84it/s]
Epoch 2 - Training:   6%|▋         | 80/1250 [00:16<04:02,  4.83it/s]
Epoch 2 - Training:   6%|▋         | 81/1250 [00:16<04:03,  4.81it/s]
Epoch 2 - Training:   7%|▋         | 82/1250 [00:17<04:02,  4.81it/s]
Epoch 2 - Training:   7%|▋         | 83/1250 [00:17<04:01,  4.83it/s]
Epoch 2 - Training:   7%|▋         | 84/1250 [00:17<04:01,  4.83it/s]
Epoch 2 - Training:   7%|▋         | 85/1250 [00:17<04:01,  4.83it/s]
Epoch 2 - Training:   7%|▋         | 86/1250 [00:17<04:02,  4.80it/s]
Epoch 2 - Training:   7%|▋         | 87/1250 [00:18<04:01,  4.81it/s]
Epoch 2 - Training:   7%|▋         | 88/1250 [00:18<04:01,  4.82it/s]
Epoch 2 - Training:   7%|▋         | 89/1250 [00:18<04:00,  4.82it/s]
Epoch 2 - Training:   7%|▋         | 90/1250 [00:18<04:00,  4.83it/s]
Epoch 2 - Training:   7%|▋         | 91/1250 [00:18<04:02,  4.79it/s]
Epoch 2 - Training:   7%|▋         | 92/1250 [00:19<04:01,  4.80it/s]
Epoch 2 - Training:   7%|▋         | 93/1250 [00:19<04:00,  4.82it/s]
Epoch 2 - Training:   8%|▊         | 94/1250 [00:19<03:59,  4.82it/s]
Epoch 2 - Training:   8%|▊         | 95/1250 [00:19<03:59,  4.82it/s]
Epoch 2 - Training:   8%|▊         | 96/1250 [00:19<04:00,  4.79it/s]
Epoch 2 - Training:   8%|▊         | 97/1250 [00:20<03:59,  4.81it/s]
Epoch 2 - Training:   8%|▊         | 98/1250 [00:20<03:59,  4.82it/s]
Epoch 2 - Training:   8%|▊         | 99/1250 [00:20<03:58,  4.82it/s]
Epoch 2 - Training:   8%|▊         | 100/1250 [00:20<03:57,  4.84it/s]
Epoch 2 - Training:   8%|▊         | 101/1250 [00:20<03:59,  4.80it/s]
Epoch 2 - Training:   8%|▊         | 102/1250 [00:21<03:58,  4.81it/s]
Epoch 2 - Training:   8%|▊         | 103/1250 [00:21<03:58,  4.82it/s]
Epoch 2 - Training:   8%|▊         | 104/1250 [00:21<03:57,  4.83it/s]
Epoch 2 - Training:   8%|▊         | 105/1250 [00:21<03:57,  4.83it/s]
Epoch 2 - Training:   8%|▊         | 106/1250 [00:22<03:58,  4.80it/s]
Epoch 2 - Training:   9%|▊         | 107/1250 [00:22<03:58,  4.80it/s]
Epoch 2 - Training:   9%|▊         | 108/1250 [00:22<03:57,  4.81it/s]
Epoch 2 - Training:   9%|▊         | 109/1250 [00:22<03:56,  4.81it/s]
Epoch 2 - Training:   9%|▉         | 110/1250 [00:22<03:56,  4.82it/s]
Epoch 2 - Training:   9%|▉         | 111/1250 [00:23<03:57,  4.79it/s]
Epoch 2 - Training:   9%|▉         | 112/1250 [00:23<03:56,  4.81it/s]
Epoch 2 - Training:   9%|▉         | 113/1250 [00:23<03:56,  4.81it/s]
Epoch 2 - Training:   9%|▉         | 114/1250 [00:23<03:55,  4.83it/s]
Epoch 2 - Training:   9%|▉         | 115/1250 [00:23<03:55,  4.83it/s]
Epoch 2 - Training:   9%|▉         | 116/1250 [00:24<03:56,  4.80it/s]
Epoch 2 - Training:   9%|▉         | 117/1250 [00:24<03:55,  4.81it/s]
Epoch 2 - Training:   9%|▉         | 118/1250 [00:24<03:54,  4.82it/s]
Epoch 2 - Training:  10%|▉         | 119/1250 [00:24<03:54,  4.81it/s]
Epoch 2 - Training:  10%|▉         | 120/1250 [00:24<03:54,  4.83it/s]
Epoch 2 - Training:  10%|▉         | 121/1250 [00:25<03:55,  4.80it/s]
Epoch 2 - Training:  10%|▉         | 122/1250 [00:25<03:54,  4.81it/s]
Epoch 2 - Training:  10%|▉         | 123/1250 [00:25<03:54,  4.81it/s]
Epoch 2 - Training:  10%|▉         | 124/1250 [00:25<03:53,  4.83it/s]
Epoch 2 - Training:  10%|█         | 125/1250 [00:25<03:53,  4.82it/s]
Epoch 2 - Training:  10%|█         | 126/1250 [00:26<03:54,  4.80it/s]
Epoch 2 - Training:  10%|█         | 127/1250 [00:26<03:53,  4.81it/s]
Epoch 2 - Training:  10%|█         | 128/1250 [00:26<03:52,  4.82it/s]
Epoch 2 - Training:  10%|█         | 129/1250 [00:26<03:52,  4.82it/s]
Epoch 2 - Training:  10%|█         | 130/1250 [00:27<03:51,  4.83it/s]
Epoch 2 - Training:  10%|█         | 131/1250 [00:27<03:53,  4.80it/s]
Epoch 2 - Training:  11%|█         | 132/1250 [00:27<03:52,  4.81it/s]
Epoch 2 - Training:  11%|█         | 133/1250 [00:27<03:52,  4.81it/s]
Epoch 2 - Training:  11%|█         | 134/1250 [00:27<03:51,  4.82it/s]
Epoch 2 - Training:  11%|█         | 135/1250 [00:28<03:51,  4.82it/s]
Epoch 2 - Training:  11%|█         | 136/1250 [00:28<03:52,  4.80it/s]
Epoch 2 - Training:  11%|█         | 137/1250 [00:28<03:51,  4.82it/s]
Epoch 2 - Training:  11%|█         | 138/1250 [00:28<03:50,  4.82it/s]
Epoch 2 - Training:  11%|█         | 139/1250 [00:28<03:50,  4.83it/s]
Epoch 2 - Training:  11%|█         | 140/1250 [00:29<03:49,  4.83it/s]
Epoch 2 - Training:  11%|█▏        | 141/1250 [00:29<03:51,  4.80it/s]
Epoch 2 - Training:  11%|█▏        | 142/1250 [00:29<03:50,  4.81it/s]
Epoch 2 - Training:  11%|█▏        | 143/1250 [00:29<03:49,  4.82it/s]
Epoch 2 - Training:  12%|█▏        | 144/1250 [00:29<03:49,  4.82it/s]
Epoch 2 - Training:  12%|█▏        | 145/1250 [00:30<03:48,  4.83it/s]
Epoch 2 - Training:  12%|█▏        | 146/1250 [00:30<03:50,  4.80it/s]
Epoch 2 - Training:  12%|█▏        | 147/1250 [00:30<03:49,  4.81it/s]
Epoch 2 - Training:  12%|█▏        | 148/1250 [00:30<03:48,  4.82it/s]
Epoch 2 - Training:  12%|█▏        | 149/1250 [00:30<03:48,  4.82it/s]
Epoch 2 - Training:  12%|█▏        | 150/1250 [00:31<03:48,  4.82it/s]
Epoch 2 - Training:  12%|█▏        | 151/1250 [00:31<03:48,  4.80it/s]
Epoch 2 - Training:  12%|█▏        | 152/1250 [00:31<03:47,  4.82it/s]
Epoch 2 - Training:  12%|█▏        | 153/1250 [00:31<03:47,  4.82it/s]
Epoch 2 - Training:  12%|█▏        | 154/1250 [00:31<03:46,  4.83it/s]
Epoch 2 - Training:  12%|█▏        | 155/1250 [00:32<03:46,  4.83it/s]
Epoch 2 - Training:  12%|█▏        | 156/1250 [00:32<03:48,  4.80it/s]
Epoch 2 - Training:  13%|█▎        | 157/1250 [00:32<03:47,  4.81it/s]
Epoch 2 - Training:  13%|█▎        | 158/1250 [00:32<03:46,  4.82it/s]
Epoch 2 - Training:  13%|█▎        | 159/1250 [00:33<03:46,  4.82it/s]
Epoch 2 - Training:  13%|█▎        | 160/1250 [00:33<03:45,  4.83it/s]
Epoch 2 - Training:  13%|█▎        | 161/1250 [00:33<03:47,  4.80it/s]
Epoch 2 - Training:  13%|█▎        | 162/1250 [00:33<03:46,  4.81it/s]
Epoch 2 - Training:  13%|█▎        | 163/1250 [00:33<03:45,  4.81it/s]
Epoch 2 - Training:  13%|█▎        | 164/1250 [00:34<03:45,  4.82it/s]
Epoch 2 - Training:  13%|█▎        | 165/1250 [00:34<03:44,  4.82it/s]
Epoch 2 - Training:  13%|█▎        | 166/1250 [00:34<03:45,  4.80it/s]
Epoch 2 - Training:  13%|█▎        | 167/1250 [00:34<03:44,  4.82it/s]
Epoch 2 - Training:  13%|█▎        | 168/1250 [00:34<03:44,  4.83it/s]
Epoch 2 - Training:  14%|█▎        | 169/1250 [00:35<03:43,  4.83it/s]
Epoch 2 - Training:  14%|█▎        | 170/1250 [00:35<03:43,  4.83it/s]
Epoch 2 - Training:  14%|█▎        | 171/1250 [00:35<03:44,  4.80it/s]
Epoch 2 - Training:  14%|█▍        | 172/1250 [00:35<03:44,  4.80it/s]
Epoch 2 - Training:  14%|█▍        | 173/1250 [00:35<03:43,  4.82it/s]
Epoch 2 - Training:  14%|█▍        | 174/1250 [00:36<03:42,  4.83it/s]
Epoch 2 - Training:  14%|█▍        | 175/1250 [00:36<03:42,  4.83it/s]
Epoch 2 - Training:  14%|█▍        | 176/1250 [00:36<03:43,  4.80it/s]
Epoch 2 - Training:  14%|█▍        | 177/1250 [00:36<03:42,  4.82it/s]
Epoch 2 - Training:  14%|█▍        | 178/1250 [00:36<03:42,  4.83it/s]
Epoch 2 - Training:  14%|█▍        | 179/1250 [00:37<03:41,  4.83it/s]
Epoch 2 - Training:  14%|█▍        | 180/1250 [00:37<03:41,  4.83it/s]
Epoch 2 - Training:  14%|█▍        | 181/1250 [00:37<03:43,  4.79it/s]
Epoch 2 - Training:  15%|█▍        | 182/1250 [00:37<03:42,  4.80it/s]
Epoch 2 - Training:  15%|█▍        | 183/1250 [00:38<03:41,  4.81it/s]
Epoch 2 - Training:  15%|█▍        | 184/1250 [00:38<03:41,  4.82it/s]
Epoch 2 - Training:  15%|█▍        | 185/1250 [00:38<03:40,  4.83it/s]
Epoch 2 - Training:  15%|█▍        | 186/1250 [00:38<03:42,  4.79it/s]
Epoch 2 - Training:  15%|█▍        | 187/1250 [00:38<03:41,  4.80it/s]
Epoch 2 - Training:  15%|█▌        | 188/1250 [00:39<03:40,  4.82it/s]
Epoch 2 - Training:  15%|█▌        | 189/1250 [00:39<03:40,  4.82it/s]
Epoch 2 - Training:  15%|█▌        | 190/1250 [00:39<03:39,  4.83it/s]
Epoch 2 - Training:  15%|█▌        | 191/1250 [00:39<03:40,  4.80it/s]
Epoch 2 - Training:  15%|█▌        | 192/1250 [00:39<03:39,  4.81it/s]
Epoch 2 - Training:  15%|█▌        | 193/1250 [00:40<03:39,  4.81it/s]
Epoch 2 - Training:  16%|█▌        | 194/1250 [00:40<03:38,  4.82it/s]
Epoch 2 - Training:  16%|█▌        | 195/1250 [00:40<03:38,  4.83it/s]
Epoch 2 - Training:  16%|█▌        | 196/1250 [00:40<03:39,  4.80it/s]
Epoch 2 - Training:  16%|█▌        | 197/1250 [00:40<03:38,  4.82it/s]
Epoch 2 - Training:  16%|█▌        | 198/1250 [00:41<03:38,  4.82it/s]
Epoch 2 - Training:  16%|█▌        | 199/1250 [00:41<03:37,  4.83it/s]
Epoch 2 - Training:  16%|█▌        | 200/1250 [00:41<03:37,  4.82it/s]
Epoch 2 - Training:  16%|█▌        | 201/1250 [00:41<03:38,  4.79it/s]
Epoch 2 - Training:  16%|█▌        | 202/1250 [00:41<03:38,  4.80it/s]
Epoch 2 - Training:  16%|█▌        | 203/1250 [00:42<03:37,  4.81it/s]
Epoch 2 - Training:  16%|█▋        | 204/1250 [00:42<03:37,  4.82it/s]
Epoch 2 - Training:  16%|█▋        | 205/1250 [00:42<03:37,  4.81it/s]
Epoch 2 - Training:  16%|█▋        | 206/1250 [00:42<03:37,  4.79it/s]
Epoch 2 - Training:  17%|█▋        | 207/1250 [00:42<03:36,  4.81it/s]
Epoch 2 - Training:  17%|█▋        | 208/1250 [00:43<03:36,  4.82it/s]
Epoch 2 - Training:  17%|█▋        | 209/1250 [00:43<03:35,  4.82it/s]
Epoch 2 - Training:  17%|█▋        | 210/1250 [00:43<03:35,  4.83it/s]
Epoch 2 - Training:  17%|█▋        | 211/1250 [00:43<03:37,  4.79it/s]
Epoch 2 - Training:  17%|█▋        | 212/1250 [00:44<03:35,  4.81it/s]
Epoch 2 - Training:  17%|█▋        | 213/1250 [00:44<03:35,  4.82it/s]
Epoch 2 - Training:  17%|█▋        | 214/1250 [00:44<03:34,  4.82it/s]
Epoch 2 - Training:  17%|█▋        | 215/1250 [00:44<03:34,  4.83it/s]
Epoch 2 - Training:  17%|█▋        | 216/1250 [00:44<03:35,  4.79it/s]
Epoch 2 - Training:  17%|█▋        | 217/1250 [00:45<03:35,  4.80it/s]
Epoch 2 - Training:  17%|█▋        | 218/1250 [00:45<03:34,  4.82it/s]
Epoch 2 - Training:  18%|█▊        | 219/1250 [00:45<03:33,  4.82it/s]
Epoch 2 - Training:  18%|█▊        | 220/1250 [00:45<03:33,  4.83it/s]
Epoch 2 - Training:  18%|█▊        | 221/1250 [00:45<03:34,  4.80it/s]
Epoch 2 - Training:  18%|█▊        | 222/1250 [00:46<03:33,  4.81it/s]
Epoch 2 - Training:  18%|█▊        | 223/1250 [00:46<03:33,  4.82it/s]
Epoch 2 - Training:  18%|█▊        | 224/1250 [00:46<03:32,  4.83it/s]
Epoch 2 - Training:  18%|█▊        | 225/1250 [00:46<03:32,  4.83it/s]
Epoch 2 - Training:  18%|█▊        | 226/1250 [00:46<03:33,  4.79it/s]
Epoch 2 - Training:  18%|█▊        | 227/1250 [00:47<03:32,  4.81it/s]
Epoch 2 - Training:  18%|█▊        | 228/1250 [00:47<03:32,  4.81it/s]
Epoch 2 - Training:  18%|█▊        | 229/1250 [00:47<03:31,  4.82it/s]
Epoch 2 - Training:  18%|█▊        | 230/1250 [00:47<03:31,  4.82it/s]
Epoch 2 - Training:  18%|█▊        | 231/1250 [00:47<03:32,  4.80it/s]
Epoch 2 - Training:  19%|█▊        | 232/1250 [00:48<03:31,  4.82it/s]
Epoch 2 - Training:  19%|█▊        | 233/1250 [00:48<03:31,  4.82it/s]
Epoch 2 - Training:  19%|█▊        | 234/1250 [00:48<03:30,  4.83it/s]
Epoch 2 - Training:  19%|█▉        | 235/1250 [00:48<03:30,  4.83it/s]
Epoch 2 - Training:  19%|█▉        | 236/1250 [00:49<03:31,  4.80it/s]
Epoch 2 - Training:  19%|█▉        | 237/1250 [00:49<03:30,  4.81it/s]
Epoch 2 - Training:  19%|█▉        | 238/1250 [00:49<03:30,  4.82it/s]
Epoch 2 - Training:  19%|█▉        | 239/1250 [00:49<03:29,  4.82it/s]
Epoch 2 - Training:  19%|█▉        | 240/1250 [00:49<03:29,  4.83it/s]
Epoch 2 - Training:  19%|█▉        | 241/1250 [00:50<03:30,  4.80it/s]
Epoch 2 - Training:  19%|█▉        | 242/1250 [00:50<03:29,  4.81it/s]
Epoch 2 - Training:  19%|█▉        | 243/1250 [00:50<03:28,  4.82it/s]
Epoch 2 - Training:  20%|█▉        | 244/1250 [00:50<03:28,  4.82it/s]
Epoch 2 - Training:  20%|█▉        | 245/1250 [00:50<03:27,  4.83it/s]
Epoch 2 - Training:  20%|█▉        | 246/1250 [00:51<03:29,  4.80it/s]
Epoch 2 - Training:  20%|█▉        | 247/1250 [00:51<03:28,  4.81it/s]
Epoch 2 - Training:  20%|█▉        | 248/1250 [00:51<03:28,  4.81it/s]
Epoch 2 - Training:  20%|█▉        | 249/1250 [00:51<03:27,  4.82it/s]
Epoch 2 - Training:  20%|██        | 250/1250 [00:51<03:27,  4.82it/s]
Epoch 2 - Training:  20%|██        | 251/1250 [00:52<03:28,  4.79it/s]
Epoch 2 - Training:  20%|██        | 252/1250 [00:52<03:27,  4.80it/s]
Epoch 2 - Training:  20%|██        | 253/1250 [00:52<03:27,  4.81it/s]
Epoch 2 - Training:  20%|██        | 254/1250 [00:52<03:26,  4.82it/s]
Epoch 2 - Training:  20%|██        | 255/1250 [00:52<03:26,  4.82it/s]
Epoch 2 - Training:  20%|██        | 256/1250 [00:53<03:27,  4.79it/s]
Epoch 2 - Training:  21%|██        | 257/1250 [00:53<03:26,  4.81it/s]
Epoch 2 - Training:  21%|██        | 258/1250 [00:53<03:25,  4.82it/s]
Epoch 2 - Training:  21%|██        | 259/1250 [00:53<03:25,  4.83it/s]
Epoch 2 - Training:  21%|██        | 260/1250 [00:54<03:24,  4.84it/s]
Epoch 2 - Training:  21%|██        | 261/1250 [00:54<03:25,  4.80it/s]
Epoch 2 - Training:  21%|██        | 262/1250 [00:54<03:25,  4.81it/s]
Epoch 2 - Training:  21%|██        | 263/1250 [00:54<03:24,  4.82it/s]
Epoch 2 - Training:  21%|██        | 264/1250 [00:54<03:24,  4.82it/s]
Epoch 2 - Training:  21%|██        | 265/1250 [00:55<03:24,  4.82it/s]
Epoch 2 - Training:  21%|██▏       | 266/1250 [00:55<03:25,  4.79it/s]
Epoch 2 - Training:  21%|██▏       | 267/1250 [00:55<03:24,  4.80it/s]
Epoch 2 - Training:  21%|██▏       | 268/1250 [00:55<03:24,  4.81it/s]
Epoch 2 - Training:  22%|██▏       | 269/1250 [00:55<03:23,  4.81it/s]
Epoch 2 - Training:  22%|██▏       | 270/1250 [00:56<03:22,  4.83it/s]
Epoch 2 - Training:  22%|██▏       | 271/1250 [00:56<03:24,  4.79it/s]
Epoch 2 - Training:  22%|██▏       | 272/1250 [00:56<03:23,  4.80it/s]
Epoch 2 - Training:  22%|██▏       | 273/1250 [00:56<03:22,  4.82it/s]
Epoch 2 - Training:  22%|██▏       | 274/1250 [00:56<03:22,  4.83it/s]
Epoch 2 - Training:  22%|██▏       | 275/1250 [00:57<03:21,  4.83it/s]
Epoch 2 - Training:  22%|██▏       | 276/1250 [00:57<03:23,  4.80it/s]
Epoch 2 - Training:  22%|██▏       | 277/1250 [00:57<03:22,  4.81it/s]
Epoch 2 - Training:  22%|██▏       | 278/1250 [00:57<03:21,  4.81it/s]
Epoch 2 - Training:  22%|██▏       | 279/1250 [00:57<03:21,  4.83it/s]
Epoch 2 - Training:  22%|██▏       | 280/1250 [00:58<03:21,  4.83it/s]
Epoch 2 - Training:  22%|██▏       | 281/1250 [00:58<03:21,  4.80it/s]
Epoch 2 - Training:  23%|██▎       | 282/1250 [00:58<03:21,  4.81it/s]
Epoch 2 - Training:  23%|██▎       | 283/1250 [00:58<03:20,  4.82it/s]
Epoch 2 - Training:  23%|██▎       | 284/1250 [00:58<03:20,  4.82it/s]
Epoch 2 - Training:  23%|██▎       | 285/1250 [00:59<03:19,  4.83it/s]
Epoch 2 - Training:  23%|██▎       | 286/1250 [00:59<03:21,  4.79it/s]
Epoch 2 - Training:  23%|██▎       | 287/1250 [00:59<03:20,  4.80it/s]
Epoch 2 - Training:  23%|██▎       | 288/1250 [00:59<03:19,  4.82it/s]
Epoch 2 - Training:  23%|██▎       | 289/1250 [01:00<03:19,  4.82it/s]
Epoch 2 - Training:  23%|██▎       | 290/1250 [01:00<03:18,  4.83it/s]
Epoch 2 - Training:  23%|██▎       | 291/1250 [01:00<03:19,  4.80it/s]
Epoch 2 - Training:  23%|██▎       | 292/1250 [01:00<03:19,  4.80it/s]
Epoch 2 - Training:  23%|██▎       | 293/1250 [01:00<03:18,  4.82it/s]
Epoch 2 - Training:  24%|██▎       | 294/1250 [01:01<03:18,  4.83it/s]
Epoch 2 - Training:  24%|██▎       | 295/1250 [01:01<03:17,  4.84it/s]
Epoch 2 - Training:  24%|██▎       | 296/1250 [01:01<03:18,  4.80it/s]
Epoch 2 - Training:  24%|██▍       | 297/1250 [01:01<03:17,  4.82it/s]
Epoch 2 - Training:  24%|██▍       | 298/1250 [01:01<03:17,  4.82it/s]
Epoch 2 - Training:  24%|██▍       | 299/1250 [01:02<03:16,  4.83it/s]
Epoch 2 - Training:  24%|██▍       | 300/1250 [01:02<03:16,  4.83it/s]
Epoch 2 - Training:  24%|██▍       | 301/1250 [01:02<03:17,  4.80it/s]
Epoch 2 - Training:  24%|██▍       | 302/1250 [01:02<03:17,  4.81it/s]
Epoch 2 - Training:  24%|██▍       | 303/1250 [01:02<03:16,  4.83it/s]
Epoch 2 - Training:  24%|██▍       | 304/1250 [01:03<03:16,  4.82it/s]
Epoch 2 - Training:  24%|██▍       | 305/1250 [01:03<03:15,  4.83it/s]
Epoch 2 - Training:  24%|██▍       | 306/1250 [01:03<03:16,  4.80it/s]
Epoch 2 - Training:  25%|██▍       | 307/1250 [01:03<03:16,  4.81it/s]
Epoch 2 - Training:  25%|██▍       | 308/1250 [01:03<03:15,  4.82it/s]
Epoch 2 - Training:  25%|██▍       | 309/1250 [01:04<03:15,  4.82it/s]
Epoch 2 - Training:  25%|██▍       | 310/1250 [01:04<03:14,  4.82it/s]
Epoch 2 - Training:  25%|██▍       | 311/1250 [01:04<03:15,  4.80it/s]
Epoch 2 - Training:  25%|██▍       | 312/1250 [01:04<03:14,  4.81it/s]
Epoch 2 - Training:  25%|██▌       | 313/1250 [01:05<03:14,  4.82it/s]
Epoch 2 - Training:  25%|██▌       | 314/1250 [01:05<03:13,  4.83it/s]
Epoch 2 - Training:  25%|██▌       | 315/1250 [01:05<03:13,  4.83it/s]
Epoch 2 - Training:  25%|██▌       | 316/1250 [01:05<03:14,  4.80it/s]
Epoch 2 - Training:  25%|██▌       | 317/1250 [01:05<03:13,  4.81it/s]
Epoch 2 - Training:  25%|██▌       | 318/1250 [01:06<03:13,  4.82it/s]
Epoch 2 - Training:  26%|██▌       | 319/1250 [01:06<03:12,  4.83it/s]
Epoch 2 - Training:  26%|██▌       | 320/1250 [01:06<03:12,  4.83it/s]
Epoch 2 - Training:  26%|██▌       | 321/1250 [01:06<03:13,  4.79it/s]
Epoch 2 - Training:  26%|██▌       | 322/1250 [01:06<03:13,  4.80it/s]
Epoch 2 - Training:  26%|██▌       | 323/1250 [01:07<03:12,  4.81it/s]
Epoch 2 - Training:  26%|██▌       | 324/1250 [01:07<03:12,  4.81it/s]
Epoch 2 - Training:  26%|██▌       | 325/1250 [01:07<03:11,  4.83it/s]
Epoch 2 - Training:  26%|██▌       | 326/1250 [01:07<03:12,  4.79it/s]
Epoch 2 - Training:  26%|██▌       | 327/1250 [01:07<03:12,  4.80it/s]
Epoch 2 - Training:  26%|██▌       | 328/1250 [01:08<03:11,  4.81it/s]
Epoch 2 - Training:  26%|██▋       | 329/1250 [01:08<03:11,  4.82it/s]
Epoch 2 - Training:  26%|██▋       | 330/1250 [01:08<03:10,  4.82it/s]
Epoch 2 - Training:  26%|██▋       | 331/1250 [01:08<03:11,  4.80it/s]
Epoch 2 - Training:  27%|██▋       | 332/1250 [01:08<03:10,  4.82it/s]
Epoch 2 - Training:  27%|██▋       | 333/1250 [01:09<03:10,  4.82it/s]
Epoch 2 - Training:  27%|██▋       | 334/1250 [01:09<03:09,  4.83it/s]
Epoch 2 - Training:  27%|██▋       | 335/1250 [01:09<03:09,  4.83it/s]
Epoch 2 - Training:  27%|██▋       | 336/1250 [01:09<03:10,  4.81it/s]
Epoch 2 - Training:  27%|██▋       | 337/1250 [01:09<03:09,  4.81it/s]
Epoch 2 - Training:  27%|██▋       | 338/1250 [01:10<03:09,  4.82it/s]
Epoch 2 - Training:  27%|██▋       | 339/1250 [01:10<03:08,  4.82it/s]
Epoch 2 - Training:  27%|██▋       | 340/1250 [01:10<03:08,  4.83it/s]
Epoch 2 - Training:  27%|██▋       | 341/1250 [01:10<03:09,  4.80it/s]
Epoch 2 - Training:  27%|██▋       | 342/1250 [01:11<03:08,  4.81it/s]
Epoch 2 - Training:  27%|██▋       | 343/1250 [01:11<03:08,  4.82it/s]
Epoch 2 - Training:  28%|██▊       | 344/1250 [01:11<03:07,  4.82it/s]
Epoch 2 - Training:  28%|██▊       | 345/1250 [01:11<03:07,  4.82it/s]
Epoch 2 - Training:  28%|██▊       | 346/1250 [01:11<03:08,  4.80it/s]
Epoch 2 - Training:  28%|██▊       | 347/1250 [01:12<03:07,  4.82it/s]
Epoch 2 - Training:  28%|██▊       | 348/1250 [01:12<03:07,  4.82it/s]
Epoch 2 - Training:  28%|██▊       | 349/1250 [01:12<03:06,  4.83it/s]
Epoch 2 - Training:  28%|██▊       | 350/1250 [01:12<03:06,  4.83it/s]
Epoch 2 - Training:  28%|██▊       | 351/1250 [01:12<03:07,  4.80it/s]
Epoch 2 - Training:  28%|██▊       | 352/1250 [01:13<03:06,  4.81it/s]
Epoch 2 - Training:  28%|██▊       | 353/1250 [01:13<03:06,  4.82it/s]
Epoch 2 - Training:  28%|██▊       | 354/1250 [01:13<03:06,  4.81it/s]
Epoch 2 - Training:  28%|██▊       | 355/1250 [01:13<03:05,  4.82it/s]
Epoch 2 - Training:  28%|██▊       | 356/1250 [01:13<03:06,  4.79it/s]
Epoch 2 - Training:  29%|██▊       | 357/1250 [01:14<03:05,  4.80it/s]
Epoch 2 - Training:  29%|██▊       | 358/1250 [01:14<03:05,  4.81it/s]
Epoch 2 - Training:  29%|██▊       | 359/1250 [01:14<03:04,  4.82it/s]
Epoch 2 - Training:  29%|██▉       | 360/1250 [01:14<03:04,  4.83it/s]
Epoch 2 - Training:  29%|██▉       | 361/1250 [01:14<03:05,  4.79it/s]
Epoch 2 - Training:  29%|██▉       | 362/1250 [01:15<03:04,  4.80it/s]
Epoch 2 - Training:  29%|██▉       | 363/1250 [01:15<03:04,  4.81it/s]
Epoch 2 - Training:  29%|██▉       | 364/1250 [01:15<03:03,  4.82it/s]
Epoch 2 - Training:  29%|██▉       | 365/1250 [01:15<03:03,  4.83it/s]
Epoch 2 - Training:  29%|██▉       | 366/1250 [01:16<03:04,  4.80it/s]
Epoch 2 - Training:  29%|██▉       | 367/1250 [01:16<03:03,  4.81it/s]
Epoch 2 - Training:  29%|██▉       | 368/1250 [01:16<03:03,  4.82it/s]
Epoch 2 - Training:  30%|██▉       | 369/1250 [01:16<03:02,  4.82it/s]
Epoch 2 - Training:  30%|██▉       | 370/1250 [01:16<03:02,  4.83it/s]
Epoch 2 - Training:  30%|██▉       | 371/1250 [01:17<03:03,  4.79it/s]
Epoch 2 - Training:  30%|██▉       | 372/1250 [01:17<03:02,  4.80it/s]
Epoch 2 - Training:  30%|██▉       | 373/1250 [01:17<03:02,  4.82it/s]
Epoch 2 - Training:  30%|██▉       | 374/1250 [01:17<03:01,  4.83it/s]
Epoch 2 - Training:  30%|███       | 375/1250 [01:17<03:01,  4.82it/s]
Epoch 2 - Training:  30%|███       | 376/1250 [01:18<03:02,  4.80it/s]
Epoch 2 - Training:  30%|███       | 377/1250 [01:18<03:01,  4.81it/s]
Epoch 2 - Training:  30%|███       | 378/1250 [01:18<03:00,  4.82it/s]
Epoch 2 - Training:  30%|███       | 379/1250 [01:18<03:00,  4.82it/s]
Epoch 2 - Training:  30%|███       | 380/1250 [01:18<03:00,  4.83it/s]
Epoch 2 - Training:  30%|███       | 381/1250 [01:19<03:01,  4.79it/s]
Epoch 2 - Training:  31%|███       | 382/1250 [01:19<03:01,  4.79it/s]
Epoch 2 - Training:  31%|███       | 383/1250 [01:19<03:00,  4.81it/s]
Epoch 2 - Training:  31%|███       | 384/1250 [01:19<02:59,  4.82it/s]
Epoch 2 - Training:  31%|███       | 385/1250 [01:19<02:59,  4.82it/s]
Epoch 2 - Training:  31%|███       | 386/1250 [01:20<02:59,  4.80it/s]
Epoch 2 - Training:  31%|███       | 387/1250 [01:20<02:59,  4.82it/s]
Epoch 2 - Training:  31%|███       | 388/1250 [01:20<02:58,  4.83it/s]
Epoch 2 - Training:  31%|███       | 389/1250 [01:20<02:58,  4.83it/s]
Epoch 2 - Training:  31%|███       | 390/1250 [01:21<02:57,  4.84it/s]
Epoch 2 - Training:  31%|███▏      | 391/1250 [01:21<02:58,  4.80it/s]
Epoch 2 - Training:  31%|███▏      | 392/1250 [01:21<02:58,  4.82it/s]
Epoch 2 - Training:  31%|███▏      | 393/1250 [01:21<02:57,  4.82it/s]
Epoch 2 - Training:  32%|███▏      | 394/1250 [01:21<02:57,  4.83it/s]
Epoch 2 - Training:  32%|███▏      | 395/1250 [01:22<02:56,  4.84it/s]
Epoch 2 - Training:  32%|███▏      | 396/1250 [01:22<02:57,  4.81it/s]
Epoch 2 - Training:  32%|███▏      | 397/1250 [01:22<02:56,  4.83it/s]
Epoch 2 - Training:  32%|███▏      | 398/1250 [01:22<02:56,  4.83it/s]
Epoch 2 - Training:  32%|███▏      | 399/1250 [01:22<02:56,  4.83it/s]
Epoch 2 - Training:  32%|███▏      | 400/1250 [01:23<02:55,  4.84it/s]
Epoch 2 - Training:  32%|███▏      | 401/1250 [01:23<02:57,  4.80it/s]
Epoch 2 - Training:  32%|███▏      | 402/1250 [01:23<02:56,  4.80it/s]
Epoch 2 - Training:  32%|███▏      | 403/1250 [01:23<02:55,  4.82it/s]
Epoch 2 - Training:  32%|███▏      | 404/1250 [01:23<02:55,  4.82it/s]
Epoch 2 - Training:  32%|███▏      | 405/1250 [01:24<02:55,  4.82it/s]
Epoch 2 - Training:  32%|███▏      | 406/1250 [01:24<02:55,  4.80it/s]
Epoch 2 - Training:  33%|███▎      | 407/1250 [01:24<02:55,  4.81it/s]
Epoch 2 - Training:  33%|███▎      | 408/1250 [01:24<02:54,  4.82it/s]
Epoch 2 - Training:  33%|███▎      | 409/1250 [01:24<02:54,  4.82it/s]
Epoch 2 - Training:  33%|███▎      | 410/1250 [01:25<02:53,  4.83it/s]
Epoch 2 - Training:  33%|███▎      | 411/1250 [01:25<02:54,  4.80it/s]
Epoch 2 - Training:  33%|███▎      | 412/1250 [01:25<02:53,  4.82it/s]
Epoch 2 - Training:  33%|███▎      | 413/1250 [01:25<02:53,  4.83it/s]
Epoch 2 - Training:  33%|███▎      | 414/1250 [01:25<02:53,  4.82it/s]
Epoch 2 - Training:  33%|███▎      | 415/1250 [01:26<02:52,  4.83it/s]
Epoch 2 - Training:  33%|███▎      | 416/1250 [01:26<02:53,  4.80it/s]
Epoch 2 - Training:  33%|███▎      | 417/1250 [01:26<02:52,  4.82it/s]
Epoch 2 - Training:  33%|███▎      | 418/1250 [01:26<02:52,  4.82it/s]
Epoch 2 - Training:  34%|███▎      | 419/1250 [01:27<02:52,  4.83it/s]
Epoch 2 - Training:  34%|███▎      | 420/1250 [01:27<02:51,  4.83it/s]
Epoch 2 - Training:  34%|███▎      | 421/1250 [01:27<02:52,  4.80it/s]
Epoch 2 - Training:  34%|███▍      | 422/1250 [01:27<02:52,  4.81it/s]
Epoch 2 - Training:  34%|███▍      | 423/1250 [01:27<02:51,  4.82it/s]
Epoch 2 - Training:  34%|███▍      | 424/1250 [01:28<02:51,  4.82it/s]
Epoch 2 - Training:  34%|███▍      | 425/1250 [01:28<02:51,  4.82it/s]
Epoch 2 - Training:  34%|███▍      | 426/1250 [01:28<02:51,  4.79it/s]
Epoch 2 - Training:  34%|███▍      | 427/1250 [01:28<02:50,  4.82it/s]
Epoch 2 - Training:  34%|███▍      | 428/1250 [01:28<02:50,  4.82it/s]
Epoch 2 - Training:  34%|███▍      | 429/1250 [01:29<02:50,  4.83it/s]
Epoch 2 - Training:  34%|███▍      | 430/1250 [01:29<02:49,  4.83it/s]
Epoch 2 - Training:  34%|███▍      | 431/1250 [01:29<02:50,  4.79it/s]
Epoch 2 - Training:  35%|███▍      | 432/1250 [01:29<02:50,  4.80it/s]
Epoch 2 - Training:  35%|███▍      | 433/1250 [01:29<02:49,  4.81it/s]
Epoch 2 - Training:  35%|███▍      | 434/1250 [01:30<02:49,  4.82it/s]
Epoch 2 - Training:  35%|███▍      | 435/1250 [01:30<02:48,  4.83it/s]
Epoch 2 - Training:  35%|███▍      | 436/1250 [01:30<02:49,  4.80it/s]
Epoch 2 - Training:  35%|███▍      | 437/1250 [01:30<02:48,  4.81it/s]
Epoch 2 - Training:  35%|███▌      | 438/1250 [01:30<02:48,  4.83it/s]
Epoch 2 - Training:  35%|███▌      | 439/1250 [01:31<02:47,  4.83it/s]
Epoch 2 - Training:  35%|███▌      | 440/1250 [01:31<02:47,  4.83it/s]
Epoch 2 - Training:  35%|███▌      | 441/1250 [01:31<02:48,  4.80it/s]
Epoch 2 - Training:  35%|███▌      | 442/1250 [01:31<02:47,  4.82it/s]
Epoch 2 - Training:  35%|███▌      | 443/1250 [01:32<02:47,  4.81it/s]
Epoch 2 - Training:  36%|███▌      | 444/1250 [01:32<02:47,  4.83it/s]
Epoch 2 - Training:  36%|███▌      | 445/1250 [01:32<02:46,  4.83it/s]
Epoch 2 - Training:  36%|███▌      | 446/1250 [01:32<02:47,  4.80it/s]
Epoch 2 - Training:  36%|███▌      | 447/1250 [01:32<02:47,  4.80it/s]
Epoch 2 - Training:  36%|███▌      | 448/1250 [01:33<02:46,  4.82it/s]
Epoch 2 - Training:  36%|███▌      | 449/1250 [01:33<02:46,  4.82it/s]
Epoch 2 - Training:  36%|███▌      | 450/1250 [01:33<02:45,  4.83it/s]
Epoch 2 - Training:  36%|███▌      | 451/1250 [01:33<02:46,  4.80it/s]
Epoch 2 - Training:  36%|███▌      | 452/1250 [01:33<02:46,  4.80it/s]
Epoch 2 - Training:  36%|███▌      | 453/1250 [01:34<02:45,  4.82it/s]
Epoch 2 - Training:  36%|███▋      | 454/1250 [01:34<02:45,  4.82it/s]
Epoch 2 - Training:  36%|███▋      | 455/1250 [01:34<02:44,  4.82it/s]
Epoch 2 - Training:  36%|███▋      | 456/1250 [01:34<02:45,  4.80it/s]
Epoch 2 - Training:  37%|███▋      | 457/1250 [01:34<02:44,  4.82it/s]
Epoch 2 - Training:  37%|███▋      | 458/1250 [01:35<02:44,  4.82it/s]
Epoch 2 - Training:  37%|███▋      | 459/1250 [01:35<02:43,  4.82it/s]
Epoch 2 - Training:  37%|███▋      | 460/1250 [01:35<02:43,  4.83it/s]
Epoch 2 - Training:  37%|███▋      | 461/1250 [01:35<02:44,  4.80it/s]
Epoch 2 - Training:  37%|███▋      | 462/1250 [01:35<02:44,  4.80it/s]
Epoch 2 - Training:  37%|███▋      | 463/1250 [01:36<02:43,  4.81it/s]
Epoch 2 - Training:  37%|███▋      | 464/1250 [01:36<02:43,  4.81it/s]
Epoch 2 - Training:  37%|███▋      | 465/1250 [01:36<02:42,  4.82it/s]
Epoch 2 - Training:  37%|███▋      | 466/1250 [01:36<02:43,  4.79it/s]
Epoch 2 - Training:  37%|███▋      | 467/1250 [01:36<02:43,  4.80it/s]
Epoch 2 - Training:  37%|███▋      | 468/1250 [01:37<02:42,  4.82it/s]
Epoch 2 - Training:  38%|███▊      | 469/1250 [01:37<02:41,  4.82it/s]
Epoch 2 - Training:  38%|███▊      | 470/1250 [01:37<02:41,  4.83it/s]
Epoch 2 - Training:  38%|███▊      | 471/1250 [01:37<02:42,  4.80it/s]
Epoch 2 - Training:  38%|███▊      | 472/1250 [01:38<02:41,  4.81it/s]
Epoch 2 - Training:  38%|███▊      | 473/1250 [01:38<02:41,  4.82it/s]
Epoch 2 - Training:  38%|███▊      | 474/1250 [01:38<02:40,  4.82it/s]
Epoch 2 - Training:  38%|███▊      | 475/1250 [01:38<02:40,  4.83it/s]
Epoch 2 - Training:  38%|███▊      | 476/1250 [01:38<02:41,  4.80it/s]
Epoch 2 - Training:  38%|███▊      | 477/1250 [01:39<02:40,  4.82it/s]
Epoch 2 - Training:  38%|███▊      | 478/1250 [01:39<02:40,  4.82it/s]
Epoch 2 - Training:  38%|███▊      | 479/1250 [01:39<02:39,  4.83it/s]
Epoch 2 - Training:  38%|███▊      | 480/1250 [01:39<02:39,  4.83it/s]
Epoch 2 - Training:  38%|███▊      | 481/1250 [01:39<02:40,  4.80it/s]
Epoch 2 - Training:  39%|███▊      | 482/1250 [01:40<02:39,  4.81it/s]
Epoch 2 - Training:  39%|███▊      | 483/1250 [01:40<02:39,  4.82it/s]
Epoch 2 - Training:  39%|███▊      | 484/1250 [01:40<02:38,  4.82it/s]
Epoch 2 - Training:  39%|███▉      | 485/1250 [01:40<02:38,  4.83it/s]
Epoch 2 - Training:  39%|███▉      | 486/1250 [01:40<02:39,  4.80it/s]
Epoch 2 - Training:  39%|███▉      | 487/1250 [01:41<02:38,  4.80it/s]
Epoch 2 - Training:  39%|███▉      | 488/1250 [01:41<02:38,  4.82it/s]
Epoch 2 - Training:  39%|███▉      | 489/1250 [01:41<02:37,  4.82it/s]
Epoch 2 - Training:  39%|███▉      | 490/1250 [01:41<02:37,  4.83it/s]
Epoch 2 - Training:  39%|███▉      | 491/1250 [01:41<02:38,  4.80it/s]
Epoch 2 - Training:  39%|███▉      | 492/1250 [01:42<02:37,  4.82it/s]
Epoch 2 - Training:  39%|███▉      | 493/1250 [01:42<02:37,  4.81it/s]
Epoch 2 - Training:  40%|███▉      | 494/1250 [01:42<02:36,  4.83it/s]
Epoch 2 - Training:  40%|███▉      | 495/1250 [01:42<02:36,  4.83it/s]
Epoch 2 - Training:  40%|███▉      | 496/1250 [01:43<02:37,  4.80it/s]
Epoch 2 - Training:  40%|███▉      | 497/1250 [01:43<02:36,  4.82it/s]
Epoch 2 - Training:  40%|███▉      | 498/1250 [01:43<02:35,  4.82it/s]
Epoch 2 - Training:  40%|███▉      | 499/1250 [01:43<02:35,  4.82it/s]
Epoch 2 - Training:  40%|████      | 500/1250 [01:43<02:35,  4.82it/s]
Epoch 2 - Training:  40%|████      | 501/1250 [01:44<02:36,  4.79it/s]
Epoch 2 - Training:  40%|████      | 502/1250 [01:44<02:35,  4.80it/s]
Epoch 2 - Training:  40%|████      | 503/1250 [01:44<02:35,  4.82it/s]
Epoch 2 - Training:  40%|████      | 504/1250 [01:44<02:34,  4.82it/s]
Epoch 2 - Training:  40%|████      | 505/1250 [01:44<02:34,  4.83it/s]
Epoch 2 - Training:  40%|████      | 506/1250 [01:45<02:35,  4.80it/s]
Epoch 2 - Training:  41%|████      | 507/1250 [01:45<02:34,  4.81it/s]
Epoch 2 - Training:  41%|████      | 508/1250 [01:45<02:33,  4.82it/s]
Epoch 2 - Training:  41%|████      | 509/1250 [01:45<02:33,  4.82it/s]
Epoch 2 - Training:  41%|████      | 510/1250 [01:45<02:33,  4.82it/s]
Epoch 2 - Training:  41%|████      | 511/1250 [01:46<02:34,  4.79it/s]
Epoch 2 - Training:  41%|████      | 512/1250 [01:46<02:33,  4.80it/s]
Epoch 2 - Training:  41%|████      | 513/1250 [01:46<02:33,  4.81it/s]
Epoch 2 - Training:  41%|████      | 514/1250 [01:46<02:32,  4.82it/s]
Epoch 2 - Training:  41%|████      | 515/1250 [01:46<02:32,  4.82it/s]
Epoch 2 - Training:  41%|████▏     | 516/1250 [01:47<02:33,  4.79it/s]
Epoch 2 - Training:  41%|████▏     | 517/1250 [01:47<02:32,  4.80it/s]
Epoch 2 - Training:  41%|████▏     | 518/1250 [01:47<02:32,  4.81it/s]
Epoch 2 - Training:  42%|████▏     | 519/1250 [01:47<02:31,  4.82it/s]
Epoch 2 - Training:  42%|████▏     | 520/1250 [01:48<02:31,  4.82it/s]
Epoch 2 - Training:  42%|████▏     | 521/1250 [01:48<02:31,  4.80it/s]
Epoch 2 - Training:  42%|████▏     | 522/1250 [01:48<02:31,  4.82it/s]
Epoch 2 - Training:  42%|████▏     | 523/1250 [01:48<02:30,  4.82it/s]
Epoch 2 - Training:  42%|████▏     | 524/1250 [01:48<02:30,  4.82it/s]
Epoch 2 - Training:  42%|████▏     | 525/1250 [01:49<02:30,  4.82it/s]
Epoch 2 - Training:  42%|████▏     | 526/1250 [01:49<02:30,  4.80it/s]
Epoch 2 - Training:  42%|████▏     | 527/1250 [01:49<02:30,  4.81it/s]
Epoch 2 - Training:  42%|████▏     | 528/1250 [01:49<02:29,  4.82it/s]
Epoch 2 - Training:  42%|████▏     | 529/1250 [01:49<02:29,  4.82it/s]
Epoch 2 - Training:  42%|████▏     | 530/1250 [01:50<02:29,  4.83it/s]
Epoch 2 - Training:  42%|████▏     | 531/1250 [01:50<02:29,  4.79it/s]
Epoch 2 - Training:  43%|████▎     | 532/1250 [01:50<02:29,  4.81it/s]
Epoch 2 - Training:  43%|████▎     | 533/1250 [01:50<02:28,  4.81it/s]
Epoch 2 - Training:  43%|████▎     | 534/1250 [01:50<02:28,  4.81it/s]
Epoch 2 - Training:  43%|████▎     | 535/1250 [01:51<02:28,  4.82it/s]
Epoch 2 - Training:  43%|████▎     | 536/1250 [01:51<02:29,  4.79it/s]
Epoch 2 - Training:  43%|████▎     | 537/1250 [01:51<02:28,  4.80it/s]
Epoch 2 - Training:  43%|████▎     | 538/1250 [01:51<02:27,  4.81it/s]
Epoch 2 - Training:  43%|████▎     | 539/1250 [01:51<02:27,  4.82it/s]
Epoch 2 - Training:  43%|████▎     | 540/1250 [01:52<02:26,  4.83it/s]
Epoch 2 - Training:  43%|████▎     | 541/1250 [01:52<02:27,  4.80it/s]
Epoch 2 - Training:  43%|████▎     | 542/1250 [01:52<02:27,  4.81it/s]
Epoch 2 - Training:  43%|████▎     | 543/1250 [01:52<02:26,  4.82it/s]
Epoch 2 - Training:  44%|████▎     | 544/1250 [01:52<02:26,  4.82it/s]
Epoch 2 - Training:  44%|████▎     | 545/1250 [01:53<02:25,  4.83it/s]
Epoch 2 - Training:  44%|████▎     | 546/1250 [01:53<02:26,  4.80it/s]
Epoch 2 - Training:  44%|████▍     | 547/1250 [01:53<02:25,  4.82it/s]
Epoch 2 - Training:  44%|████▍     | 548/1250 [01:53<02:25,  4.83it/s]
Epoch 2 - Training:  44%|████▍     | 549/1250 [01:54<02:25,  4.83it/s]
Epoch 2 - Training:  44%|████▍     | 550/1250 [01:54<02:24,  4.83it/s]
Epoch 2 - Training:  44%|████▍     | 551/1250 [01:54<02:25,  4.80it/s]
Epoch 2 - Training:  44%|████▍     | 552/1250 [01:54<02:25,  4.81it/s]
Epoch 2 - Training:  44%|████▍     | 553/1250 [01:54<02:24,  4.82it/s]
Epoch 2 - Training:  44%|████▍     | 554/1250 [01:55<02:24,  4.82it/s]
Epoch 2 - Training:  44%|████▍     | 555/1250 [01:55<02:24,  4.82it/s]
Epoch 2 - Training:  44%|████▍     | 556/1250 [01:55<02:24,  4.79it/s]
Epoch 2 - Training:  45%|████▍     | 557/1250 [01:55<02:24,  4.80it/s]
Epoch 2 - Training:  45%|████▍     | 558/1250 [01:55<02:23,  4.81it/s]
Epoch 2 - Training:  45%|████▍     | 559/1250 [01:56<02:23,  4.82it/s]
Epoch 2 - Training:  45%|████▍     | 560/1250 [01:56<02:22,  4.83it/s]
Epoch 2 - Training:  45%|████▍     | 561/1250 [01:56<02:23,  4.79it/s]
Epoch 2 - Training:  45%|████▍     | 562/1250 [01:56<02:23,  4.80it/s]
Epoch 2 - Training:  45%|████▌     | 563/1250 [01:56<02:22,  4.81it/s]
Epoch 2 - Training:  45%|████▌     | 564/1250 [01:57<02:22,  4.81it/s]
Epoch 2 - Training:  45%|████▌     | 565/1250 [01:57<02:21,  4.83it/s]
Epoch 2 - Training:  45%|████▌     | 566/1250 [01:57<02:22,  4.80it/s]
Epoch 2 - Training:  45%|████▌     | 567/1250 [01:57<02:22,  4.81it/s]
Epoch 2 - Training:  45%|████▌     | 568/1250 [01:57<02:21,  4.82it/s]
Epoch 2 - Training:  46%|████▌     | 569/1250 [01:58<02:21,  4.83it/s]
Epoch 2 - Training:  46%|████▌     | 570/1250 [01:58<02:20,  4.83it/s]
Epoch 2 - Training:  46%|████▌     | 571/1250 [01:58<02:21,  4.80it/s]
Epoch 2 - Training:  46%|████▌     | 572/1250 [01:58<02:20,  4.81it/s]
Epoch 2 - Training:  46%|████▌     | 573/1250 [01:59<02:20,  4.82it/s]
Epoch 2 - Training:  46%|████▌     | 574/1250 [01:59<02:20,  4.83it/s]
Epoch 2 - Training:  46%|████▌     | 575/1250 [01:59<02:19,  4.82it/s]
Epoch 2 - Training:  46%|████▌     | 576/1250 [01:59<02:20,  4.80it/s]
Epoch 2 - Training:  46%|████▌     | 577/1250 [01:59<02:19,  4.82it/s]
Epoch 2 - Training:  46%|████▌     | 578/1250 [02:00<02:19,  4.82it/s]
Epoch 2 - Training:  46%|████▋     | 579/1250 [02:00<02:18,  4.83it/s]
Epoch 2 - Training:  46%|████▋     | 580/1250 [02:00<02:18,  4.83it/s]
Epoch 2 - Training:  46%|████▋     | 581/1250 [02:00<02:19,  4.80it/s]
Epoch 2 - Training:  47%|████▋     | 582/1250 [02:00<02:19,  4.80it/s]
Epoch 2 - Training:  47%|████▋     | 583/1250 [02:01<02:18,  4.82it/s]
Epoch 2 - Training:  47%|████▋     | 584/1250 [02:01<02:18,  4.82it/s]
Epoch 2 - Training:  47%|████▋     | 585/1250 [02:01<02:17,  4.83it/s]
Epoch 2 - Training:  47%|████▋     | 586/1250 [02:01<02:18,  4.80it/s]
Epoch 2 - Training:  47%|████▋     | 587/1250 [02:01<02:18,  4.80it/s]
Epoch 2 - Training:  47%|████▋     | 588/1250 [02:02<02:17,  4.82it/s]
Epoch 2 - Training:  47%|████▋     | 589/1250 [02:02<02:17,  4.81it/s]
Epoch 2 - Training:  47%|████▋     | 590/1250 [02:02<02:16,  4.83it/s]
Epoch 2 - Training:  47%|████▋     | 591/1250 [02:02<02:17,  4.80it/s]
Epoch 2 - Training:  47%|████▋     | 592/1250 [02:02<02:16,  4.81it/s]
Epoch 2 - Training:  47%|████▋     | 593/1250 [02:03<02:16,  4.82it/s]
Epoch 2 - Training:  48%|████▊     | 594/1250 [02:03<02:15,  4.82it/s]
Epoch 2 - Training:  48%|████▊     | 595/1250 [02:03<02:15,  4.83it/s]
Epoch 2 - Training:  48%|████▊     | 596/1250 [02:03<02:16,  4.80it/s]
Epoch 2 - Training:  48%|████▊     | 597/1250 [02:03<02:15,  4.81it/s]
Epoch 2 - Training:  48%|████▊     | 598/1250 [02:04<02:15,  4.82it/s]
Epoch 2 - Training:  48%|████▊     | 599/1250 [02:04<02:14,  4.83it/s]
Epoch 2 - Training:  48%|████▊     | 600/1250 [02:04<02:14,  4.83it/s]
Epoch 2 - Training:  48%|████▊     | 601/1250 [02:04<02:15,  4.80it/s]
Epoch 2 - Training:  48%|████▊     | 602/1250 [02:05<02:14,  4.81it/s]
Epoch 2 - Training:  48%|████▊     | 603/1250 [02:05<02:14,  4.82it/s]
Epoch 2 - Training:  48%|████▊     | 604/1250 [02:05<02:13,  4.82it/s]
Epoch 2 - Training:  48%|████▊     | 605/1250 [02:05<02:13,  4.83it/s]
Epoch 2 - Training:  48%|████▊     | 606/1250 [02:05<02:14,  4.80it/s]
Epoch 2 - Training:  49%|████▊     | 607/1250 [02:06<02:13,  4.80it/s]
Epoch 2 - Training:  49%|████▊     | 608/1250 [02:06<02:13,  4.82it/s]
Epoch 2 - Training:  49%|████▊     | 609/1250 [02:06<02:12,  4.82it/s]
Epoch 2 - Training:  49%|████▉     | 610/1250 [02:06<02:12,  4.83it/s]
Epoch 2 - Training:  49%|████▉     | 611/1250 [02:06<02:13,  4.79it/s]
Epoch 2 - Training:  49%|████▉     | 612/1250 [02:07<02:12,  4.81it/s]
Epoch 2 - Training:  49%|████▉     | 613/1250 [02:07<02:12,  4.82it/s]
Epoch 2 - Training:  49%|████▉     | 614/1250 [02:07<02:11,  4.82it/s]
Epoch 2 - Training:  49%|████▉     | 615/1250 [02:07<02:11,  4.82it/s]
Epoch 2 - Training:  49%|████▉     | 616/1250 [02:07<02:12,  4.79it/s]
Epoch 2 - Training:  49%|████▉     | 617/1250 [02:08<02:11,  4.81it/s]
Epoch 2 - Training:  49%|████▉     | 618/1250 [02:08<02:11,  4.81it/s]
Epoch 2 - Training:  50%|████▉     | 619/1250 [02:08<02:10,  4.83it/s]
Epoch 2 - Training:  50%|████▉     | 620/1250 [02:08<02:10,  4.83it/s]
Epoch 2 - Training:  50%|████▉     | 621/1250 [02:08<02:10,  4.80it/s]
Epoch 2 - Training:  50%|████▉     | 622/1250 [02:09<02:10,  4.82it/s]
Epoch 2 - Training:  50%|████▉     | 623/1250 [02:09<02:09,  4.82it/s]
Epoch 2 - Training:  50%|████▉     | 624/1250 [02:09<02:09,  4.83it/s]
Epoch 2 - Training:  50%|█████     | 625/1250 [02:09<02:09,  4.83it/s]
Epoch 2 - Training:  50%|█████     | 626/1250 [02:10<02:10,  4.79it/s]
Epoch 2 - Training:  50%|█████     | 627/1250 [02:10<02:09,  4.80it/s]
Epoch 2 - Training:  50%|█████     | 628/1250 [02:10<02:09,  4.82it/s]
Epoch 2 - Training:  50%|█████     | 629/1250 [02:10<02:08,  4.82it/s]
Epoch 2 - Training:  50%|█████     | 630/1250 [02:10<02:08,  4.83it/s]
Epoch 2 - Training:  50%|█████     | 631/1250 [02:11<02:09,  4.80it/s]
Epoch 2 - Training:  51%|█████     | 632/1250 [02:11<02:08,  4.81it/s]
Epoch 2 - Training:  51%|█████     | 633/1250 [02:11<02:07,  4.82it/s]
Epoch 2 - Training:  51%|█████     | 634/1250 [02:11<02:07,  4.83it/s]
Epoch 2 - Training:  51%|█████     | 635/1250 [02:11<02:07,  4.83it/s]
Epoch 2 - Training:  51%|█████     | 636/1250 [02:12<02:07,  4.80it/s]
Epoch 2 - Training:  51%|█████     | 637/1250 [02:12<02:07,  4.81it/s]
Epoch 2 - Training:  51%|█████     | 638/1250 [02:12<02:07,  4.81it/s]
Epoch 2 - Training:  51%|█████     | 639/1250 [02:12<02:06,  4.82it/s]
Epoch 2 - Training:  51%|█████     | 640/1250 [02:12<02:06,  4.83it/s]
Epoch 2 - Training:  51%|█████▏    | 641/1250 [02:13<02:06,  4.80it/s]
Epoch 2 - Training:  51%|█████▏    | 642/1250 [02:13<02:06,  4.82it/s]
Epoch 2 - Training:  51%|█████▏    | 643/1250 [02:13<02:05,  4.83it/s]
Epoch 2 - Training:  52%|█████▏    | 644/1250 [02:13<02:05,  4.83it/s]
Epoch 2 - Training:  52%|█████▏    | 645/1250 [02:13<02:05,  4.83it/s]
Epoch 2 - Training:  52%|█████▏    | 646/1250 [02:14<02:05,  4.80it/s]
Epoch 2 - Training:  52%|█████▏    | 647/1250 [02:14<02:05,  4.81it/s]
Epoch 2 - Training:  52%|█████▏    | 648/1250 [02:14<02:04,  4.82it/s]
Epoch 2 - Training:  52%|█████▏    | 649/1250 [02:14<02:04,  4.82it/s]
Epoch 2 - Training:  52%|█████▏    | 650/1250 [02:15<02:04,  4.83it/s]
Epoch 2 - Training:  52%|█████▏    | 651/1250 [02:15<02:05,  4.79it/s]
Epoch 2 - Training:  52%|█████▏    | 652/1250 [02:15<02:04,  4.81it/s]
Epoch 2 - Training:  52%|█████▏    | 653/1250 [02:15<02:03,  4.81it/s]
Epoch 2 - Training:  52%|█████▏    | 654/1250 [02:15<02:03,  4.82it/s]
Epoch 2 - Training:  52%|█████▏    | 655/1250 [02:16<02:03,  4.82it/s]
Epoch 2 - Training:  52%|█████▏    | 656/1250 [02:16<02:03,  4.79it/s]
Epoch 2 - Training:  53%|█████▎    | 657/1250 [02:16<02:03,  4.81it/s]
Epoch 2 - Training:  53%|█████▎    | 658/1250 [02:16<02:02,  4.82it/s]
Epoch 2 - Training:  53%|█████▎    | 659/1250 [02:16<02:02,  4.83it/s]
Epoch 2 - Training:  53%|█████▎    | 660/1250 [02:17<02:02,  4.83it/s]
Epoch 2 - Training:  53%|█████▎    | 661/1250 [02:17<02:02,  4.81it/s]
Epoch 2 - Training:  53%|█████▎    | 662/1250 [02:17<02:02,  4.81it/s]
Epoch 2 - Training:  53%|█████▎    | 663/1250 [02:17<02:01,  4.83it/s]
Epoch 2 - Training:  53%|█████▎    | 664/1250 [02:17<02:01,  4.83it/s]
Epoch 2 - Training:  53%|█████▎    | 665/1250 [02:18<02:00,  4.83it/s]
Epoch 2 - Training:  53%|█████▎    | 666/1250 [02:18<02:01,  4.80it/s]
Epoch 2 - Training:  53%|█████▎    | 667/1250 [02:18<02:01,  4.81it/s]
Epoch 2 - Training:  53%|█████▎    | 668/1250 [02:18<02:00,  4.81it/s]
Epoch 2 - Training:  54%|█████▎    | 669/1250 [02:18<02:00,  4.82it/s]
Epoch 2 - Training:  54%|█████▎    | 670/1250 [02:19<02:00,  4.82it/s]
Epoch 2 - Training:  54%|█████▎    | 671/1250 [02:19<02:00,  4.80it/s]
Epoch 2 - Training:  54%|█████▍    | 672/1250 [02:19<02:00,  4.82it/s]
Epoch 2 - Training:  54%|█████▍    | 673/1250 [02:19<01:59,  4.82it/s]
Epoch 2 - Training:  54%|█████▍    | 674/1250 [02:19<01:59,  4.83it/s]
Epoch 2 - Training:  54%|█████▍    | 675/1250 [02:20<01:58,  4.83it/s]
Epoch 2 - Training:  54%|█████▍    | 676/1250 [02:20<01:59,  4.79it/s]
Epoch 2 - Training:  54%|█████▍    | 677/1250 [02:20<01:59,  4.80it/s]
Epoch 2 - Training:  54%|█████▍    | 678/1250 [02:20<01:58,  4.82it/s]
Epoch 2 - Training:  54%|█████▍    | 679/1250 [02:21<01:58,  4.82it/s]
Epoch 2 - Training:  54%|█████▍    | 680/1250 [02:21<01:58,  4.83it/s]
Epoch 2 - Training:  54%|█████▍    | 681/1250 [02:21<01:58,  4.80it/s]
Epoch 2 - Training:  55%|█████▍    | 682/1250 [02:21<01:57,  4.81it/s]
Epoch 2 - Training:  55%|█████▍    | 683/1250 [02:21<01:57,  4.82it/s]
Epoch 2 - Training:  55%|█████▍    | 684/1250 [02:22<01:57,  4.83it/s]
Epoch 2 - Training:  55%|█████▍    | 685/1250 [02:22<01:56,  4.83it/s]
Epoch 2 - Training:  55%|█████▍    | 686/1250 [02:22<01:57,  4.81it/s]
Epoch 2 - Training:  55%|█████▍    | 687/1250 [02:22<01:56,  4.81it/s]
Epoch 2 - Training:  55%|█████▌    | 688/1250 [02:22<01:56,  4.82it/s]
Epoch 2 - Training:  55%|█████▌    | 689/1250 [02:23<01:56,  4.83it/s]
Epoch 2 - Training:  55%|█████▌    | 690/1250 [02:23<01:55,  4.83it/s]
Epoch 2 - Training:  55%|█████▌    | 691/1250 [02:23<01:56,  4.79it/s]
Epoch 2 - Training:  55%|█████▌    | 692/1250 [02:23<01:56,  4.80it/s]
Epoch 2 - Training:  55%|█████▌    | 693/1250 [02:23<01:55,  4.82it/s]
Epoch 2 - Training:  56%|█████▌    | 694/1250 [02:24<01:55,  4.83it/s]
Epoch 2 - Training:  56%|█████▌    | 695/1250 [02:24<01:55,  4.82it/s]
Epoch 2 - Training:  56%|█████▌    | 696/1250 [02:24<01:55,  4.79it/s]
Epoch 2 - Training:  56%|█████▌    | 697/1250 [02:24<01:54,  4.81it/s]
Epoch 2 - Training:  56%|█████▌    | 698/1250 [02:24<01:54,  4.82it/s]
Epoch 2 - Training:  56%|█████▌    | 699/1250 [02:25<01:54,  4.83it/s]
Epoch 2 - Training:  56%|█████▌    | 700/1250 [02:25<01:53,  4.83it/s]
Epoch 2 - Training:  56%|█████▌    | 701/1250 [02:25<01:54,  4.79it/s]
Epoch 2 - Training:  56%|█████▌    | 702/1250 [02:25<01:53,  4.81it/s]
Epoch 2 - Training:  56%|█████▌    | 703/1250 [02:26<01:53,  4.82it/s]
Epoch 2 - Training:  56%|█████▋    | 704/1250 [02:26<01:53,  4.82it/s]
Epoch 2 - Training:  56%|█████▋    | 705/1250 [02:26<01:52,  4.83it/s]
Epoch 2 - Training:  56%|█████▋    | 706/1250 [02:26<01:53,  4.79it/s]
Epoch 2 - Training:  57%|█████▋    | 707/1250 [02:26<01:52,  4.81it/s]
Epoch 2 - Training:  57%|█████▋    | 708/1250 [02:27<01:52,  4.82it/s]
Epoch 2 - Training:  57%|█████▋    | 709/1250 [02:27<01:52,  4.83it/s]
Epoch 2 - Training:  57%|█████▋    | 710/1250 [02:27<01:51,  4.83it/s]
Epoch 2 - Training:  57%|█████▋    | 711/1250 [02:27<01:52,  4.80it/s]
Epoch 2 - Training:  57%|█████▋    | 712/1250 [02:27<01:51,  4.82it/s]
Epoch 2 - Training:  57%|█████▋    | 713/1250 [02:28<01:51,  4.82it/s]
Epoch 2 - Training:  57%|█████▋    | 714/1250 [02:28<01:50,  4.83it/s]
Epoch 2 - Training:  57%|█████▋    | 715/1250 [02:28<01:50,  4.83it/s]
Epoch 2 - Training:  57%|█████▋    | 716/1250 [02:28<01:51,  4.80it/s]
Epoch 2 - Training:  57%|█████▋    | 717/1250 [02:28<01:51,  4.80it/s]
Epoch 2 - Training:  57%|█████▋    | 718/1250 [02:29<01:50,  4.81it/s]
Epoch 2 - Training:  58%|█████▊    | 719/1250 [02:29<01:50,  4.82it/s]
Epoch 2 - Training:  58%|█████▊    | 720/1250 [02:29<01:49,  4.82it/s]
Epoch 2 - Training:  58%|█████▊    | 721/1250 [02:29<01:50,  4.80it/s]
Epoch 2 - Training:  58%|█████▊    | 722/1250 [02:29<01:49,  4.82it/s]
Epoch 2 - Training:  58%|█████▊    | 723/1250 [02:30<01:49,  4.82it/s]
Epoch 2 - Training:  58%|█████▊    | 724/1250 [02:30<01:49,  4.82it/s]
Epoch 2 - Training:  58%|█████▊    | 725/1250 [02:30<01:48,  4.83it/s]
Epoch 2 - Training:  58%|█████▊    | 726/1250 [02:30<01:49,  4.80it/s]
Epoch 2 - Training:  58%|█████▊    | 727/1250 [02:30<01:48,  4.81it/s]
Epoch 2 - Training:  58%|█████▊    | 728/1250 [02:31<01:48,  4.82it/s]
Epoch 2 - Training:  58%|█████▊    | 729/1250 [02:31<01:47,  4.83it/s]
Epoch 2 - Training:  58%|█████▊    | 730/1250 [02:31<01:47,  4.83it/s]
Epoch 2 - Training:  58%|█████▊    | 731/1250 [02:31<01:48,  4.80it/s]
Epoch 2 - Training:  59%|█████▊    | 732/1250 [02:32<01:47,  4.80it/s]
Epoch 2 - Training:  59%|█████▊    | 733/1250 [02:32<01:47,  4.82it/s]
Epoch 2 - Training:  59%|█████▊    | 734/1250 [02:32<01:47,  4.82it/s]
Epoch 2 - Training:  59%|█████▉    | 735/1250 [02:32<01:46,  4.83it/s]
Epoch 2 - Training:  59%|█████▉    | 736/1250 [02:32<01:47,  4.80it/s]
Epoch 2 - Training:  59%|█████▉    | 737/1250 [02:33<01:46,  4.82it/s]
Epoch 2 - Training:  59%|█████▉    | 738/1250 [02:33<01:46,  4.82it/s]
Epoch 2 - Training:  59%|█████▉    | 739/1250 [02:33<01:46,  4.82it/s]
Epoch 2 - Training:  59%|█████▉    | 740/1250 [02:33<01:45,  4.83it/s]
Epoch 2 - Training:  59%|█████▉    | 741/1250 [02:33<01:46,  4.80it/s]
Epoch 2 - Training:  59%|█████▉    | 742/1250 [02:34<01:45,  4.82it/s]
Epoch 2 - Training:  59%|█████▉    | 743/1250 [02:34<01:45,  4.82it/s]
Epoch 2 - Training:  60%|█████▉    | 744/1250 [02:34<01:44,  4.83it/s]
Epoch 2 - Training:  60%|█████▉    | 745/1250 [02:34<01:44,  4.83it/s]
Epoch 2 - Training:  60%|█████▉    | 746/1250 [02:34<01:45,  4.80it/s]
Epoch 2 - Training:  60%|█████▉    | 747/1250 [02:35<01:44,  4.81it/s]
Epoch 2 - Training:  60%|█████▉    | 748/1250 [02:35<01:44,  4.81it/s]
Epoch 2 - Training:  60%|█████▉    | 749/1250 [02:35<01:43,  4.83it/s]
Epoch 2 - Training:  60%|██████    | 750/1250 [02:35<01:43,  4.82it/s]
Epoch 2 - Training:  60%|██████    | 751/1250 [02:35<01:43,  4.80it/s]
Epoch 2 - Training:  60%|██████    | 752/1250 [02:36<01:43,  4.82it/s]
Epoch 2 - Training:  60%|██████    | 753/1250 [02:36<01:42,  4.83it/s]
Epoch 2 - Training:  60%|██████    | 754/1250 [02:36<01:42,  4.82it/s]
Epoch 2 - Training:  60%|██████    | 755/1250 [02:36<01:42,  4.83it/s]
Epoch 2 - Training:  60%|██████    | 756/1250 [02:37<01:42,  4.80it/s]
Epoch 2 - Training:  61%|██████    | 757/1250 [02:37<01:42,  4.81it/s]
Epoch 2 - Training:  61%|██████    | 758/1250 [02:37<01:42,  4.81it/s]
Epoch 2 - Training:  61%|██████    | 759/1250 [02:37<01:42,  4.81it/s]
Epoch 2 - Training:  61%|██████    | 760/1250 [02:37<01:41,  4.82it/s]
Epoch 2 - Training:  61%|██████    | 761/1250 [02:38<01:42,  4.79it/s]
Epoch 2 - Training:  61%|██████    | 762/1250 [02:38<01:41,  4.81it/s]
Epoch 2 - Training:  61%|██████    | 763/1250 [02:38<01:41,  4.82it/s]
Epoch 2 - Training:  61%|██████    | 764/1250 [02:38<01:40,  4.82it/s]
Epoch 2 - Training:  61%|██████    | 765/1250 [02:38<01:40,  4.83it/s]
Epoch 2 - Training:  61%|██████▏   | 766/1250 [02:39<01:40,  4.80it/s]
Epoch 2 - Training:  61%|██████▏   | 767/1250 [02:39<01:40,  4.81it/s]
Epoch 2 - Training:  61%|██████▏   | 768/1250 [02:39<01:40,  4.81it/s]
Epoch 2 - Training:  62%|██████▏   | 769/1250 [02:39<01:39,  4.82it/s]
Epoch 2 - Training:  62%|██████▏   | 770/1250 [02:39<01:39,  4.82it/s]
Epoch 2 - Training:  62%|██████▏   | 771/1250 [02:40<01:39,  4.80it/s]
Epoch 2 - Training:  62%|██████▏   | 772/1250 [02:40<01:39,  4.81it/s]
Epoch 2 - Training:  62%|██████▏   | 773/1250 [02:40<01:38,  4.83it/s]
Epoch 2 - Training:  62%|██████▏   | 774/1250 [02:40<01:38,  4.82it/s]
Epoch 2 - Training:  62%|██████▏   | 775/1250 [02:40<01:38,  4.83it/s]
Epoch 2 - Training:  62%|██████▏   | 776/1250 [02:41<01:38,  4.79it/s]
Epoch 2 - Training:  62%|██████▏   | 777/1250 [02:41<01:38,  4.81it/s]
Epoch 2 - Training:  62%|██████▏   | 778/1250 [02:41<01:38,  4.81it/s]
Epoch 2 - Training:  62%|██████▏   | 779/1250 [02:41<01:37,  4.82it/s]
Epoch 2 - Training:  62%|██████▏   | 780/1250 [02:41<01:37,  4.82it/s]
Epoch 2 - Training:  62%|██████▏   | 781/1250 [02:42<01:37,  4.79it/s]
Epoch 2 - Training:  63%|██████▎   | 782/1250 [02:42<01:37,  4.81it/s]
Epoch 2 - Training:  63%|██████▎   | 783/1250 [02:42<01:37,  4.81it/s]
Epoch 2 - Training:  63%|██████▎   | 784/1250 [02:42<01:36,  4.82it/s]
Epoch 2 - Training:  63%|██████▎   | 785/1250 [02:43<01:36,  4.83it/s]
Epoch 2 - Training:  63%|██████▎   | 786/1250 [02:43<01:36,  4.79it/s]
Epoch 2 - Training:  63%|██████▎   | 787/1250 [02:43<01:36,  4.80it/s]
Epoch 2 - Training:  63%|██████▎   | 788/1250 [02:43<01:35,  4.82it/s]
Epoch 2 - Training:  63%|██████▎   | 789/1250 [02:43<01:35,  4.82it/s]
Epoch 2 - Training:  63%|██████▎   | 790/1250 [02:44<01:35,  4.83it/s]
Epoch 2 - Training:  63%|██████▎   | 791/1250 [02:44<01:35,  4.80it/s]
Epoch 2 - Training:  63%|██████▎   | 792/1250 [02:44<01:35,  4.82it/s]
Epoch 2 - Training:  63%|██████▎   | 793/1250 [02:44<01:34,  4.82it/s]
Epoch 2 - Training:  64%|██████▎   | 794/1250 [02:44<01:34,  4.83it/s]
Epoch 2 - Training:  64%|██████▎   | 795/1250 [02:45<01:34,  4.82it/s]
Epoch 2 - Training:  64%|██████▎   | 796/1250 [02:45<01:34,  4.80it/s]
Epoch 2 - Training:  64%|██████▍   | 797/1250 [02:45<01:34,  4.81it/s]
Epoch 2 - Training:  64%|██████▍   | 798/1250 [02:45<01:33,  4.82it/s]
Epoch 2 - Training:  64%|██████▍   | 799/1250 [02:45<01:33,  4.82it/s]
Epoch 2 - Training:  64%|██████▍   | 800/1250 [02:46<01:33,  4.83it/s]
Epoch 2 - Training:  64%|██████▍   | 801/1250 [02:46<01:33,  4.79it/s]
Epoch 2 - Training:  64%|██████▍   | 802/1250 [02:46<01:33,  4.80it/s]
Epoch 2 - Training:  64%|██████▍   | 803/1250 [02:46<01:32,  4.82it/s]
Epoch 2 - Training:  64%|██████▍   | 804/1250 [02:46<01:32,  4.83it/s]
Epoch 2 - Training:  64%|██████▍   | 805/1250 [02:47<01:32,  4.82it/s]
Epoch 2 - Training:  64%|██████▍   | 806/1250 [02:47<01:32,  4.80it/s]
Epoch 2 - Training:  65%|██████▍   | 807/1250 [02:47<01:32,  4.81it/s]
Epoch 2 - Training:  65%|██████▍   | 808/1250 [02:47<01:31,  4.81it/s]
Epoch 2 - Training:  65%|██████▍   | 809/1250 [02:48<01:31,  4.83it/s]
Epoch 2 - Training:  65%|██████▍   | 810/1250 [02:48<01:31,  4.82it/s]
Epoch 2 - Training:  65%|██████▍   | 811/1250 [02:48<01:31,  4.80it/s]
Epoch 2 - Training:  65%|██████▍   | 812/1250 [02:48<01:31,  4.81it/s]
Epoch 2 - Training:  65%|██████▌   | 813/1250 [02:48<01:30,  4.82it/s]
Epoch 2 - Training:  65%|██████▌   | 814/1250 [02:49<01:30,  4.82it/s]
Epoch 2 - Training:  65%|██████▌   | 815/1250 [02:49<01:30,  4.83it/s]
Epoch 2 - Training:  65%|██████▌   | 816/1250 [02:49<01:30,  4.79it/s]
Epoch 2 - Training:  65%|██████▌   | 817/1250 [02:49<01:30,  4.80it/s]
Epoch 2 - Training:  65%|██████▌   | 818/1250 [02:49<01:29,  4.81it/s]
Epoch 2 - Training:  66%|██████▌   | 819/1250 [02:50<01:29,  4.81it/s]
Epoch 2 - Training:  66%|██████▌   | 820/1250 [02:50<01:29,  4.82it/s]
Epoch 2 - Training:  66%|██████▌   | 821/1250 [02:50<01:29,  4.79it/s]
Epoch 2 - Training:  66%|██████▌   | 822/1250 [02:50<01:29,  4.80it/s]
Epoch 2 - Training:  66%|██████▌   | 823/1250 [02:50<01:28,  4.82it/s]
Epoch 2 - Training:  66%|██████▌   | 824/1250 [02:51<01:28,  4.82it/s]
Epoch 2 - Training:  66%|██████▌   | 825/1250 [02:51<01:28,  4.83it/s]
Epoch 2 - Training:  66%|██████▌   | 826/1250 [02:51<01:28,  4.80it/s]
Epoch 2 - Training:  66%|██████▌   | 827/1250 [02:51<01:27,  4.82it/s]
Epoch 2 - Training:  66%|██████▌   | 828/1250 [02:51<01:27,  4.82it/s]
Epoch 2 - Training:  66%|██████▋   | 829/1250 [02:52<01:27,  4.83it/s]
Epoch 2 - Training:  66%|██████▋   | 830/1250 [02:52<01:26,  4.83it/s]
Epoch 2 - Training:  66%|██████▋   | 831/1250 [02:52<01:27,  4.79it/s]
Epoch 2 - Training:  67%|██████▋   | 832/1250 [02:52<01:27,  4.80it/s]
Epoch 2 - Training:  67%|██████▋   | 833/1250 [02:53<01:26,  4.82it/s]
Epoch 2 - Training:  67%|██████▋   | 834/1250 [02:53<01:26,  4.82it/s]
Epoch 2 - Training:  67%|██████▋   | 835/1250 [02:53<01:25,  4.83it/s]
Epoch 2 - Training:  67%|██████▋   | 836/1250 [02:53<01:26,  4.79it/s]
Epoch 2 - Training:  67%|██████▋   | 837/1250 [02:53<01:26,  4.80it/s]
Epoch 2 - Training:  67%|██████▋   | 838/1250 [02:54<01:25,  4.81it/s]
Epoch 2 - Training:  67%|██████▋   | 839/1250 [02:54<01:25,  4.81it/s]
Epoch 2 - Training:  67%|██████▋   | 840/1250 [02:54<01:25,  4.82it/s]
Epoch 2 - Training:  67%|██████▋   | 841/1250 [02:54<01:25,  4.79it/s]
Epoch 2 - Training:  67%|██████▋   | 842/1250 [02:54<01:24,  4.80it/s]
Epoch 2 - Training:  67%|██████▋   | 843/1250 [02:55<01:24,  4.82it/s]
Epoch 2 - Training:  68%|██████▊   | 844/1250 [02:55<01:24,  4.82it/s]
Epoch 2 - Training:  68%|██████▊   | 845/1250 [02:55<01:23,  4.83it/s]
Epoch 2 - Training:  68%|██████▊   | 846/1250 [02:55<01:24,  4.80it/s]
Epoch 2 - Training:  68%|██████▊   | 847/1250 [02:55<01:23,  4.80it/s]
Epoch 2 - Training:  68%|██████▊   | 848/1250 [02:56<01:23,  4.82it/s]
Epoch 2 - Training:  68%|██████▊   | 849/1250 [02:56<01:23,  4.82it/s]
Epoch 2 - Training:  68%|██████▊   | 850/1250 [02:56<01:22,  4.83it/s]
Epoch 2 - Training:  68%|██████▊   | 851/1250 [02:56<01:23,  4.80it/s]
Epoch 2 - Training:  68%|██████▊   | 852/1250 [02:56<01:22,  4.82it/s]
Epoch 2 - Training:  68%|██████▊   | 853/1250 [02:57<01:22,  4.82it/s]
Epoch 2 - Training:  68%|██████▊   | 854/1250 [02:57<01:21,  4.83it/s]
Epoch 2 - Training:  68%|██████▊   | 855/1250 [02:57<01:21,  4.83it/s]
Epoch 2 - Training:  68%|██████▊   | 856/1250 [02:57<01:22,  4.80it/s]
Epoch 2 - Training:  69%|██████▊   | 857/1250 [02:57<01:21,  4.81it/s]
Epoch 2 - Training:  69%|██████▊   | 858/1250 [02:58<01:21,  4.82it/s]
Epoch 2 - Training:  69%|██████▊   | 859/1250 [02:58<01:21,  4.82it/s]
Epoch 2 - Training:  69%|██████▉   | 860/1250 [02:58<01:20,  4.83it/s]
Epoch 2 - Training:  69%|██████▉   | 861/1250 [02:58<01:21,  4.79it/s]
Epoch 2 - Training:  69%|██████▉   | 862/1250 [02:59<01:20,  4.80it/s]
Epoch 2 - Training:  69%|██████▉   | 863/1250 [02:59<01:20,  4.81it/s]
Epoch 2 - Training:  69%|██████▉   | 864/1250 [02:59<01:20,  4.81it/s]
Epoch 2 - Training:  69%|██████▉   | 865/1250 [02:59<01:19,  4.82it/s]
Epoch 2 - Training:  69%|██████▉   | 866/1250 [02:59<01:20,  4.79it/s]
Epoch 2 - Training:  69%|██████▉   | 867/1250 [03:00<01:19,  4.80it/s]
Epoch 2 - Training:  69%|██████▉   | 868/1250 [03:00<01:19,  4.82it/s]
Epoch 2 - Training:  70%|██████▉   | 869/1250 [03:00<01:19,  4.82it/s]
Epoch 2 - Training:  70%|██████▉   | 870/1250 [03:00<01:18,  4.83it/s]
Epoch 2 - Training:  70%|██████▉   | 871/1250 [03:00<01:19,  4.79it/s]
Epoch 2 - Training:  70%|██████▉   | 872/1250 [03:01<01:18,  4.80it/s]
Epoch 2 - Training:  70%|██████▉   | 873/1250 [03:01<01:18,  4.82it/s]
Epoch 2 - Training:  70%|██████▉   | 874/1250 [03:01<01:18,  4.82it/s]
Epoch 2 - Training:  70%|███████   | 875/1250 [03:01<01:17,  4.82it/s]
Epoch 2 - Training:  70%|███████   | 876/1250 [03:01<01:18,  4.79it/s]
Epoch 2 - Training:  70%|███████   | 877/1250 [03:02<01:17,  4.81it/s]
Epoch 2 - Training:  70%|███████   | 878/1250 [03:02<01:17,  4.81it/s]
Epoch 2 - Training:  70%|███████   | 879/1250 [03:02<01:16,  4.82it/s]
Epoch 2 - Training:  70%|███████   | 880/1250 [03:02<01:16,  4.82it/s]
Epoch 2 - Training:  70%|███████   | 881/1250 [03:02<01:17,  4.79it/s]
Epoch 2 - Training:  71%|███████   | 882/1250 [03:03<01:16,  4.81it/s]
Epoch 2 - Training:  71%|███████   | 883/1250 [03:03<01:16,  4.81it/s]
Epoch 2 - Training:  71%|███████   | 884/1250 [03:03<01:15,  4.82it/s]
Epoch 2 - Training:  71%|███████   | 885/1250 [03:03<01:15,  4.83it/s]
Epoch 2 - Training:  71%|███████   | 886/1250 [03:04<01:15,  4.80it/s]
Epoch 2 - Training:  71%|███████   | 887/1250 [03:04<01:15,  4.81it/s]
Epoch 2 - Training:  71%|███████   | 888/1250 [03:04<01:15,  4.82it/s]
Epoch 2 - Training:  71%|███████   | 889/1250 [03:04<01:14,  4.82it/s]
Epoch 2 - Training:  71%|███████   | 890/1250 [03:04<01:14,  4.83it/s]
Epoch 2 - Training:  71%|███████▏  | 891/1250 [03:05<01:14,  4.79it/s]
Epoch 2 - Training:  71%|███████▏  | 892/1250 [03:05<01:14,  4.81it/s]
Epoch 2 - Training:  71%|███████▏  | 893/1250 [03:05<01:14,  4.82it/s]
Epoch 2 - Training:  72%|███████▏  | 894/1250 [03:05<01:13,  4.82it/s]
Epoch 2 - Training:  72%|███████▏  | 895/1250 [03:05<01:13,  4.83it/s]
Epoch 2 - Training:  72%|███████▏  | 896/1250 [03:06<01:13,  4.79it/s]
Epoch 2 - Training:  72%|███████▏  | 897/1250 [03:06<01:13,  4.81it/s]
Epoch 2 - Training:  72%|███████▏  | 898/1250 [03:06<01:13,  4.82it/s]
Epoch 2 - Training:  72%|███████▏  | 899/1250 [03:06<01:12,  4.82it/s]
Epoch 2 - Training:  72%|███████▏  | 900/1250 [03:06<01:12,  4.83it/s]
Epoch 2 - Training:  72%|███████▏  | 901/1250 [03:07<01:12,  4.80it/s]
Epoch 2 - Training:  72%|███████▏  | 902/1250 [03:07<01:12,  4.82it/s]
Epoch 2 - Training:  72%|███████▏  | 903/1250 [03:07<01:12,  4.81it/s]
Epoch 2 - Training:  72%|███████▏  | 904/1250 [03:07<01:11,  4.82it/s]
Epoch 2 - Training:  72%|███████▏  | 905/1250 [03:07<01:11,  4.82it/s]
Epoch 2 - Training:  72%|███████▏  | 906/1250 [03:08<01:11,  4.80it/s]
Epoch 2 - Training:  73%|███████▎  | 907/1250 [03:08<01:11,  4.81it/s]
Epoch 2 - Training:  73%|███████▎  | 908/1250 [03:08<01:10,  4.82it/s]
Epoch 2 - Training:  73%|███████▎  | 909/1250 [03:08<01:10,  4.82it/s]
Epoch 2 - Training:  73%|███████▎  | 910/1250 [03:09<01:10,  4.83it/s]
Epoch 2 - Training:  73%|███████▎  | 911/1250 [03:09<01:10,  4.79it/s]
Epoch 2 - Training:  73%|███████▎  | 912/1250 [03:09<01:10,  4.81it/s]
Epoch 2 - Training:  73%|███████▎  | 913/1250 [03:09<01:09,  4.82it/s]
Epoch 2 - Training:  73%|███████▎  | 914/1250 [03:09<01:09,  4.83it/s]
Epoch 2 - Training:  73%|███████▎  | 915/1250 [03:10<01:09,  4.84it/s]
Epoch 2 - Training:  73%|███████▎  | 916/1250 [03:10<01:09,  4.80it/s]
Epoch 2 - Training:  73%|███████▎  | 917/1250 [03:10<01:09,  4.81it/s]
Epoch 2 - Training:  73%|███████▎  | 918/1250 [03:10<01:08,  4.82it/s]
Epoch 2 - Training:  74%|███████▎  | 919/1250 [03:10<01:08,  4.83it/s]
Epoch 2 - Training:  74%|███████▎  | 920/1250 [03:11<01:08,  4.83it/s]
Epoch 2 - Training:  74%|███████▎  | 921/1250 [03:11<01:08,  4.80it/s]
Epoch 2 - Training:  74%|███████▍  | 922/1250 [03:11<01:08,  4.81it/s]
Epoch 2 - Training:  74%|███████▍  | 923/1250 [03:11<01:07,  4.81it/s]
Epoch 2 - Training:  74%|███████▍  | 924/1250 [03:11<01:07,  4.83it/s]
Epoch 2 - Training:  74%|███████▍  | 925/1250 [03:12<01:07,  4.82it/s]
Epoch 2 - Training:  74%|███████▍  | 926/1250 [03:12<01:07,  4.80it/s]
Epoch 2 - Training:  74%|███████▍  | 927/1250 [03:12<01:07,  4.81it/s]
Epoch 2 - Training:  74%|███████▍  | 928/1250 [03:12<01:06,  4.82it/s]
Epoch 2 - Training:  74%|███████▍  | 929/1250 [03:12<01:06,  4.82it/s]
Epoch 2 - Training:  74%|███████▍  | 930/1250 [03:13<01:06,  4.83it/s]
Epoch 2 - Training:  74%|███████▍  | 931/1250 [03:13<01:06,  4.79it/s]
Epoch 2 - Training:  75%|███████▍  | 932/1250 [03:13<01:06,  4.80it/s]
Epoch 2 - Training:  75%|███████▍  | 933/1250 [03:13<01:05,  4.82it/s]
Epoch 2 - Training:  75%|███████▍  | 934/1250 [03:13<01:05,  4.82it/s]
Epoch 2 - Training:  75%|███████▍  | 935/1250 [03:14<01:05,  4.83it/s]
Epoch 2 - Training:  75%|███████▍  | 936/1250 [03:14<01:05,  4.79it/s]
Epoch 2 - Training:  75%|███████▍  | 937/1250 [03:14<01:05,  4.80it/s]
Epoch 2 - Training:  75%|███████▌  | 938/1250 [03:14<01:04,  4.81it/s]
Epoch 2 - Training:  75%|███████▌  | 939/1250 [03:15<01:04,  4.82it/s]
Epoch 2 - Training:  75%|███████▌  | 940/1250 [03:15<01:04,  4.83it/s]
Epoch 2 - Training:  75%|███████▌  | 941/1250 [03:15<01:04,  4.80it/s]
Epoch 2 - Training:  75%|███████▌  | 942/1250 [03:15<01:03,  4.81it/s]
Epoch 2 - Training:  75%|███████▌  | 943/1250 [03:15<01:03,  4.81it/s]
Epoch 2 - Training:  76%|███████▌  | 944/1250 [03:16<01:03,  4.83it/s]
Epoch 2 - Training:  76%|███████▌  | 945/1250 [03:16<01:03,  4.83it/s]
Epoch 2 - Training:  76%|███████▌  | 946/1250 [03:16<01:03,  4.81it/s]
Epoch 2 - Training:  76%|███████▌  | 947/1250 [03:16<01:02,  4.81it/s]
Epoch 2 - Training:  76%|███████▌  | 948/1250 [03:16<01:02,  4.82it/s]
Epoch 2 - Training:  76%|███████▌  | 949/1250 [03:17<01:02,  4.82it/s]
Epoch 2 - Training:  76%|███████▌  | 950/1250 [03:17<01:02,  4.83it/s]
Epoch 2 - Training:  76%|███████▌  | 951/1250 [03:17<01:02,  4.79it/s]
Epoch 2 - Training:  76%|███████▌  | 952/1250 [03:17<01:02,  4.80it/s]
Epoch 2 - Training:  76%|███████▌  | 953/1250 [03:17<01:01,  4.82it/s]
Epoch 2 - Training:  76%|███████▋  | 954/1250 [03:18<01:01,  4.82it/s]
Epoch 2 - Training:  76%|███████▋  | 955/1250 [03:18<01:01,  4.83it/s]
Epoch 2 - Training:  76%|███████▋  | 956/1250 [03:18<01:01,  4.80it/s]
Epoch 2 - Training:  77%|███████▋  | 957/1250 [03:18<01:00,  4.82it/s]
Epoch 2 - Training:  77%|███████▋  | 958/1250 [03:18<01:00,  4.82it/s]
Epoch 2 - Training:  77%|███████▋  | 959/1250 [03:19<01:00,  4.83it/s]
Epoch 2 - Training:  77%|███████▋  | 960/1250 [03:19<01:00,  4.83it/s]
Epoch 2 - Training:  77%|███████▋  | 961/1250 [03:19<01:00,  4.80it/s]
Epoch 2 - Training:  77%|███████▋  | 962/1250 [03:19<00:59,  4.82it/s]
Epoch 2 - Training:  77%|███████▋  | 963/1250 [03:20<00:59,  4.83it/s]
Epoch 2 - Training:  77%|███████▋  | 964/1250 [03:20<00:59,  4.83it/s]
Epoch 2 - Training:  77%|███████▋  | 965/1250 [03:20<00:58,  4.83it/s]
Epoch 2 - Training:  77%|███████▋  | 966/1250 [03:20<00:59,  4.80it/s]
Epoch 2 - Training:  77%|███████▋  | 967/1250 [03:20<00:58,  4.81it/s]
Epoch 2 - Training:  77%|███████▋  | 968/1250 [03:21<00:58,  4.82it/s]
Epoch 2 - Training:  78%|███████▊  | 969/1250 [03:21<00:58,  4.82it/s]
Epoch 2 - Training:  78%|███████▊  | 970/1250 [03:21<00:57,  4.83it/s]
Epoch 2 - Training:  78%|███████▊  | 971/1250 [03:21<00:58,  4.80it/s]
Epoch 2 - Training:  78%|███████▊  | 972/1250 [03:21<00:57,  4.81it/s]
Epoch 2 - Training:  78%|███████▊  | 973/1250 [03:22<00:57,  4.81it/s]
Epoch 2 - Training:  78%|███████▊  | 974/1250 [03:22<00:57,  4.82it/s]
Epoch 2 - Training:  78%|███████▊  | 975/1250 [03:22<00:57,  4.82it/s]
Epoch 2 - Training:  78%|███████▊  | 976/1250 [03:22<00:57,  4.79it/s]
Epoch 2 - Training:  78%|███████▊  | 977/1250 [03:22<00:56,  4.81it/s]
Epoch 2 - Training:  78%|███████▊  | 978/1250 [03:23<00:56,  4.82it/s]
Epoch 2 - Training:  78%|███████▊  | 979/1250 [03:23<00:56,  4.82it/s]
Epoch 2 - Training:  78%|███████▊  | 980/1250 [03:23<00:55,  4.83it/s]
Epoch 2 - Training:  78%|███████▊  | 981/1250 [03:23<00:56,  4.79it/s]
Epoch 2 - Training:  79%|███████▊  | 982/1250 [03:23<00:55,  4.80it/s]
Epoch 2 - Training:  79%|███████▊  | 983/1250 [03:24<00:55,  4.82it/s]
Epoch 2 - Training:  79%|███████▊  | 984/1250 [03:24<00:55,  4.82it/s]
Epoch 2 - Training:  79%|███████▉  | 985/1250 [03:24<00:54,  4.83it/s]
Epoch 2 - Training:  79%|███████▉  | 986/1250 [03:24<00:55,  4.80it/s]
Epoch 2 - Training:  79%|███████▉  | 987/1250 [03:24<00:54,  4.80it/s]
Epoch 2 - Training:  79%|███████▉  | 988/1250 [03:25<00:54,  4.82it/s]
Epoch 2 - Training:  79%|███████▉  | 989/1250 [03:25<00:54,  4.82it/s]
Epoch 2 - Training:  79%|███████▉  | 990/1250 [03:25<00:53,  4.83it/s]
Epoch 2 - Training:  79%|███████▉  | 991/1250 [03:25<00:53,  4.80it/s]
Epoch 2 - Training:  79%|███████▉  | 992/1250 [03:26<00:53,  4.82it/s]
Epoch 2 - Training:  79%|███████▉  | 993/1250 [03:26<00:53,  4.82it/s]
Epoch 2 - Training:  80%|███████▉  | 994/1250 [03:26<00:53,  4.83it/s]
Epoch 2 - Training:  80%|███████▉  | 995/1250 [03:26<00:52,  4.83it/s]
Epoch 2 - Training:  80%|███████▉  | 996/1250 [03:26<00:52,  4.80it/s]
Epoch 2 - Training:  80%|███████▉  | 997/1250 [03:27<00:52,  4.82it/s]
Epoch 2 - Training:  80%|███████▉  | 998/1250 [03:27<00:52,  4.82it/s]
Epoch 2 - Training:  80%|███████▉  | 999/1250 [03:27<00:51,  4.83it/s]
Epoch 2 - Training:  80%|████████  | 1000/1250 [03:27<00:51,  4.83it/s]
Epoch 2 - Training:  80%|████████  | 1001/1250 [03:27<00:51,  4.80it/s]
Epoch 2 - Training:  80%|████████  | 1002/1250 [03:28<00:51,  4.81it/s]
Epoch 2 - Training:  80%|████████  | 1003/1250 [03:28<00:51,  4.82it/s]
Epoch 2 - Training:  80%|████████  | 1004/1250 [03:28<00:51,  4.82it/s]
Epoch 2 - Training:  80%|████████  | 1005/1250 [03:28<00:50,  4.83it/s]
Epoch 2 - Training:  80%|████████  | 1006/1250 [03:28<00:50,  4.79it/s]
Epoch 2 - Training:  81%|████████  | 1007/1250 [03:29<00:50,  4.81it/s]
Epoch 2 - Training:  81%|████████  | 1008/1250 [03:29<00:50,  4.81it/s]
Epoch 2 - Training:  81%|████████  | 1009/1250 [03:29<00:49,  4.82it/s]
Epoch 2 - Training:  81%|████████  | 1010/1250 [03:29<00:49,  4.82it/s]
Epoch 2 - Training:  81%|████████  | 1011/1250 [03:29<00:49,  4.80it/s]
Epoch 2 - Training:  81%|████████  | 1012/1250 [03:30<00:49,  4.81it/s]
Epoch 2 - Training:  81%|████████  | 1013/1250 [03:30<00:49,  4.82it/s]
Epoch 2 - Training:  81%|████████  | 1014/1250 [03:30<00:48,  4.83it/s]
Epoch 2 - Training:  81%|████████  | 1015/1250 [03:30<00:48,  4.83it/s]
Epoch 2 - Training:  81%|████████▏ | 1016/1250 [03:31<00:48,  4.80it/s]
Epoch 2 - Training:  81%|████████▏ | 1017/1250 [03:31<00:48,  4.81it/s]
Epoch 2 - Training:  81%|████████▏ | 1018/1250 [03:31<00:48,  4.82it/s]
Epoch 2 - Training:  82%|████████▏ | 1019/1250 [03:31<00:47,  4.82it/s]
Epoch 2 - Training:  82%|████████▏ | 1020/1250 [03:31<00:47,  4.83it/s]
Epoch 2 - Training:  82%|████████▏ | 1021/1250 [03:32<00:47,  4.80it/s]
Epoch 2 - Training:  82%|████████▏ | 1022/1250 [03:32<00:47,  4.81it/s]
Epoch 2 - Training:  82%|████████▏ | 1023/1250 [03:32<00:47,  4.82it/s]
Epoch 2 - Training:  82%|████████▏ | 1024/1250 [03:32<00:46,  4.84it/s]
Epoch 2 - Training:  82%|████████▏ | 1025/1250 [03:32<00:46,  4.83it/s]
Epoch 2 - Training:  82%|████████▏ | 1026/1250 [03:33<00:46,  4.80it/s]
Epoch 2 - Training:  82%|████████▏ | 1027/1250 [03:33<00:46,  4.82it/s]
Epoch 2 - Training:  82%|████████▏ | 1028/1250 [03:33<00:45,  4.83it/s]
Epoch 2 - Training:  82%|████████▏ | 1029/1250 [03:33<00:45,  4.82it/s]
Epoch 2 - Training:  82%|████████▏ | 1030/1250 [03:33<00:45,  4.83it/s]
Epoch 2 - Training:  82%|████████▏ | 1031/1250 [03:34<00:45,  4.79it/s]
Epoch 2 - Training:  83%|████████▎ | 1032/1250 [03:34<00:45,  4.80it/s]
Epoch 2 - Training:  83%|████████▎ | 1033/1250 [03:34<00:45,  4.81it/s]
Epoch 2 - Training:  83%|████████▎ | 1034/1250 [03:34<00:44,  4.82it/s]
Epoch 2 - Training:  83%|████████▎ | 1035/1250 [03:34<00:44,  4.83it/s]
Epoch 2 - Training:  83%|████████▎ | 1036/1250 [03:35<00:44,  4.80it/s]
Epoch 2 - Training:  83%|████████▎ | 1037/1250 [03:35<00:44,  4.81it/s]
Epoch 2 - Training:  83%|████████▎ | 1038/1250 [03:35<00:43,  4.82it/s]
Epoch 2 - Training:  83%|████████▎ | 1039/1250 [03:35<00:43,  4.82it/s]
Epoch 2 - Training:  83%|████████▎ | 1040/1250 [03:35<00:43,  4.83it/s]
Epoch 2 - Training:  83%|████████▎ | 1041/1250 [03:36<00:43,  4.79it/s]
Epoch 2 - Training:  83%|████████▎ | 1042/1250 [03:36<00:43,  4.81it/s]
Epoch 2 - Training:  83%|████████▎ | 1043/1250 [03:36<00:42,  4.81it/s]
Epoch 2 - Training:  84%|████████▎ | 1044/1250 [03:36<00:42,  4.83it/s]
Epoch 2 - Training:  84%|████████▎ | 1045/1250 [03:37<00:42,  4.83it/s]
Epoch 2 - Training:  84%|████████▎ | 1046/1250 [03:37<00:42,  4.80it/s]
Epoch 2 - Training:  84%|████████▍ | 1047/1250 [03:37<00:42,  4.81it/s]
Epoch 2 - Training:  84%|████████▍ | 1048/1250 [03:37<00:41,  4.82it/s]
Epoch 2 - Training:  84%|████████▍ | 1049/1250 [03:37<00:41,  4.82it/s]
Epoch 2 - Training:  84%|████████▍ | 1050/1250 [03:38<00:41,  4.82it/s]
Epoch 2 - Training:  84%|████████▍ | 1051/1250 [03:38<00:41,  4.79it/s]
Epoch 2 - Training:  84%|████████▍ | 1052/1250 [03:38<00:41,  4.81it/s]
Epoch 2 - Training:  84%|████████▍ | 1053/1250 [03:38<00:40,  4.81it/s]
Epoch 2 - Training:  84%|████████▍ | 1054/1250 [03:38<00:40,  4.82it/s]
Epoch 2 - Training:  84%|████████▍ | 1055/1250 [03:39<00:40,  4.82it/s]
Epoch 2 - Training:  84%|████████▍ | 1056/1250 [03:39<00:40,  4.79it/s]
Epoch 2 - Training:  85%|████████▍ | 1057/1250 [03:39<00:40,  4.80it/s]
Epoch 2 - Training:  85%|████████▍ | 1058/1250 [03:39<00:39,  4.81it/s]
Epoch 2 - Training:  85%|████████▍ | 1059/1250 [03:39<00:39,  4.82it/s]
Epoch 2 - Training:  85%|████████▍ | 1060/1250 [03:40<00:39,  4.82it/s]
Epoch 2 - Training:  85%|████████▍ | 1061/1250 [03:40<00:39,  4.80it/s]
Epoch 2 - Training:  85%|████████▍ | 1062/1250 [03:40<00:39,  4.81it/s]
Epoch 2 - Training:  85%|████████▌ | 1063/1250 [03:40<00:38,  4.82it/s]
Epoch 2 - Training:  85%|████████▌ | 1064/1250 [03:40<00:38,  4.83it/s]
Epoch 2 - Training:  85%|████████▌ | 1065/1250 [03:41<00:38,  4.83it/s]
Epoch 2 - Training:  85%|████████▌ | 1066/1250 [03:41<00:38,  4.81it/s]
Epoch 2 - Training:  85%|████████▌ | 1067/1250 [03:41<00:38,  4.81it/s]
Epoch 2 - Training:  85%|████████▌ | 1068/1250 [03:41<00:37,  4.83it/s]
Epoch 2 - Training:  86%|████████▌ | 1069/1250 [03:42<00:37,  4.82it/s]
Epoch 2 - Training:  86%|████████▌ | 1070/1250 [03:42<00:37,  4.83it/s]
Epoch 2 - Training:  86%|████████▌ | 1071/1250 [03:42<00:37,  4.79it/s]
Epoch 2 - Training:  86%|████████▌ | 1072/1250 [03:42<00:37,  4.81it/s]
Epoch 2 - Training:  86%|████████▌ | 1073/1250 [03:42<00:36,  4.81it/s]
Epoch 2 - Training:  86%|████████▌ | 1074/1250 [03:43<00:36,  4.82it/s]
Epoch 2 - Training:  86%|████████▌ | 1075/1250 [03:43<00:36,  4.82it/s]
Epoch 2 - Training:  86%|████████▌ | 1076/1250 [03:43<00:36,  4.79it/s]
Epoch 2 - Training:  86%|████████▌ | 1077/1250 [03:43<00:35,  4.81it/s]
Epoch 2 - Training:  86%|████████▌ | 1078/1250 [03:43<00:35,  4.82it/s]
Epoch 2 - Training:  86%|████████▋ | 1079/1250 [03:44<00:35,  4.82it/s]
Epoch 2 - Training:  86%|████████▋ | 1080/1250 [03:44<00:35,  4.83it/s]
Epoch 2 - Training:  86%|████████▋ | 1081/1250 [03:44<00:35,  4.80it/s]
Epoch 2 - Training:  87%|████████▋ | 1082/1250 [03:44<00:34,  4.81it/s]
Epoch 2 - Training:  87%|████████▋ | 1083/1250 [03:44<00:34,  4.81it/s]
Epoch 2 - Training:  87%|████████▋ | 1084/1250 [03:45<00:34,  4.83it/s]
Epoch 2 - Training:  87%|████████▋ | 1085/1250 [03:45<00:34,  4.83it/s]
Epoch 2 - Training:  87%|████████▋ | 1086/1250 [03:45<00:34,  4.80it/s]
Epoch 2 - Training:  87%|████████▋ | 1087/1250 [03:45<00:33,  4.81it/s]
Epoch 2 - Training:  87%|████████▋ | 1088/1250 [03:45<00:33,  4.82it/s]
Epoch 2 - Training:  87%|████████▋ | 1089/1250 [03:46<00:33,  4.82it/s]
Epoch 2 - Training:  87%|████████▋ | 1090/1250 [03:46<00:33,  4.82it/s]
Epoch 2 - Training:  87%|████████▋ | 1091/1250 [03:46<00:33,  4.79it/s]
Epoch 2 - Training:  87%|████████▋ | 1092/1250 [03:46<00:32,  4.81it/s]
Epoch 2 - Training:  87%|████████▋ | 1093/1250 [03:47<00:32,  4.81it/s]
Epoch 2 - Training:  88%|████████▊ | 1094/1250 [03:47<00:32,  4.83it/s]
Epoch 2 - Training:  88%|████████▊ | 1095/1250 [03:47<00:32,  4.83it/s]
Epoch 2 - Training:  88%|████████▊ | 1096/1250 [03:47<00:32,  4.79it/s]
Epoch 2 - Training:  88%|████████▊ | 1097/1250 [03:47<00:31,  4.81it/s]
Epoch 2 - Training:  88%|████████▊ | 1098/1250 [03:48<00:31,  4.82it/s]
Epoch 2 - Training:  88%|████████▊ | 1099/1250 [03:48<00:31,  4.82it/s]
Epoch 2 - Training:  88%|████████▊ | 1100/1250 [03:48<00:31,  4.82it/s]
Epoch 2 - Training:  88%|████████▊ | 1101/1250 [03:48<00:31,  4.80it/s]
Epoch 2 - Training:  88%|████████▊ | 1102/1250 [03:48<00:30,  4.81it/s]
Epoch 2 - Training:  88%|████████▊ | 1103/1250 [03:49<00:30,  4.82it/s]
Epoch 2 - Training:  88%|████████▊ | 1104/1250 [03:49<00:30,  4.83it/s]
Epoch 2 - Training:  88%|████████▊ | 1105/1250 [03:49<00:29,  4.84it/s]
Epoch 2 - Training:  88%|████████▊ | 1106/1250 [03:49<00:30,  4.80it/s]
Epoch 2 - Training:  89%|████████▊ | 1107/1250 [03:49<00:29,  4.80it/s]
Epoch 2 - Training:  89%|████████▊ | 1108/1250 [03:50<00:29,  4.82it/s]
Epoch 2 - Training:  89%|████████▊ | 1109/1250 [03:50<00:29,  4.81it/s]
Epoch 2 - Training:  89%|████████▉ | 1110/1250 [03:50<00:29,  4.82it/s]
Epoch 2 - Training:  89%|████████▉ | 1111/1250 [03:50<00:29,  4.79it/s]
Epoch 2 - Training:  89%|████████▉ | 1112/1250 [03:50<00:28,  4.80it/s]
Epoch 2 - Training:  89%|████████▉ | 1113/1250 [03:51<00:28,  4.81it/s]
Epoch 2 - Training:  89%|████████▉ | 1114/1250 [03:51<00:28,  4.82it/s]
Epoch 2 - Training:  89%|████████▉ | 1115/1250 [03:51<00:27,  4.82it/s]
Epoch 2 - Training:  89%|████████▉ | 1116/1250 [03:51<00:27,  4.79it/s]
Epoch 2 - Training:  89%|████████▉ | 1117/1250 [03:51<00:27,  4.81it/s]
Epoch 2 - Training:  89%|████████▉ | 1118/1250 [03:52<00:27,  4.81it/s]
Epoch 2 - Training:  90%|████████▉ | 1119/1250 [03:52<00:27,  4.82it/s]
Epoch 2 - Training:  90%|████████▉ | 1120/1250 [03:52<00:26,  4.82it/s]
Epoch 2 - Training:  90%|████████▉ | 1121/1250 [03:52<00:26,  4.79it/s]
Epoch 2 - Training:  90%|████████▉ | 1122/1250 [03:53<00:26,  4.81it/s]
Epoch 2 - Training:  90%|████████▉ | 1123/1250 [03:53<00:26,  4.82it/s]
Epoch 2 - Training:  90%|████████▉ | 1124/1250 [03:53<00:26,  4.83it/s]
Epoch 2 - Training:  90%|█████████ | 1125/1250 [03:53<00:25,  4.83it/s]
Epoch 2 - Training:  90%|█████████ | 1126/1250 [03:53<00:25,  4.79it/s]
Epoch 2 - Training:  90%|█████████ | 1127/1250 [03:54<00:25,  4.81it/s]
Epoch 2 - Training:  90%|█████████ | 1128/1250 [03:54<00:25,  4.82it/s]
Epoch 2 - Training:  90%|█████████ | 1129/1250 [03:54<00:25,  4.82it/s]
Epoch 2 - Training:  90%|█████████ | 1130/1250 [03:54<00:24,  4.83it/s]
Epoch 2 - Training:  90%|█████████ | 1131/1250 [03:54<00:24,  4.79it/s]
Epoch 2 - Training:  91%|█████████ | 1132/1250 [03:55<00:24,  4.80it/s]
Epoch 2 - Training:  91%|█████████ | 1133/1250 [03:55<00:24,  4.82it/s]
Epoch 2 - Training:  91%|█████████ | 1134/1250 [03:55<00:24,  4.82it/s]
Epoch 2 - Training:  91%|█████████ | 1135/1250 [03:55<00:23,  4.83it/s]
Epoch 2 - Training:  91%|█████████ | 1136/1250 [03:55<00:23,  4.80it/s]
Epoch 2 - Training:  91%|█████████ | 1137/1250 [03:56<00:23,  4.81it/s]
Epoch 2 - Training:  91%|█████████ | 1138/1250 [03:56<00:23,  4.82it/s]
Epoch 2 - Training:  91%|█████████ | 1139/1250 [03:56<00:22,  4.83it/s]
Epoch 2 - Training:  91%|█████████ | 1140/1250 [03:56<00:22,  4.82it/s]
Epoch 2 - Training:  91%|█████████▏| 1141/1250 [03:56<00:22,  4.80it/s]
Epoch 2 - Training:  91%|█████████▏| 1142/1250 [03:57<00:22,  4.82it/s]
Epoch 2 - Training:  91%|█████████▏| 1143/1250 [03:57<00:22,  4.82it/s]
Epoch 2 - Training:  92%|█████████▏| 1144/1250 [03:57<00:21,  4.82it/s]
Epoch 2 - Training:  92%|█████████▏| 1145/1250 [03:57<00:21,  4.83it/s]
Epoch 2 - Training:  92%|█████████▏| 1146/1250 [03:58<00:21,  4.79it/s]
Epoch 2 - Training:  92%|█████████▏| 1147/1250 [03:58<00:21,  4.81it/s]
Epoch 2 - Training:  92%|█████████▏| 1148/1250 [03:58<00:21,  4.82it/s]
Epoch 2 - Training:  92%|█████████▏| 1149/1250 [03:58<00:20,  4.82it/s]
Epoch 2 - Training:  92%|█████████▏| 1150/1250 [03:58<00:20,  4.83it/s]
Epoch 2 - Training:  92%|█████████▏| 1151/1250 [03:59<00:20,  4.79it/s]
Epoch 2 - Training:  92%|█████████▏| 1152/1250 [03:59<00:20,  4.81it/s]
Epoch 2 - Training:  92%|█████████▏| 1153/1250 [03:59<00:20,  4.82it/s]
Epoch 2 - Training:  92%|█████████▏| 1154/1250 [03:59<00:19,  4.82it/s]
Epoch 2 - Training:  92%|█████████▏| 1155/1250 [03:59<00:19,  4.83it/s]
Epoch 2 - Training:  92%|█████████▏| 1156/1250 [04:00<00:19,  4.79it/s]
Epoch 2 - Training:  93%|█████████▎| 1157/1250 [04:00<00:19,  4.81it/s]
Epoch 2 - Training:  93%|█████████▎| 1158/1250 [04:00<00:19,  4.81it/s]
Epoch 2 - Training:  93%|█████████▎| 1159/1250 [04:00<00:18,  4.83it/s]
Epoch 2 - Training:  93%|█████████▎| 1160/1250 [04:00<00:18,  4.82it/s]
Epoch 2 - Training:  93%|█████████▎| 1161/1250 [04:01<00:18,  4.80it/s]
Epoch 2 - Training:  93%|█████████▎| 1162/1250 [04:01<00:18,  4.81it/s]
Epoch 2 - Training:  93%|█████████▎| 1163/1250 [04:01<00:18,  4.82it/s]
Epoch 2 - Training:  93%|█████████▎| 1164/1250 [04:01<00:17,  4.82it/s]
Epoch 2 - Training:  93%|█████████▎| 1165/1250 [04:01<00:17,  4.82it/s]
Epoch 2 - Training:  93%|█████████▎| 1166/1250 [04:02<00:17,  4.79it/s]
Epoch 2 - Training:  93%|█████████▎| 1167/1250 [04:02<00:17,  4.80it/s]
Epoch 2 - Training:  93%|█████████▎| 1168/1250 [04:02<00:17,  4.81it/s]
Epoch 2 - Training:  94%|█████████▎| 1169/1250 [04:02<00:16,  4.81it/s]
Epoch 2 - Training:  94%|█████████▎| 1170/1250 [04:03<00:16,  4.83it/s]
Epoch 2 - Training:  94%|█████████▎| 1171/1250 [04:03<00:16,  4.79it/s]
Epoch 2 - Training:  94%|█████████▍| 1172/1250 [04:03<00:16,  4.80it/s]
Epoch 2 - Training:  94%|█████████▍| 1173/1250 [04:03<00:15,  4.82it/s]
Epoch 2 - Training:  94%|█████████▍| 1174/1250 [04:03<00:15,  4.81it/s]
Epoch 2 - Training:  94%|█████████▍| 1175/1250 [04:04<00:15,  4.82it/s]
Epoch 2 - Training:  94%|█████████▍| 1176/1250 [04:04<00:15,  4.79it/s]
Epoch 2 - Training:  94%|█████████▍| 1177/1250 [04:04<00:15,  4.80it/s]
Epoch 2 - Training:  94%|█████████▍| 1178/1250 [04:04<00:14,  4.81it/s]
Epoch 2 - Training:  94%|█████████▍| 1179/1250 [04:04<00:14,  4.82it/s]
Epoch 2 - Training:  94%|█████████▍| 1180/1250 [04:05<00:14,  4.82it/s]
Epoch 2 - Training:  94%|█████████▍| 1181/1250 [04:05<00:14,  4.80it/s]
Epoch 2 - Training:  95%|█████████▍| 1182/1250 [04:05<00:14,  4.82it/s]
Epoch 2 - Training:  95%|█████████▍| 1183/1250 [04:05<00:13,  4.82it/s]
Epoch 2 - Training:  95%|█████████▍| 1184/1250 [04:05<00:13,  4.83it/s]
Epoch 2 - Training:  95%|█████████▍| 1185/1250 [04:06<00:13,  4.83it/s]
Epoch 2 - Training:  95%|█████████▍| 1186/1250 [04:06<00:13,  4.80it/s]
Epoch 2 - Training:  95%|█████████▍| 1187/1250 [04:06<00:13,  4.81it/s]
Epoch 2 - Training:  95%|█████████▌| 1188/1250 [04:06<00:12,  4.82it/s]
Epoch 2 - Training:  95%|█████████▌| 1189/1250 [04:06<00:12,  4.82it/s]
Epoch 2 - Training:  95%|█████████▌| 1190/1250 [04:07<00:12,  4.82it/s]
Epoch 2 - Training:  95%|█████████▌| 1191/1250 [04:07<00:12,  4.79it/s]
Epoch 2 - Training:  95%|█████████▌| 1192/1250 [04:07<00:12,  4.80it/s]
Epoch 2 - Training:  95%|█████████▌| 1193/1250 [04:07<00:11,  4.82it/s]
Epoch 2 - Training:  96%|█████████▌| 1194/1250 [04:07<00:11,  4.81it/s]
Epoch 2 - Training:  96%|█████████▌| 1195/1250 [04:08<00:11,  4.83it/s]
Epoch 2 - Training:  96%|█████████▌| 1196/1250 [04:08<00:11,  4.79it/s]
Epoch 2 - Training:  96%|█████████▌| 1197/1250 [04:08<00:11,  4.79it/s]
Epoch 2 - Training:  96%|█████████▌| 1198/1250 [04:08<00:10,  4.81it/s]
Epoch 2 - Training:  96%|█████████▌| 1199/1250 [04:09<00:10,  4.81it/s]
Epoch 2 - Training:  96%|█████████▌| 1200/1250 [04:09<00:10,  4.83it/s]
Epoch 2 - Training:  96%|█████████▌| 1201/1250 [04:09<00:10,  4.79it/s]
Epoch 2 - Training:  96%|█████████▌| 1202/1250 [04:09<00:09,  4.81it/s]
Epoch 2 - Training:  96%|█████████▌| 1203/1250 [04:09<00:09,  4.82it/s]
Epoch 2 - Training:  96%|█████████▋| 1204/1250 [04:10<00:09,  4.82it/s]
Epoch 2 - Training:  96%|█████████▋| 1205/1250 [04:10<00:09,  4.82it/s]
Epoch 2 - Training:  96%|█████████▋| 1206/1250 [04:10<00:09,  4.80it/s]
Epoch 2 - Training:  97%|█████████▋| 1207/1250 [04:10<00:08,  4.82it/s]
Epoch 2 - Training:  97%|█████████▋| 1208/1250 [04:10<00:08,  4.82it/s]
Epoch 2 - Training:  97%|█████████▋| 1209/1250 [04:11<00:08,  4.83it/s]
Epoch 2 - Training:  97%|█████████▋| 1210/1250 [04:11<00:08,  4.83it/s]
Epoch 2 - Training:  97%|█████████▋| 1211/1250 [04:11<00:08,  4.79it/s]
Epoch 2 - Training:  97%|█████████▋| 1212/1250 [04:11<00:07,  4.80it/s]
Epoch 2 - Training:  97%|█████████▋| 1213/1250 [04:11<00:07,  4.82it/s]
Epoch 2 - Training:  97%|█████████▋| 1214/1250 [04:12<00:07,  4.82it/s]
Epoch 2 - Training:  97%|█████████▋| 1215/1250 [04:12<00:07,  4.83it/s]
Epoch 2 - Training:  97%|█████████▋| 1216/1250 [04:12<00:07,  4.80it/s]
Epoch 2 - Training:  97%|█████████▋| 1217/1250 [04:12<00:06,  4.81it/s]
Epoch 2 - Training:  97%|█████████▋| 1218/1250 [04:12<00:06,  4.81it/s]
Epoch 2 - Training:  98%|█████████▊| 1219/1250 [04:13<00:06,  4.82it/s]
Epoch 2 - Training:  98%|█████████▊| 1220/1250 [04:13<00:06,  4.82it/s]
Epoch 2 - Training:  98%|█████████▊| 1221/1250 [04:13<00:06,  4.79it/s]
Epoch 2 - Training:  98%|█████████▊| 1222/1250 [04:13<00:05,  4.81it/s]
Epoch 2 - Training:  98%|█████████▊| 1223/1250 [04:14<00:05,  4.81it/s]
Epoch 2 - Training:  98%|█████████▊| 1224/1250 [04:14<00:05,  4.82it/s]
Epoch 2 - Training:  98%|█████████▊| 1225/1250 [04:14<00:05,  4.82it/s]
Epoch 2 - Training:  98%|█████████▊| 1226/1250 [04:14<00:05,  4.80it/s]
Epoch 2 - Training:  98%|█████████▊| 1227/1250 [04:14<00:04,  4.82it/s]
Epoch 2 - Training:  98%|█████████▊| 1228/1250 [04:15<00:04,  4.82it/s]
Epoch 2 - Training:  98%|█████████▊| 1229/1250 [04:15<00:04,  4.83it/s]
Epoch 2 - Training:  98%|█████████▊| 1230/1250 [04:15<00:04,  4.83it/s]
Epoch 2 - Training:  98%|█████████▊| 1231/1250 [04:15<00:03,  4.79it/s]
Epoch 2 - Training:  99%|█████████▊| 1232/1250 [04:15<00:03,  4.81it/s]
Epoch 2 - Training:  99%|█████████▊| 1233/1250 [04:16<00:03,  4.82it/s]
Epoch 2 - Training:  99%|█████████▊| 1234/1250 [04:16<00:03,  4.83it/s]
Epoch 2 - Training:  99%|█████████▉| 1235/1250 [04:16<00:03,  4.83it/s]
Epoch 2 - Training:  99%|█████████▉| 1236/1250 [04:16<00:02,  4.80it/s]
Epoch 2 - Training:  99%|█████████▉| 1237/1250 [04:16<00:02,  4.80it/s]
Epoch 2 - Training:  99%|█████████▉| 1238/1250 [04:17<00:02,  4.82it/s]
Epoch 2 - Training:  99%|█████████▉| 1239/1250 [04:17<00:02,  4.82it/s]
Epoch 2 - Training:  99%|█████████▉| 1240/1250 [04:17<00:02,  4.83it/s]
Epoch 2 - Training:  99%|█████████▉| 1241/1250 [04:17<00:01,  4.79it/s]
Epoch 2 - Training:  99%|█████████▉| 1242/1250 [04:17<00:01,  4.80it/s]
Epoch 2 - Training:  99%|█████████▉| 1243/1250 [04:18<00:01,  4.82it/s]
Epoch 2 - Training: 100%|█████████▉| 1244/1250 [04:18<00:01,  4.82it/s]
Epoch 2 - Training: 100%|█████████▉| 1245/1250 [04:18<00:01,  4.83it/s]
Epoch 2 - Training: 100%|█████████▉| 1246/1250 [04:18<00:00,  4.80it/s]
Epoch 2 - Training: 100%|█████████▉| 1247/1250 [04:19<00:00,  4.81it/s]
Epoch 2 - Training: 100%|█████████▉| 1248/1250 [04:19<00:00,  4.82it/s]
Epoch 2 - Training: 100%|█████████▉| 1249/1250 [04:19<00:00,  4.83it/s]
Epoch 2 - Training: 100%|██████████| 1250/1250 [04:19<00:00,  4.83it/s]
Epoch 2 - Training: 100%|██████████| 1250/1250 [04:19<00:00,  4.81it/s]

Epoch 2 - Evaluating:   0%|          | 0/250 [00:00<?, ?it/s]
Epoch 2 - Evaluating:   1%|          | 2/250 [00:00<00:12, 19.66it/s]
Epoch 2 - Evaluating:   2%|▏         | 4/250 [00:00<00:12, 19.38it/s]
Epoch 2 - Evaluating:   2%|▏         | 6/250 [00:00<00:12, 19.29it/s]
Epoch 2 - Evaluating:   3%|▎         | 8/250 [00:00<00:12, 19.31it/s]
Epoch 2 - Evaluating:   4%|▍         | 10/250 [00:00<00:12, 19.22it/s]
Epoch 2 - Evaluating:   5%|▍         | 12/250 [00:00<00:12, 19.21it/s]
Epoch 2 - Evaluating:   6%|▌         | 14/250 [00:00<00:12, 19.14it/s]
Epoch 2 - Evaluating:   6%|▋         | 16/250 [00:00<00:12, 19.16it/s]
Epoch 2 - Evaluating:   7%|▋         | 18/250 [00:00<00:12, 19.14it/s]
Epoch 2 - Evaluating:   8%|▊         | 20/250 [00:01<00:12, 19.14it/s]
Epoch 2 - Evaluating:   9%|▉         | 22/250 [00:01<00:11, 19.17it/s]
Epoch 2 - Evaluating:  10%|▉         | 24/250 [00:01<00:11, 19.19it/s]
Epoch 2 - Evaluating:  10%|█         | 26/250 [00:01<00:11, 19.20it/s]
Epoch 2 - Evaluating:  11%|█         | 28/250 [00:01<00:11, 19.19it/s]
Epoch 2 - Evaluating:  12%|█▏        | 30/250 [00:01<00:11, 19.17it/s]
Epoch 2 - Evaluating:  13%|█▎        | 32/250 [00:01<00:11, 19.16it/s]
Epoch 2 - Evaluating:  14%|█▎        | 34/250 [00:01<00:11, 19.20it/s]
Epoch 2 - Evaluating:  14%|█▍        | 36/250 [00:01<00:11, 19.17it/s]
Epoch 2 - Evaluating:  15%|█▌        | 38/250 [00:01<00:11, 19.15it/s]
Epoch 2 - Evaluating:  16%|█▌        | 40/250 [00:02<00:10, 19.18it/s]
Epoch 2 - Evaluating:  17%|█▋        | 42/250 [00:02<00:10, 19.19it/s]
Epoch 2 - Evaluating:  18%|█▊        | 44/250 [00:02<00:10, 19.21it/s]
Epoch 2 - Evaluating:  18%|█▊        | 46/250 [00:02<00:10, 19.18it/s]
Epoch 2 - Evaluating:  19%|█▉        | 48/250 [00:02<00:10, 19.19it/s]
Epoch 2 - Evaluating:  20%|██        | 50/250 [00:02<00:10, 19.16it/s]
Epoch 2 - Evaluating:  21%|██        | 52/250 [00:02<00:10, 19.15it/s]
Epoch 2 - Evaluating:  22%|██▏       | 54/250 [00:02<00:10, 19.14it/s]
Epoch 2 - Evaluating:  22%|██▏       | 56/250 [00:02<00:10, 19.14it/s]
Epoch 2 - Evaluating:  23%|██▎       | 58/250 [00:03<00:10, 19.15it/s]
Epoch 2 - Evaluating:  24%|██▍       | 60/250 [00:03<00:09, 19.18it/s]
Epoch 2 - Evaluating:  25%|██▍       | 62/250 [00:03<00:09, 19.21it/s]
Epoch 2 - Evaluating:  26%|██▌       | 64/250 [00:03<00:09, 19.15it/s]
Epoch 2 - Evaluating:  26%|██▋       | 66/250 [00:03<00:09, 19.14it/s]
Epoch 2 - Evaluating:  27%|██▋       | 68/250 [00:03<00:09, 19.19it/s]
Epoch 2 - Evaluating:  28%|██▊       | 70/250 [00:03<00:09, 19.19it/s]
Epoch 2 - Evaluating:  29%|██▉       | 72/250 [00:03<00:09, 19.15it/s]
Epoch 2 - Evaluating:  30%|██▉       | 74/250 [00:03<00:09, 19.13it/s]
Epoch 2 - Evaluating:  30%|███       | 76/250 [00:03<00:09, 19.13it/s]
Epoch 2 - Evaluating:  31%|███       | 78/250 [00:04<00:08, 19.12it/s]
Epoch 2 - Evaluating:  32%|███▏      | 80/250 [00:04<00:08, 19.15it/s]
Epoch 2 - Evaluating:  33%|███▎      | 82/250 [00:04<00:08, 19.09it/s]
Epoch 2 - Evaluating:  34%|███▎      | 84/250 [00:04<00:08, 19.12it/s]
Epoch 2 - Evaluating:  34%|███▍      | 86/250 [00:04<00:08, 19.13it/s]
Epoch 2 - Evaluating:  35%|███▌      | 88/250 [00:04<00:08, 19.16it/s]
Epoch 2 - Evaluating:  36%|███▌      | 90/250 [00:04<00:08, 19.18it/s]
Epoch 2 - Evaluating:  37%|███▋      | 92/250 [00:04<00:08, 19.15it/s]
Epoch 2 - Evaluating:  38%|███▊      | 94/250 [00:04<00:08, 19.12it/s]
Epoch 2 - Evaluating:  38%|███▊      | 96/250 [00:05<00:08, 19.14it/s]
Epoch 2 - Evaluating:  39%|███▉      | 98/250 [00:05<00:07, 19.18it/s]
Epoch 2 - Evaluating:  40%|████      | 100/250 [00:05<00:07, 19.15it/s]
Epoch 2 - Evaluating:  41%|████      | 102/250 [00:05<00:07, 19.17it/s]
Epoch 2 - Evaluating:  42%|████▏     | 104/250 [00:05<00:07, 19.17it/s]
Epoch 2 - Evaluating:  42%|████▏     | 106/250 [00:05<00:07, 19.19it/s]
Epoch 2 - Evaluating:  43%|████▎     | 108/250 [00:05<00:07, 19.20it/s]
Epoch 2 - Evaluating:  44%|████▍     | 110/250 [00:05<00:07, 19.15it/s]
Epoch 2 - Evaluating:  45%|████▍     | 112/250 [00:05<00:07, 19.17it/s]
Epoch 2 - Evaluating:  46%|████▌     | 114/250 [00:05<00:07, 19.19it/s]
Epoch 2 - Evaluating:  46%|████▋     | 116/250 [00:06<00:06, 19.19it/s]
Epoch 2 - Evaluating:  47%|████▋     | 118/250 [00:06<00:06, 19.16it/s]
Epoch 2 - Evaluating:  48%|████▊     | 120/250 [00:06<00:06, 19.12it/s]
Epoch 2 - Evaluating:  49%|████▉     | 122/250 [00:06<00:06, 19.15it/s]
Epoch 2 - Evaluating:  50%|████▉     | 124/250 [00:06<00:06, 19.17it/s]
Epoch 2 - Evaluating:  50%|█████     | 126/250 [00:06<00:06, 19.17it/s]
Epoch 2 - Evaluating:  51%|█████     | 128/250 [00:06<00:06, 19.19it/s]
Epoch 2 - Evaluating:  52%|█████▏    | 130/250 [00:06<00:06, 19.20it/s]
Epoch 2 - Evaluating:  53%|█████▎    | 132/250 [00:06<00:06, 19.20it/s]
Epoch 2 - Evaluating:  54%|█████▎    | 134/250 [00:06<00:06, 19.18it/s]
Epoch 2 - Evaluating:  54%|█████▍    | 136/250 [00:07<00:05, 19.19it/s]
Epoch 2 - Evaluating:  55%|█████▌    | 138/250 [00:07<00:05, 19.15it/s]
Epoch 2 - Evaluating:  56%|█████▌    | 140/250 [00:07<00:05, 19.14it/s]
Epoch 2 - Evaluating:  57%|█████▋    | 142/250 [00:07<00:05, 19.13it/s]
Epoch 2 - Evaluating:  58%|█████▊    | 144/250 [00:07<00:05, 19.18it/s]
Epoch 2 - Evaluating:  58%|█████▊    | 146/250 [00:07<00:05, 19.18it/s]
Epoch 2 - Evaluating:  59%|█████▉    | 148/250 [00:07<00:05, 19.20it/s]
Epoch 2 - Evaluating:  60%|██████    | 150/250 [00:07<00:05, 19.18it/s]
Epoch 2 - Evaluating:  61%|██████    | 152/250 [00:07<00:05, 19.16it/s]
Epoch 2 - Evaluating:  62%|██████▏   | 154/250 [00:08<00:05, 19.16it/s]
Epoch 2 - Evaluating:  62%|██████▏   | 156/250 [00:08<00:04, 19.12it/s]
Epoch 2 - Evaluating:  63%|██████▎   | 158/250 [00:08<00:04, 19.15it/s]
Epoch 2 - Evaluating:  64%|██████▍   | 160/250 [00:08<00:04, 19.19it/s]
Epoch 2 - Evaluating:  65%|██████▍   | 162/250 [00:08<00:04, 19.20it/s]
Epoch 2 - Evaluating:  66%|██████▌   | 164/250 [00:08<00:04, 19.18it/s]
Epoch 2 - Evaluating:  66%|██████▋   | 166/250 [00:08<00:04, 19.17it/s]
Epoch 2 - Evaluating:  67%|██████▋   | 168/250 [00:08<00:04, 19.17it/s]
Epoch 2 - Evaluating:  68%|██████▊   | 170/250 [00:08<00:04, 19.17it/s]
Epoch 2 - Evaluating:  69%|██████▉   | 172/250 [00:08<00:04, 19.18it/s]
Epoch 2 - Evaluating:  70%|██████▉   | 174/250 [00:09<00:03, 19.16it/s]
Epoch 2 - Evaluating:  70%|███████   | 176/250 [00:09<00:03, 19.15it/s]
Epoch 2 - Evaluating:  71%|███████   | 178/250 [00:09<00:03, 19.17it/s]
Epoch 2 - Evaluating:  72%|███████▏  | 180/250 [00:09<00:03, 19.19it/s]
Epoch 2 - Evaluating:  73%|███████▎  | 182/250 [00:09<00:03, 19.19it/s]
Epoch 2 - Evaluating:  74%|███████▎  | 184/250 [00:09<00:03, 19.18it/s]
Epoch 2 - Evaluating:  74%|███████▍  | 186/250 [00:09<00:03, 19.14it/s]
Epoch 2 - Evaluating:  75%|███████▌  | 188/250 [00:09<00:03, 19.18it/s]
Epoch 2 - Evaluating:  76%|███████▌  | 190/250 [00:09<00:03, 19.18it/s]
Epoch 2 - Evaluating:  77%|███████▋  | 192/250 [00:10<00:03, 19.17it/s]
Epoch 2 - Evaluating:  78%|███████▊  | 194/250 [00:10<00:02, 19.15it/s]
Epoch 2 - Evaluating:  78%|███████▊  | 196/250 [00:10<00:02, 19.17it/s]
Epoch 2 - Evaluating:  79%|███████▉  | 198/250 [00:10<00:02, 19.19it/s]
Epoch 2 - Evaluating:  80%|████████  | 200/250 [00:10<00:02, 19.19it/s]
Epoch 2 - Evaluating:  81%|████████  | 202/250 [00:10<00:02, 19.17it/s]
Epoch 2 - Evaluating:  82%|████████▏ | 204/250 [00:10<00:02, 19.15it/s]
Epoch 2 - Evaluating:  82%|████████▏ | 206/250 [00:10<00:02, 19.16it/s]
Epoch 2 - Evaluating:  83%|████████▎ | 208/250 [00:10<00:02, 19.21it/s]
Epoch 2 - Evaluating:  84%|████████▍ | 210/250 [00:10<00:02, 19.17it/s]
Epoch 2 - Evaluating:  85%|████████▍ | 212/250 [00:11<00:01, 19.15it/s]
Epoch 2 - Evaluating:  86%|████████▌ | 214/250 [00:11<00:01, 19.17it/s]
Epoch 2 - Evaluating:  86%|████████▋ | 216/250 [00:11<00:01, 19.19it/s]
Epoch 2 - Evaluating:  87%|████████▋ | 218/250 [00:11<00:01, 19.20it/s]
Epoch 2 - Evaluating:  88%|████████▊ | 220/250 [00:11<00:01, 19.18it/s]
Epoch 2 - Evaluating:  89%|████████▉ | 222/250 [00:11<00:01, 19.18it/s]
Epoch 2 - Evaluating:  90%|████████▉ | 224/250 [00:11<00:01, 19.19it/s]
Epoch 2 - Evaluating:  90%|█████████ | 226/250 [00:11<00:01, 19.18it/s]
Epoch 2 - Evaluating:  91%|█████████ | 228/250 [00:11<00:01, 19.17it/s]
Epoch 2 - Evaluating:  92%|█████████▏| 230/250 [00:11<00:01, 19.13it/s]
Epoch 2 - Evaluating:  93%|█████████▎| 232/250 [00:12<00:00, 19.11it/s]
Epoch 2 - Evaluating:  94%|█████████▎| 234/250 [00:12<00:00, 19.15it/s]
Epoch 2 - Evaluating:  94%|█████████▍| 236/250 [00:12<00:00, 19.19it/s]
Epoch 2 - Evaluating:  95%|█████████▌| 238/250 [00:12<00:00, 19.21it/s]
Epoch 2 - Evaluating:  96%|█████████▌| 240/250 [00:12<00:00, 19.23it/s]
Epoch 2 - Evaluating:  97%|█████████▋| 242/250 [00:12<00:00, 19.20it/s]
Epoch 2 - Evaluating:  98%|█████████▊| 244/250 [00:12<00:00, 19.17it/s]
Epoch 2 - Evaluating:  98%|█████████▊| 246/250 [00:12<00:00, 19.17it/s]
Epoch 2 - Evaluating:  99%|█████████▉| 248/250 [00:12<00:00, 19.16it/s]
Epoch 2 - Evaluating: 100%|██████████| 250/250 [00:13<00:00, 19.12it/s]
Epoch 2 - Evaluating: 100%|██████████| 250/250 [00:13<00:00, 19.17it/s]
Epoch 2 | Train Loss: 0.9028 | Val Loss: 1.5270

Epoch 3 - Training:   0%|          | 0/1250 [00:00<?, ?it/s]
Epoch 3 - Training:   0%|          | 1/1250 [00:00<04:27,  4.67it/s]
Epoch 3 - Training:   0%|          | 2/1250 [00:00<04:21,  4.77it/s]
Epoch 3 - Training:   0%|          | 3/1250 [00:00<04:19,  4.81it/s]
Epoch 3 - Training:   0%|          | 4/1250 [00:00<04:18,  4.81it/s]
Epoch 3 - Training:   0%|          | 5/1250 [00:01<04:17,  4.83it/s]
Epoch 3 - Training:   0%|          | 6/1250 [00:01<04:19,  4.79it/s]
Epoch 3 - Training:   1%|          | 7/1250 [00:01<04:18,  4.80it/s]
Epoch 3 - Training:   1%|          | 8/1250 [00:01<04:17,  4.82it/s]
Epoch 3 - Training:   1%|          | 9/1250 [00:01<04:17,  4.83it/s]
Epoch 3 - Training:   1%|          | 10/1250 [00:02<04:16,  4.83it/s]
Epoch 3 - Training:   1%|          | 11/1250 [00:02<04:18,  4.80it/s]
Epoch 3 - Training:   1%|          | 12/1250 [00:02<04:17,  4.81it/s]
Epoch 3 - Training:   1%|          | 13/1250 [00:02<04:17,  4.81it/s]
Epoch 3 - Training:   1%|          | 14/1250 [00:02<04:15,  4.83it/s]
Epoch 3 - Training:   1%|          | 15/1250 [00:03<04:15,  4.83it/s]
Epoch 3 - Training:   1%|▏         | 16/1250 [00:03<04:17,  4.80it/s]
Epoch 3 - Training:   1%|▏         | 17/1250 [00:03<04:16,  4.81it/s]
Epoch 3 - Training:   1%|▏         | 18/1250 [00:03<04:15,  4.83it/s]
Epoch 3 - Training:   2%|▏         | 19/1250 [00:03<04:14,  4.83it/s]
Epoch 3 - Training:   2%|▏         | 20/1250 [00:04<04:14,  4.83it/s]
Epoch 3 - Training:   2%|▏         | 21/1250 [00:04<04:16,  4.80it/s]
Epoch 3 - Training:   2%|▏         | 22/1250 [00:04<04:14,  4.82it/s]
Epoch 3 - Training:   2%|▏         | 23/1250 [00:04<04:14,  4.81it/s]
Epoch 3 - Training:   2%|▏         | 24/1250 [00:04<04:14,  4.82it/s]
Epoch 3 - Training:   2%|▏         | 25/1250 [00:05<04:13,  4.83it/s]
Epoch 3 - Training:   2%|▏         | 26/1250 [00:05<04:14,  4.80it/s]
Epoch 3 - Training:   2%|▏         | 27/1250 [00:05<04:13,  4.82it/s]
Epoch 3 - Training:   2%|▏         | 28/1250 [00:05<04:13,  4.83it/s]
Epoch 3 - Training:   2%|▏         | 29/1250 [00:06<04:12,  4.83it/s]
Epoch 3 - Training:   2%|▏         | 30/1250 [00:06<04:11,  4.85it/s]
Epoch 3 - Training:   2%|▏         | 31/1250 [00:06<04:13,  4.82it/s]
Epoch 3 - Training:   3%|▎         | 32/1250 [00:06<04:12,  4.83it/s]
Epoch 3 - Training:   3%|▎         | 33/1250 [00:06<04:11,  4.83it/s]
Epoch 3 - Training:   3%|▎         | 34/1250 [00:07<04:11,  4.83it/s]
Epoch 3 - Training:   3%|▎         | 35/1250 [00:07<04:11,  4.83it/s]
Epoch 3 - Training:   3%|▎         | 36/1250 [00:07<04:13,  4.80it/s]
Epoch 3 - Training:   3%|▎         | 37/1250 [00:07<04:12,  4.81it/s]
Epoch 3 - Training:   3%|▎         | 38/1250 [00:07<04:11,  4.82it/s]
Epoch 3 - Training:   3%|▎         | 39/1250 [00:08<04:11,  4.81it/s]
Epoch 3 - Training:   3%|▎         | 40/1250 [00:08<04:10,  4.82it/s]
Epoch 3 - Training:   3%|▎         | 41/1250 [00:08<04:12,  4.79it/s]
Epoch 3 - Training:   3%|▎         | 42/1250 [00:08<04:11,  4.80it/s]
Epoch 3 - Training:   3%|▎         | 43/1250 [00:08<04:11,  4.81it/s]
Epoch 3 - Training:   4%|▎         | 44/1250 [00:09<04:10,  4.81it/s]
Epoch 3 - Training:   4%|▎         | 45/1250 [00:09<04:10,  4.82it/s]
Epoch 3 - Training:   4%|▎         | 46/1250 [00:09<04:11,  4.79it/s]
Epoch 3 - Training:   4%|▍         | 47/1250 [00:09<04:10,  4.81it/s]
Epoch 3 - Training:   4%|▍         | 48/1250 [00:09<04:09,  4.82it/s]
Epoch 3 - Training:   4%|▍         | 49/1250 [00:10<04:08,  4.82it/s]
Epoch 3 - Training:   4%|▍         | 50/1250 [00:10<04:08,  4.84it/s]
Epoch 3 - Training:   4%|▍         | 51/1250 [00:10<04:09,  4.81it/s]
Epoch 3 - Training:   4%|▍         | 52/1250 [00:10<04:08,  4.82it/s]
Epoch 3 - Training:   4%|▍         | 53/1250 [00:11<04:08,  4.82it/s]
Epoch 3 - Training:   4%|▍         | 54/1250 [00:11<04:07,  4.83it/s]
Epoch 3 - Training:   4%|▍         | 55/1250 [00:11<04:07,  4.83it/s]
Epoch 3 - Training:   4%|▍         | 56/1250 [00:11<04:09,  4.79it/s]
Epoch 3 - Training:   5%|▍         | 57/1250 [00:11<04:08,  4.80it/s]
Epoch 3 - Training:   5%|▍         | 58/1250 [00:12<04:07,  4.82it/s]
Epoch 3 - Training:   5%|▍         | 59/1250 [00:12<04:06,  4.83it/s]
Epoch 3 - Training:   5%|▍         | 60/1250 [00:12<04:06,  4.83it/s]
Epoch 3 - Training:   5%|▍         | 61/1250 [00:12<04:07,  4.80it/s]
Epoch 3 - Training:   5%|▍         | 62/1250 [00:12<04:06,  4.81it/s]
Epoch 3 - Training:   5%|▌         | 63/1250 [00:13<04:06,  4.82it/s]
Epoch 3 - Training:   5%|▌         | 64/1250 [00:13<04:05,  4.83it/s]
Epoch 3 - Training:   5%|▌         | 65/1250 [00:13<04:05,  4.83it/s]
Epoch 3 - Training:   5%|▌         | 66/1250 [00:13<04:06,  4.81it/s]
Epoch 3 - Training:   5%|▌         | 67/1250 [00:13<04:05,  4.82it/s]
Epoch 3 - Training:   5%|▌         | 68/1250 [00:14<04:04,  4.83it/s]
Epoch 3 - Training:   6%|▌         | 69/1250 [00:14<04:04,  4.83it/s]
Epoch 3 - Training:   6%|▌         | 70/1250 [00:14<04:04,  4.83it/s]
Epoch 3 - Training:   6%|▌         | 71/1250 [00:14<04:05,  4.80it/s]
Epoch 3 - Training:   6%|▌         | 72/1250 [00:14<04:04,  4.81it/s]
Epoch 3 - Training:   6%|▌         | 73/1250 [00:15<04:04,  4.82it/s]
Epoch 3 - Training:   6%|▌         | 74/1250 [00:15<04:03,  4.82it/s]
Epoch 3 - Training:   6%|▌         | 75/1250 [00:15<04:03,  4.83it/s]
Epoch 3 - Training:   6%|▌         | 76/1250 [00:15<04:05,  4.79it/s]
Epoch 3 - Training:   6%|▌         | 77/1250 [00:15<04:04,  4.80it/s]
Epoch 3 - Training:   6%|▌         | 78/1250 [00:16<04:03,  4.81it/s]
Epoch 3 - Training:   6%|▋         | 79/1250 [00:16<04:02,  4.82it/s]
Epoch 3 - Training:   6%|▋         | 80/1250 [00:16<04:02,  4.82it/s]
Epoch 3 - Training:   6%|▋         | 81/1250 [00:16<04:03,  4.80it/s]
Epoch 3 - Training:   7%|▋         | 82/1250 [00:17<04:02,  4.81it/s]
Epoch 3 - Training:   7%|▋         | 83/1250 [00:17<04:02,  4.82it/s]
Epoch 3 - Training:   7%|▋         | 84/1250 [00:17<04:01,  4.82it/s]
Epoch 3 - Training:   7%|▋         | 85/1250 [00:17<04:01,  4.83it/s]
Epoch 3 - Training:   7%|▋         | 86/1250 [00:17<04:02,  4.80it/s]
Epoch 3 - Training:   7%|▋         | 87/1250 [00:18<04:01,  4.82it/s]
Epoch 3 - Training:   7%|▋         | 88/1250 [00:18<04:01,  4.82it/s]
Epoch 3 - Training:   7%|▋         | 89/1250 [00:18<04:00,  4.82it/s]
Epoch 3 - Training:   7%|▋         | 90/1250 [00:18<04:00,  4.83it/s]
Epoch 3 - Training:   7%|▋         | 91/1250 [00:18<04:01,  4.79it/s]
Epoch 3 - Training:   7%|▋         | 92/1250 [00:19<04:01,  4.80it/s]
Epoch 3 - Training:   7%|▋         | 93/1250 [00:19<04:00,  4.82it/s]
Epoch 3 - Training:   8%|▊         | 94/1250 [00:19<03:59,  4.83it/s]
Epoch 3 - Training:   8%|▊         | 95/1250 [00:19<03:59,  4.83it/s]
Epoch 3 - Training:   8%|▊         | 96/1250 [00:19<04:00,  4.80it/s]
Epoch 3 - Training:   8%|▊         | 97/1250 [00:20<03:59,  4.82it/s]
Epoch 3 - Training:   8%|▊         | 98/1250 [00:20<03:58,  4.83it/s]
Epoch 3 - Training:   8%|▊         | 99/1250 [00:20<03:58,  4.83it/s]
Epoch 3 - Training:   8%|▊         | 100/1250 [00:20<03:57,  4.83it/s]
Epoch 3 - Training:   8%|▊         | 101/1250 [00:20<03:59,  4.79it/s]
Epoch 3 - Training:   8%|▊         | 102/1250 [00:21<03:59,  4.80it/s]
Epoch 3 - Training:   8%|▊         | 103/1250 [00:21<03:58,  4.82it/s]
Epoch 3 - Training:   8%|▊         | 104/1250 [00:21<03:57,  4.82it/s]
Epoch 3 - Training:   8%|▊         | 105/1250 [00:21<03:57,  4.82it/s]
Epoch 3 - Training:   8%|▊         | 106/1250 [00:22<03:58,  4.79it/s]
Epoch 3 - Training:   9%|▊         | 107/1250 [00:22<03:57,  4.81it/s]
Epoch 3 - Training:   9%|▊         | 108/1250 [00:22<03:56,  4.82it/s]
Epoch 3 - Training:   9%|▊         | 109/1250 [00:22<03:56,  4.83it/s]
Epoch 3 - Training:   9%|▉         | 110/1250 [00:22<03:55,  4.83it/s]
Epoch 3 - Training:   9%|▉         | 111/1250 [00:23<03:57,  4.80it/s]
Epoch 3 - Training:   9%|▉         | 112/1250 [00:23<03:56,  4.81it/s]
Epoch 3 - Training:   9%|▉         | 113/1250 [00:23<03:56,  4.82it/s]
Epoch 3 - Training:   9%|▉         | 114/1250 [00:23<03:55,  4.83it/s]
Epoch 3 - Training:   9%|▉         | 115/1250 [00:23<03:55,  4.82it/s]
Epoch 3 - Training:   9%|▉         | 116/1250 [00:24<03:56,  4.80it/s]
Epoch 3 - Training:   9%|▉         | 117/1250 [00:24<03:55,  4.82it/s]
Epoch 3 - Training:   9%|▉         | 118/1250 [00:24<03:54,  4.83it/s]
Epoch 3 - Training:  10%|▉         | 119/1250 [00:24<03:54,  4.83it/s]
Epoch 3 - Training:  10%|▉         | 120/1250 [00:24<03:53,  4.83it/s]
Epoch 3 - Training:  10%|▉         | 121/1250 [00:25<03:55,  4.79it/s]
Epoch 3 - Training:  10%|▉         | 122/1250 [00:25<03:54,  4.81it/s]
Epoch 3 - Training:  10%|▉         | 123/1250 [00:25<03:53,  4.82it/s]
Epoch 3 - Training:  10%|▉         | 124/1250 [00:25<03:53,  4.82it/s]
Epoch 3 - Training:  10%|█         | 125/1250 [00:25<03:52,  4.83it/s]
Epoch 3 - Training:  10%|█         | 126/1250 [00:26<03:54,  4.80it/s]
Epoch 3 - Training:  10%|█         | 127/1250 [00:26<03:53,  4.81it/s]
Epoch 3 - Training:  10%|█         | 128/1250 [00:26<03:52,  4.82it/s]
Epoch 3 - Training:  10%|█         | 129/1250 [00:26<03:52,  4.83it/s]
Epoch 3 - Training:  10%|█         | 130/1250 [00:26<03:52,  4.82it/s]
Epoch 3 - Training:  10%|█         | 131/1250 [00:27<03:53,  4.80it/s]
Epoch 3 - Training:  11%|█         | 132/1250 [00:27<03:52,  4.82it/s]
Epoch 3 - Training:  11%|█         | 133/1250 [00:27<03:51,  4.82it/s]
Epoch 3 - Training:  11%|█         | 134/1250 [00:27<03:51,  4.83it/s]
Epoch 3 - Training:  11%|█         | 135/1250 [00:28<03:51,  4.83it/s]
Epoch 3 - Training:  11%|█         | 136/1250 [00:28<03:52,  4.80it/s]
Epoch 3 - Training:  11%|█         | 137/1250 [00:28<03:51,  4.81it/s]
Epoch 3 - Training:  11%|█         | 138/1250 [00:28<03:50,  4.82it/s]
Epoch 3 - Training:  11%|█         | 139/1250 [00:28<03:50,  4.82it/s]
Epoch 3 - Training:  11%|█         | 140/1250 [00:29<03:49,  4.83it/s]
Epoch 3 - Training:  11%|█▏        | 141/1250 [00:29<03:51,  4.80it/s]
Epoch 3 - Training:  11%|█▏        | 142/1250 [00:29<03:50,  4.80it/s]
Epoch 3 - Training:  11%|█▏        | 143/1250 [00:29<03:49,  4.82it/s]
Epoch 3 - Training:  12%|█▏        | 144/1250 [00:29<03:49,  4.83it/s]
Epoch 3 - Training:  12%|█▏        | 145/1250 [00:30<03:49,  4.82it/s]
Epoch 3 - Training:  12%|█▏        | 146/1250 [00:30<03:50,  4.79it/s]
Epoch 3 - Training:  12%|█▏        | 147/1250 [00:30<03:49,  4.81it/s]
Epoch 3 - Training:  12%|█▏        | 148/1250 [00:30<03:48,  4.81it/s]
Epoch 3 - Training:  12%|█▏        | 149/1250 [00:30<03:48,  4.83it/s]
Epoch 3 - Training:  12%|█▏        | 150/1250 [00:31<03:47,  4.83it/s]
Epoch 3 - Training:  12%|█▏        | 151/1250 [00:31<03:48,  4.81it/s]
Epoch 3 - Training:  12%|█▏        | 152/1250 [00:31<03:48,  4.81it/s]
Epoch 3 - Training:  12%|█▏        | 153/1250 [00:31<03:47,  4.83it/s]
Epoch 3 - Training:  12%|█▏        | 154/1250 [00:31<03:47,  4.82it/s]
Epoch 3 - Training:  12%|█▏        | 155/1250 [00:32<03:46,  4.84it/s]
Epoch 3 - Training:  12%|█▏        | 156/1250 [00:32<03:47,  4.80it/s]
Epoch 3 - Training:  13%|█▎        | 157/1250 [00:32<03:46,  4.82it/s]
Epoch 3 - Training:  13%|█▎        | 158/1250 [00:32<03:46,  4.82it/s]
Epoch 3 - Training:  13%|█▎        | 159/1250 [00:33<03:45,  4.83it/s]
Epoch 3 - Training:  13%|█▎        | 160/1250 [00:33<03:45,  4.83it/s]
Epoch 3 - Training:  13%|█▎        | 161/1250 [00:33<03:46,  4.80it/s]
Epoch 3 - Training:  13%|█▎        | 162/1250 [00:33<03:46,  4.81it/s]
Epoch 3 - Training:  13%|█▎        | 163/1250 [00:33<03:45,  4.82it/s]
Epoch 3 - Training:  13%|█▎        | 164/1250 [00:34<03:45,  4.82it/s]
Epoch 3 - Training:  13%|█▎        | 165/1250 [00:34<03:44,  4.84it/s]
Epoch 3 - Training:  13%|█▎        | 166/1250 [00:34<03:45,  4.80it/s]
Epoch 3 - Training:  13%|█▎        | 167/1250 [00:34<03:45,  4.81it/s]
Epoch 3 - Training:  13%|█▎        | 168/1250 [00:34<03:44,  4.82it/s]
Epoch 3 - Training:  14%|█▎        | 169/1250 [00:35<03:44,  4.82it/s]
Epoch 3 - Training:  14%|█▎        | 170/1250 [00:35<03:43,  4.83it/s]
Epoch 3 - Training:  14%|█▎        | 171/1250 [00:35<03:44,  4.80it/s]
Epoch 3 - Training:  14%|█▍        | 172/1250 [00:35<03:44,  4.81it/s]
Epoch 3 - Training:  14%|█▍        | 173/1250 [00:35<03:43,  4.81it/s]
Epoch 3 - Training:  14%|█▍        | 174/1250 [00:36<03:43,  4.82it/s]
Epoch 3 - Training:  14%|█▍        | 175/1250 [00:36<03:42,  4.82it/s]
Epoch 3 - Training:  14%|█▍        | 176/1250 [00:36<03:44,  4.79it/s]
Epoch 3 - Training:  14%|█▍        | 177/1250 [00:36<03:43,  4.81it/s]
Epoch 3 - Training:  14%|█▍        | 178/1250 [00:36<03:42,  4.81it/s]
Epoch 3 - Training:  14%|█▍        | 179/1250 [00:37<03:42,  4.82it/s]
Epoch 3 - Training:  14%|█▍        | 180/1250 [00:37<03:41,  4.82it/s]
Epoch 3 - Training:  14%|█▍        | 181/1250 [00:37<03:42,  4.80it/s]
Epoch 3 - Training:  15%|█▍        | 182/1250 [00:37<03:41,  4.82it/s]
Epoch 3 - Training:  15%|█▍        | 183/1250 [00:37<03:41,  4.82it/s]
Epoch 3 - Training:  15%|█▍        | 184/1250 [00:38<03:40,  4.83it/s]
Epoch 3 - Training:  15%|█▍        | 185/1250 [00:38<03:40,  4.83it/s]
Epoch 3 - Training:  15%|█▍        | 186/1250 [00:38<03:41,  4.80it/s]
Epoch 3 - Training:  15%|█▍        | 187/1250 [00:38<03:40,  4.81it/s]
Epoch 3 - Training:  15%|█▌        | 188/1250 [00:39<03:40,  4.82it/s]
Epoch 3 - Training:  15%|█▌        | 189/1250 [00:39<03:39,  4.83it/s]
Epoch 3 - Training:  15%|█▌        | 190/1250 [00:39<03:39,  4.83it/s]
Epoch 3 - Training:  15%|█▌        | 191/1250 [00:39<03:41,  4.79it/s]
Epoch 3 - Training:  15%|█▌        | 192/1250 [00:39<03:40,  4.80it/s]
Epoch 3 - Training:  15%|█▌        | 193/1250 [00:40<03:39,  4.82it/s]
Epoch 3 - Training:  16%|█▌        | 194/1250 [00:40<03:39,  4.82it/s]
Epoch 3 - Training:  16%|█▌        | 195/1250 [00:40<03:38,  4.83it/s]
Epoch 3 - Training:  16%|█▌        | 196/1250 [00:40<03:39,  4.80it/s]
Epoch 3 - Training:  16%|█▌        | 197/1250 [00:40<03:38,  4.81it/s]
Epoch 3 - Training:  16%|█▌        | 198/1250 [00:41<03:38,  4.82it/s]
Epoch 3 - Training:  16%|█▌        | 199/1250 [00:41<03:37,  4.83it/s]
Epoch 3 - Training:  16%|█▌        | 200/1250 [00:41<03:37,  4.83it/s]
Epoch 3 - Training:  16%|█▌        | 201/1250 [00:41<03:38,  4.80it/s]
Epoch 3 - Training:  16%|█▌        | 202/1250 [00:41<03:37,  4.82it/s]
Epoch 3 - Training:  16%|█▌        | 203/1250 [00:42<03:37,  4.82it/s]
Epoch 3 - Training:  16%|█▋        | 204/1250 [00:42<03:36,  4.83it/s]
Epoch 3 - Training:  16%|█▋        | 205/1250 [00:42<03:36,  4.83it/s]
Epoch 3 - Training:  16%|█▋        | 206/1250 [00:42<03:37,  4.80it/s]
Epoch 3 - Training:  17%|█▋        | 207/1250 [00:42<03:36,  4.81it/s]
Epoch 3 - Training:  17%|█▋        | 208/1250 [00:43<03:36,  4.82it/s]
Epoch 3 - Training:  17%|█▋        | 209/1250 [00:43<03:36,  4.82it/s]
Epoch 3 - Training:  17%|█▋        | 210/1250 [00:43<03:35,  4.83it/s]
Epoch 3 - Training:  17%|█▋        | 211/1250 [00:43<03:37,  4.79it/s]
Epoch 3 - Training:  17%|█▋        | 212/1250 [00:44<03:36,  4.80it/s]
Epoch 3 - Training:  17%|█▋        | 213/1250 [00:44<03:35,  4.82it/s]
Epoch 3 - Training:  17%|█▋        | 214/1250 [00:44<03:35,  4.81it/s]
Epoch 3 - Training:  17%|█▋        | 215/1250 [00:44<03:34,  4.82it/s]
Epoch 3 - Training:  17%|█▋        | 216/1250 [00:44<03:35,  4.79it/s]
Epoch 3 - Training:  17%|█▋        | 217/1250 [00:45<03:35,  4.80it/s]
Epoch 3 - Training:  17%|█▋        | 218/1250 [00:45<03:34,  4.82it/s]
Epoch 3 - Training:  18%|█▊        | 219/1250 [00:45<03:33,  4.82it/s]
Epoch 3 - Training:  18%|█▊        | 220/1250 [00:45<03:33,  4.83it/s]
Epoch 3 - Training:  18%|█▊        | 221/1250 [00:45<03:34,  4.80it/s]
Epoch 3 - Training:  18%|█▊        | 222/1250 [00:46<03:33,  4.82it/s]
Epoch 3 - Training:  18%|█▊        | 223/1250 [00:46<03:32,  4.82it/s]
Epoch 3 - Training:  18%|█▊        | 224/1250 [00:46<03:32,  4.83it/s]
Epoch 3 - Training:  18%|█▊        | 225/1250 [00:46<03:32,  4.83it/s]
Epoch 3 - Training:  18%|█▊        | 226/1250 [00:46<03:33,  4.80it/s]
Epoch 3 - Training:  18%|█▊        | 227/1250 [00:47<03:32,  4.82it/s]
Epoch 3 - Training:  18%|█▊        | 228/1250 [00:47<03:31,  4.82it/s]
Epoch 3 - Training:  18%|█▊        | 229/1250 [00:47<03:31,  4.83it/s]
Epoch 3 - Training:  18%|█▊        | 230/1250 [00:47<03:31,  4.83it/s]
Epoch 3 - Training:  18%|█▊        | 231/1250 [00:47<03:32,  4.80it/s]
Epoch 3 - Training:  19%|█▊        | 232/1250 [00:48<03:31,  4.81it/s]
Epoch 3 - Training:  19%|█▊        | 233/1250 [00:48<03:31,  4.82it/s]
Epoch 3 - Training:  19%|█▊        | 234/1250 [00:48<03:30,  4.82it/s]
Epoch 3 - Training:  19%|█▉        | 235/1250 [00:48<03:30,  4.83it/s]
Epoch 3 - Training:  19%|█▉        | 236/1250 [00:49<03:31,  4.79it/s]
Epoch 3 - Training:  19%|█▉        | 237/1250 [00:49<03:30,  4.80it/s]
Epoch 3 - Training:  19%|█▉        | 238/1250 [00:49<03:30,  4.82it/s]
Epoch 3 - Training:  19%|█▉        | 239/1250 [00:49<03:29,  4.82it/s]
Epoch 3 - Training:  19%|█▉        | 240/1250 [00:49<03:29,  4.83it/s]
Epoch 3 - Training:  19%|█▉        | 241/1250 [00:50<03:30,  4.79it/s]
Epoch 3 - Training:  19%|█▉        | 242/1250 [00:50<03:29,  4.81it/s]
Epoch 3 - Training:  19%|█▉        | 243/1250 [00:50<03:28,  4.82it/s]
Epoch 3 - Training:  20%|█▉        | 244/1250 [00:50<03:28,  4.82it/s]
Epoch 3 - Training:  20%|█▉        | 245/1250 [00:50<03:27,  4.83it/s]
Epoch 3 - Training:  20%|█▉        | 246/1250 [00:51<03:29,  4.80it/s]
Epoch 3 - Training:  20%|█▉        | 247/1250 [00:51<03:28,  4.82it/s]
Epoch 3 - Training:  20%|█▉        | 248/1250 [00:51<03:27,  4.82it/s]
Epoch 3 - Training:  20%|█▉        | 249/1250 [00:51<03:27,  4.83it/s]
Epoch 3 - Training:  20%|██        | 250/1250 [00:51<03:26,  4.83it/s]
Epoch 3 - Training:  20%|██        | 251/1250 [00:52<03:28,  4.80it/s]
Epoch 3 - Training:  20%|██        | 252/1250 [00:52<03:27,  4.81it/s]
Epoch 3 - Training:  20%|██        | 253/1250 [00:52<03:26,  4.82it/s]
Epoch 3 - Training:  20%|██        | 254/1250 [00:52<03:26,  4.82it/s]
Epoch 3 - Training:  20%|██        | 255/1250 [00:52<03:26,  4.83it/s]
Epoch 3 - Training:  20%|██        | 256/1250 [00:53<03:27,  4.80it/s]
Epoch 3 - Training:  21%|██        | 257/1250 [00:53<03:26,  4.81it/s]
Epoch 3 - Training:  21%|██        | 258/1250 [00:53<03:25,  4.83it/s]
Epoch 3 - Training:  21%|██        | 259/1250 [00:53<03:25,  4.83it/s]
Epoch 3 - Training:  21%|██        | 260/1250 [00:53<03:24,  4.83it/s]
Epoch 3 - Training:  21%|██        | 261/1250 [00:54<03:26,  4.80it/s]
Epoch 3 - Training:  21%|██        | 262/1250 [00:54<03:25,  4.82it/s]
Epoch 3 - Training:  21%|██        | 263/1250 [00:54<03:25,  4.81it/s]
Epoch 3 - Training:  21%|██        | 264/1250 [00:54<03:24,  4.82it/s]
Epoch 3 - Training:  21%|██        | 265/1250 [00:55<03:24,  4.82it/s]
Epoch 3 - Training:  21%|██▏       | 266/1250 [00:55<03:25,  4.80it/s]
Epoch 3 - Training:  21%|██▏       | 267/1250 [00:55<03:24,  4.82it/s]
Epoch 3 - Training:  21%|██▏       | 268/1250 [00:55<03:23,  4.82it/s]
Epoch 3 - Training:  22%|██▏       | 269/1250 [00:55<03:23,  4.83it/s]
Epoch 3 - Training:  22%|██▏       | 270/1250 [00:56<03:22,  4.83it/s]
Epoch 3 - Training:  22%|██▏       | 271/1250 [00:56<03:23,  4.80it/s]
Epoch 3 - Training:  22%|██▏       | 272/1250 [00:56<03:23,  4.81it/s]
Epoch 3 - Training:  22%|██▏       | 273/1250 [00:56<03:22,  4.82it/s]
Epoch 3 - Training:  22%|██▏       | 274/1250 [00:56<03:22,  4.82it/s]
Epoch 3 - Training:  22%|██▏       | 275/1250 [00:57<03:21,  4.83it/s]
Epoch 3 - Training:  22%|██▏       | 276/1250 [00:57<03:23,  4.79it/s]
Epoch 3 - Training:  22%|██▏       | 277/1250 [00:57<03:22,  4.81it/s]
Epoch 3 - Training:  22%|██▏       | 278/1250 [00:57<03:21,  4.82it/s]
Epoch 3 - Training:  22%|██▏       | 279/1250 [00:57<03:21,  4.83it/s]
Epoch 3 - Training:  22%|██▏       | 280/1250 [00:58<03:20,  4.83it/s]
Epoch 3 - Training:  22%|██▏       | 281/1250 [00:58<03:21,  4.80it/s]
Epoch 3 - Training:  23%|██▎       | 282/1250 [00:58<03:20,  4.82it/s]
Epoch 3 - Training:  23%|██▎       | 283/1250 [00:58<03:20,  4.81it/s]
Epoch 3 - Training:  23%|██▎       | 284/1250 [00:58<03:20,  4.82it/s]
Epoch 3 - Training:  23%|██▎       | 285/1250 [00:59<03:20,  4.82it/s]
Epoch 3 - Training:  23%|██▎       | 286/1250 [00:59<03:21,  4.79it/s]
Epoch 3 - Training:  23%|██▎       | 287/1250 [00:59<03:20,  4.81it/s]
Epoch 3 - Training:  23%|██▎       | 288/1250 [00:59<03:19,  4.82it/s]
Epoch 3 - Training:  23%|██▎       | 289/1250 [01:00<03:19,  4.82it/s]
Epoch 3 - Training:  23%|██▎       | 290/1250 [01:00<03:18,  4.83it/s]
Epoch 3 - Training:  23%|██▎       | 291/1250 [01:00<03:20,  4.79it/s]
Epoch 3 - Training:  23%|██▎       | 292/1250 [01:00<03:19,  4.80it/s]
Epoch 3 - Training:  23%|██▎       | 293/1250 [01:00<03:18,  4.82it/s]
Epoch 3 - Training:  24%|██▎       | 294/1250 [01:01<03:18,  4.82it/s]
Epoch 3 - Training:  24%|██▎       | 295/1250 [01:01<03:17,  4.83it/s]
Epoch 3 - Training:  24%|██▎       | 296/1250 [01:01<03:18,  4.80it/s]
Epoch 3 - Training:  24%|██▍       | 297/1250 [01:01<03:18,  4.81it/s]
Epoch 3 - Training:  24%|██▍       | 298/1250 [01:01<03:17,  4.81it/s]
Epoch 3 - Training:  24%|██▍       | 299/1250 [01:02<03:17,  4.82it/s]
Epoch 3 - Training:  24%|██▍       | 300/1250 [01:02<03:16,  4.83it/s]
Epoch 3 - Training:  24%|██▍       | 301/1250 [01:02<03:17,  4.80it/s]
Epoch 3 - Training:  24%|██▍       | 302/1250 [01:02<03:17,  4.81it/s]
Epoch 3 - Training:  24%|██▍       | 303/1250 [01:02<03:16,  4.81it/s]
Epoch 3 - Training:  24%|██▍       | 304/1250 [01:03<03:16,  4.83it/s]
Epoch 3 - Training:  24%|██▍       | 305/1250 [01:03<03:15,  4.83it/s]
Epoch 3 - Training:  24%|██▍       | 306/1250 [01:03<03:16,  4.80it/s]
Epoch 3 - Training:  25%|██▍       | 307/1250 [01:03<03:16,  4.81it/s]
Epoch 3 - Training:  25%|██▍       | 308/1250 [01:03<03:15,  4.82it/s]
Epoch 3 - Training:  25%|██▍       | 309/1250 [01:04<03:15,  4.82it/s]
Epoch 3 - Training:  25%|██▍       | 310/1250 [01:04<03:14,  4.83it/s]
Epoch 3 - Training:  25%|██▍       | 311/1250 [01:04<03:15,  4.80it/s]
Epoch 3 - Training:  25%|██▍       | 312/1250 [01:04<03:15,  4.81it/s]
Epoch 3 - Training:  25%|██▌       | 313/1250 [01:04<03:14,  4.82it/s]
Epoch 3 - Training:  25%|██▌       | 314/1250 [01:05<03:14,  4.82it/s]
Epoch 3 - Training:  25%|██▌       | 315/1250 [01:05<03:13,  4.83it/s]
Epoch 3 - Training:  25%|██▌       | 316/1250 [01:05<03:14,  4.79it/s]
Epoch 3 - Training:  25%|██▌       | 317/1250 [01:05<03:14,  4.81it/s]
Epoch 3 - Training:  25%|██▌       | 318/1250 [01:06<03:13,  4.82it/s]
Epoch 3 - Training:  26%|██▌       | 319/1250 [01:06<03:13,  4.82it/s]
Epoch 3 - Training:  26%|██▌       | 320/1250 [01:06<03:12,  4.83it/s]
Epoch 3 - Training:  26%|██▌       | 321/1250 [01:06<03:13,  4.80it/s]
Epoch 3 - Training:  26%|██▌       | 322/1250 [01:06<03:12,  4.81it/s]
Epoch 3 - Training:  26%|██▌       | 323/1250 [01:07<03:12,  4.82it/s]
Epoch 3 - Training:  26%|██▌       | 324/1250 [01:07<03:11,  4.83it/s]
Epoch 3 - Training:  26%|██▌       | 325/1250 [01:07<03:11,  4.83it/s]
Epoch 3 - Training:  26%|██▌       | 326/1250 [01:07<03:12,  4.80it/s]
Epoch 3 - Training:  26%|██▌       | 327/1250 [01:07<03:11,  4.81it/s]
Epoch 3 - Training:  26%|██▌       | 328/1250 [01:08<03:11,  4.82it/s]
Epoch 3 - Training:  26%|██▋       | 329/1250 [01:08<03:10,  4.82it/s]
Epoch 3 - Training:  26%|██▋       | 330/1250 [01:08<03:10,  4.84it/s]
Epoch 3 - Training:  26%|██▋       | 331/1250 [01:08<03:11,  4.80it/s]
Epoch 3 - Training:  27%|██▋       | 332/1250 [01:08<03:10,  4.81it/s]
Epoch 3 - Training:  27%|██▋       | 333/1250 [01:09<03:10,  4.82it/s]
Epoch 3 - Training:  27%|██▋       | 334/1250 [01:09<03:10,  4.82it/s]
Epoch 3 - Training:  27%|██▋       | 335/1250 [01:09<03:09,  4.82it/s]
Epoch 3 - Training:  27%|██▋       | 336/1250 [01:09<03:10,  4.79it/s]
Epoch 3 - Training:  27%|██▋       | 337/1250 [01:09<03:10,  4.80it/s]
Epoch 3 - Training:  27%|██▋       | 338/1250 [01:10<03:09,  4.80it/s]
Epoch 3 - Training:  27%|██▋       | 339/1250 [01:10<03:09,  4.81it/s]
Epoch 3 - Training:  27%|██▋       | 340/1250 [01:10<03:08,  4.82it/s]
Epoch 3 - Training:  27%|██▋       | 341/1250 [01:10<03:09,  4.79it/s]
Epoch 3 - Training:  27%|██▋       | 342/1250 [01:11<03:08,  4.81it/s]
Epoch 3 - Training:  27%|██▋       | 343/1250 [01:11<03:08,  4.81it/s]
Epoch 3 - Training:  28%|██▊       | 344/1250 [01:11<03:07,  4.82it/s]
Epoch 3 - Training:  28%|██▊       | 345/1250 [01:11<03:07,  4.83it/s]
Epoch 3 - Training:  28%|██▊       | 346/1250 [01:11<03:08,  4.80it/s]
Epoch 3 - Training:  28%|██▊       | 347/1250 [01:12<03:07,  4.81it/s]
Epoch 3 - Training:  28%|██▊       | 348/1250 [01:12<03:07,  4.82it/s]
Epoch 3 - Training:  28%|██▊       | 349/1250 [01:12<03:06,  4.82it/s]
Epoch 3 - Training:  28%|██▊       | 350/1250 [01:12<03:06,  4.83it/s]
Epoch 3 - Training:  28%|██▊       | 351/1250 [01:12<03:07,  4.80it/s]
Epoch 3 - Training:  28%|██▊       | 352/1250 [01:13<03:06,  4.81it/s]
Epoch 3 - Training:  28%|██▊       | 353/1250 [01:13<03:06,  4.82it/s]
Epoch 3 - Training:  28%|██▊       | 354/1250 [01:13<03:05,  4.82it/s]
Epoch 3 - Training:  28%|██▊       | 355/1250 [01:13<03:05,  4.83it/s]
Epoch 3 - Training:  28%|██▊       | 356/1250 [01:13<03:06,  4.80it/s]
Epoch 3 - Training:  29%|██▊       | 357/1250 [01:14<03:05,  4.82it/s]
Epoch 3 - Training:  29%|██▊       | 358/1250 [01:14<03:04,  4.82it/s]
Epoch 3 - Training:  29%|██▊       | 359/1250 [01:14<03:04,  4.82it/s]
Epoch 3 - Training:  29%|██▉       | 360/1250 [01:14<03:04,  4.83it/s]
Epoch 3 - Training:  29%|██▉       | 361/1250 [01:14<03:05,  4.80it/s]
Epoch 3 - Training:  29%|██▉       | 362/1250 [01:15<03:04,  4.81it/s]
Epoch 3 - Training:  29%|██▉       | 363/1250 [01:15<03:04,  4.82it/s]
Epoch 3 - Training:  29%|██▉       | 364/1250 [01:15<03:03,  4.83it/s]
Epoch 3 - Training:  29%|██▉       | 365/1250 [01:15<03:03,  4.83it/s]
Epoch 3 - Training:  29%|██▉       | 366/1250 [01:16<03:04,  4.80it/s]
Epoch 3 - Training:  29%|██▉       | 367/1250 [01:16<03:03,  4.81it/s]
Epoch 3 - Training:  29%|██▉       | 368/1250 [01:16<03:02,  4.82it/s]
Epoch 3 - Training:  30%|██▉       | 369/1250 [01:16<03:02,  4.82it/s]
Epoch 3 - Training:  30%|██▉       | 370/1250 [01:16<03:02,  4.83it/s]
Epoch 3 - Training:  30%|██▉       | 371/1250 [01:17<03:03,  4.80it/s]
Epoch 3 - Training:  30%|██▉       | 372/1250 [01:17<03:02,  4.82it/s]
Epoch 3 - Training:  30%|██▉       | 373/1250 [01:17<03:01,  4.83it/s]
Epoch 3 - Training:  30%|██▉       | 374/1250 [01:17<03:01,  4.82it/s]
Epoch 3 - Training:  30%|███       | 375/1250 [01:17<03:01,  4.83it/s]
Epoch 3 - Training:  30%|███       | 376/1250 [01:18<03:02,  4.79it/s]
Epoch 3 - Training:  30%|███       | 377/1250 [01:18<03:01,  4.80it/s]
Epoch 3 - Training:  30%|███       | 378/1250 [01:18<03:01,  4.81it/s]
Epoch 3 - Training:  30%|███       | 379/1250 [01:18<03:00,  4.82it/s]
Epoch 3 - Training:  30%|███       | 380/1250 [01:18<03:00,  4.83it/s]
Epoch 3 - Training:  30%|███       | 381/1250 [01:19<03:00,  4.80it/s]
Epoch 3 - Training:  31%|███       | 382/1250 [01:19<03:00,  4.82it/s]
Epoch 3 - Training:  31%|███       | 383/1250 [01:19<02:59,  4.82it/s]
Epoch 3 - Training:  31%|███       | 384/1250 [01:19<02:59,  4.82it/s]
Epoch 3 - Training:  31%|███       | 385/1250 [01:19<02:59,  4.83it/s]
Epoch 3 - Training:  31%|███       | 386/1250 [01:20<03:00,  4.80it/s]
Epoch 3 - Training:  31%|███       | 387/1250 [01:20<02:59,  4.81it/s]
Epoch 3 - Training:  31%|███       | 388/1250 [01:20<02:59,  4.80it/s]
Epoch 3 - Training:  31%|███       | 389/1250 [01:20<02:58,  4.82it/s]
Epoch 3 - Training:  31%|███       | 390/1250 [01:20<02:58,  4.82it/s]
Epoch 3 - Training:  31%|███▏      | 391/1250 [01:21<02:59,  4.80it/s]
Epoch 3 - Training:  31%|███▏      | 392/1250 [01:21<02:58,  4.81it/s]
Epoch 3 - Training:  31%|███▏      | 393/1250 [01:21<02:57,  4.83it/s]
Epoch 3 - Training:  32%|███▏      | 394/1250 [01:21<02:57,  4.83it/s]
Epoch 3 - Training:  32%|███▏      | 395/1250 [01:22<02:57,  4.82it/s]
Epoch 3 - Training:  32%|███▏      | 396/1250 [01:22<02:58,  4.79it/s]
Epoch 3 - Training:  32%|███▏      | 397/1250 [01:22<02:57,  4.81it/s]
Epoch 3 - Training:  32%|███▏      | 398/1250 [01:22<02:56,  4.82it/s]
Epoch 3 - Training:  32%|███▏      | 399/1250 [01:22<02:56,  4.82it/s]
Epoch 3 - Training:  32%|███▏      | 400/1250 [01:23<02:56,  4.83it/s]
Epoch 3 - Training:  32%|███▏      | 401/1250 [01:23<02:57,  4.79it/s]
Epoch 3 - Training:  32%|███▏      | 402/1250 [01:23<02:56,  4.81it/s]
Epoch 3 - Training:  32%|███▏      | 403/1250 [01:23<02:56,  4.81it/s]
Epoch 3 - Training:  32%|███▏      | 404/1250 [01:23<02:55,  4.82it/s]
Epoch 3 - Training:  32%|███▏      | 405/1250 [01:24<02:55,  4.82it/s]
Epoch 3 - Training:  32%|███▏      | 406/1250 [01:24<02:55,  4.80it/s]
Epoch 3 - Training:  33%|███▎      | 407/1250 [01:24<02:55,  4.81it/s]
Epoch 3 - Training:  33%|███▎      | 408/1250 [01:24<02:54,  4.83it/s]
Epoch 3 - Training:  33%|███▎      | 409/1250 [01:24<02:54,  4.83it/s]
Epoch 3 - Training:  33%|███▎      | 410/1250 [01:25<02:53,  4.83it/s]
Epoch 3 - Training:  33%|███▎      | 411/1250 [01:25<02:54,  4.80it/s]
Epoch 3 - Training:  33%|███▎      | 412/1250 [01:25<02:53,  4.82it/s]
Epoch 3 - Training:  33%|███▎      | 413/1250 [01:25<02:53,  4.82it/s]
Epoch 3 - Training:  33%|███▎      | 414/1250 [01:25<02:53,  4.82it/s]
Epoch 3 - Training:  33%|███▎      | 415/1250 [01:26<02:52,  4.84it/s]
Epoch 3 - Training:  33%|███▎      | 416/1250 [01:26<02:53,  4.80it/s]
Epoch 3 - Training:  33%|███▎      | 417/1250 [01:26<02:53,  4.81it/s]
Epoch 3 - Training:  33%|███▎      | 418/1250 [01:26<02:52,  4.82it/s]
Epoch 3 - Training:  34%|███▎      | 419/1250 [01:27<02:52,  4.83it/s]
Epoch 3 - Training:  34%|███▎      | 420/1250 [01:27<02:51,  4.83it/s]
Epoch 3 - Training:  34%|███▎      | 421/1250 [01:27<02:52,  4.80it/s]
Epoch 3 - Training:  34%|███▍      | 422/1250 [01:27<02:52,  4.80it/s]
Epoch 3 - Training:  34%|███▍      | 423/1250 [01:27<02:51,  4.82it/s]
Epoch 3 - Training:  34%|███▍      | 424/1250 [01:28<02:51,  4.83it/s]
Epoch 3 - Training:  34%|███▍      | 425/1250 [01:28<02:50,  4.83it/s]
Epoch 3 - Training:  34%|███▍      | 426/1250 [01:28<02:51,  4.79it/s]
Epoch 3 - Training:  34%|███▍      | 427/1250 [01:28<02:51,  4.81it/s]
Epoch 3 - Training:  34%|███▍      | 428/1250 [01:28<02:50,  4.81it/s]
Epoch 3 - Training:  34%|███▍      | 429/1250 [01:29<02:50,  4.82it/s]
Epoch 3 - Training:  34%|███▍      | 430/1250 [01:29<02:50,  4.82it/s]
Epoch 3 - Training:  34%|███▍      | 431/1250 [01:29<02:50,  4.80it/s]
Epoch 3 - Training:  35%|███▍      | 432/1250 [01:29<02:49,  4.81it/s]
Epoch 3 - Training:  35%|███▍      | 433/1250 [01:29<02:49,  4.82it/s]
Epoch 3 - Training:  35%|███▍      | 434/1250 [01:30<02:49,  4.82it/s]
Epoch 3 - Training:  35%|███▍      | 435/1250 [01:30<02:48,  4.84it/s]
Epoch 3 - Training:  35%|███▍      | 436/1250 [01:30<02:49,  4.81it/s]
Epoch 3 - Training:  35%|███▍      | 437/1250 [01:30<02:48,  4.82it/s]
Epoch 3 - Training:  35%|███▌      | 438/1250 [01:30<02:48,  4.82it/s]
Epoch 3 - Training:  35%|███▌      | 439/1250 [01:31<02:47,  4.83it/s]
Epoch 3 - Training:  35%|███▌      | 440/1250 [01:31<02:47,  4.83it/s]
Epoch 3 - Training:  35%|███▌      | 441/1250 [01:31<02:48,  4.80it/s]
Epoch 3 - Training:  35%|███▌      | 442/1250 [01:31<02:47,  4.81it/s]
Epoch 3 - Training:  35%|███▌      | 443/1250 [01:31<02:47,  4.82it/s]
Epoch 3 - Training:  36%|███▌      | 444/1250 [01:32<02:47,  4.82it/s]
Epoch 3 - Training:  36%|███▌      | 445/1250 [01:32<02:46,  4.82it/s]
Epoch 3 - Training:  36%|███▌      | 446/1250 [01:32<02:47,  4.79it/s]
Epoch 3 - Training:  36%|███▌      | 447/1250 [01:32<02:47,  4.80it/s]
Epoch 3 - Training:  36%|███▌      | 448/1250 [01:33<02:46,  4.82it/s]
Epoch 3 - Training:  36%|███▌      | 449/1250 [01:33<02:46,  4.82it/s]
Epoch 3 - Training:  36%|███▌      | 450/1250 [01:33<02:45,  4.83it/s]
Epoch 3 - Training:  36%|███▌      | 451/1250 [01:33<02:46,  4.79it/s]
Epoch 3 - Training:  36%|███▌      | 452/1250 [01:33<02:46,  4.80it/s]
Epoch 3 - Training:  36%|███▌      | 453/1250 [01:34<02:45,  4.82it/s]
Epoch 3 - Training:  36%|███▋      | 454/1250 [01:34<02:45,  4.82it/s]
Epoch 3 - Training:  36%|███▋      | 455/1250 [01:34<02:44,  4.82it/s]
Epoch 3 - Training:  36%|███▋      | 456/1250 [01:34<02:45,  4.79it/s]
Epoch 3 - Training:  37%|███▋      | 457/1250 [01:34<02:45,  4.80it/s]
Epoch 3 - Training:  37%|███▋      | 458/1250 [01:35<02:44,  4.81it/s]
Epoch 3 - Training:  37%|███▋      | 459/1250 [01:35<02:44,  4.82it/s]
Epoch 3 - Training:  37%|███▋      | 460/1250 [01:35<02:43,  4.82it/s]
Epoch 3 - Training:  37%|███▋      | 461/1250 [01:35<02:44,  4.80it/s]
Epoch 3 - Training:  37%|███▋      | 462/1250 [01:35<02:43,  4.81it/s]
Epoch 3 - Training:  37%|███▋      | 463/1250 [01:36<02:43,  4.82it/s]
Epoch 3 - Training:  37%|███▋      | 464/1250 [01:36<02:42,  4.83it/s]
Epoch 3 - Training:  37%|███▋      | 465/1250 [01:36<02:42,  4.83it/s]
Epoch 3 - Training:  37%|███▋      | 466/1250 [01:36<02:43,  4.79it/s]
Epoch 3 - Training:  37%|███▋      | 467/1250 [01:36<02:42,  4.80it/s]
Epoch 3 - Training:  37%|███▋      | 468/1250 [01:37<02:42,  4.82it/s]
Epoch 3 - Training:  38%|███▊      | 469/1250 [01:37<02:41,  4.82it/s]
Epoch 3 - Training:  38%|███▊      | 470/1250 [01:37<02:41,  4.83it/s]
Epoch 3 - Training:  38%|███▊      | 471/1250 [01:37<02:42,  4.80it/s]
Epoch 3 - Training:  38%|███▊      | 472/1250 [01:38<02:41,  4.81it/s]
Epoch 3 - Training:  38%|███▊      | 473/1250 [01:38<02:41,  4.82it/s]
Epoch 3 - Training:  38%|███▊      | 474/1250 [01:38<02:40,  4.83it/s]
Epoch 3 - Training:  38%|███▊      | 475/1250 [01:38<02:40,  4.83it/s]
Epoch 3 - Training:  38%|███▊      | 476/1250 [01:38<02:41,  4.80it/s]
Epoch 3 - Training:  38%|███▊      | 477/1250 [01:39<02:40,  4.82it/s]
Epoch 3 - Training:  38%|███▊      | 478/1250 [01:39<02:40,  4.82it/s]
Epoch 3 - Training:  38%|███▊      | 479/1250 [01:39<02:39,  4.83it/s]
Epoch 3 - Training:  38%|███▊      | 480/1250 [01:39<02:39,  4.83it/s]
Epoch 3 - Training:  38%|███▊      | 481/1250 [01:39<02:40,  4.80it/s]
Epoch 3 - Training:  39%|███▊      | 482/1250 [01:40<02:39,  4.81it/s]
Epoch 3 - Training:  39%|███▊      | 483/1250 [01:40<02:39,  4.82it/s]
Epoch 3 - Training:  39%|███▊      | 484/1250 [01:40<02:38,  4.83it/s]
Epoch 3 - Training:  39%|███▉      | 485/1250 [01:40<02:38,  4.83it/s]
Epoch 3 - Training:  39%|███▉      | 486/1250 [01:40<02:39,  4.80it/s]
Epoch 3 - Training:  39%|███▉      | 487/1250 [01:41<02:38,  4.82it/s]
Epoch 3 - Training:  39%|███▉      | 488/1250 [01:41<02:37,  4.83it/s]
Epoch 3 - Training:  39%|███▉      | 489/1250 [01:41<02:37,  4.83it/s]
Epoch 3 - Training:  39%|███▉      | 490/1250 [01:41<02:37,  4.83it/s]
Epoch 3 - Training:  39%|███▉      | 491/1250 [01:41<02:38,  4.79it/s]
Epoch 3 - Training:  39%|███▉      | 492/1250 [01:42<02:37,  4.81it/s]
Epoch 3 - Training:  39%|███▉      | 493/1250 [01:42<02:37,  4.82it/s]
Epoch 3 - Training:  40%|███▉      | 494/1250 [01:42<02:36,  4.82it/s]
Epoch 3 - Training:  40%|███▉      | 495/1250 [01:42<02:36,  4.83it/s]
Epoch 3 - Training:  40%|███▉      | 496/1250 [01:42<02:37,  4.79it/s]
Epoch 3 - Training:  40%|███▉      | 497/1250 [01:43<02:36,  4.80it/s]
Epoch 3 - Training:  40%|███▉      | 498/1250 [01:43<02:35,  4.82it/s]
Epoch 3 - Training:  40%|███▉      | 499/1250 [01:43<02:35,  4.83it/s]
Epoch 3 - Training:  40%|████      | 500/1250 [01:43<02:35,  4.84it/s]
Epoch 3 - Training:  40%|████      | 501/1250 [01:44<02:35,  4.80it/s]
Epoch 3 - Training:  40%|████      | 502/1250 [01:44<02:35,  4.82it/s]
Epoch 3 - Training:  40%|████      | 503/1250 [01:44<02:34,  4.82it/s]
Epoch 3 - Training:  40%|████      | 504/1250 [01:44<02:34,  4.83it/s]
Epoch 3 - Training:  40%|████      | 505/1250 [01:44<02:34,  4.83it/s]
Epoch 3 - Training:  40%|████      | 506/1250 [01:45<02:34,  4.80it/s]
Epoch 3 - Training:  41%|████      | 507/1250 [01:45<02:34,  4.82it/s]
Epoch 3 - Training:  41%|████      | 508/1250 [01:45<02:33,  4.82it/s]
Epoch 3 - Training:  41%|████      | 509/1250 [01:45<02:33,  4.83it/s]
Epoch 3 - Training:  41%|████      | 510/1250 [01:45<02:33,  4.83it/s]
Epoch 3 - Training:  41%|████      | 511/1250 [01:46<02:33,  4.80it/s]
Epoch 3 - Training:  41%|████      | 512/1250 [01:46<02:33,  4.81it/s]
Epoch 3 - Training:  41%|████      | 513/1250 [01:46<02:32,  4.82it/s]
Epoch 3 - Training:  41%|████      | 514/1250 [01:46<02:32,  4.83it/s]
Epoch 3 - Training:  41%|████      | 515/1250 [01:46<02:32,  4.83it/s]
Epoch 3 - Training:  41%|████▏     | 516/1250 [01:47<02:33,  4.80it/s]
Epoch 3 - Training:  41%|████▏     | 517/1250 [01:47<02:32,  4.80it/s]
Epoch 3 - Training:  41%|████▏     | 518/1250 [01:47<02:32,  4.81it/s]
Epoch 3 - Training:  42%|████▏     | 519/1250 [01:47<02:31,  4.82it/s]
Epoch 3 - Training:  42%|████▏     | 520/1250 [01:47<02:31,  4.83it/s]
Epoch 3 - Training:  42%|████▏     | 521/1250 [01:48<02:32,  4.80it/s]
Epoch 3 - Training:  42%|████▏     | 522/1250 [01:48<02:31,  4.80it/s]
Epoch 3 - Training:  42%|████▏     | 523/1250 [01:48<02:30,  4.82it/s]
Epoch 3 - Training:  42%|████▏     | 524/1250 [01:48<02:30,  4.83it/s]
Epoch 3 - Training:  42%|████▏     | 525/1250 [01:49<02:30,  4.83it/s]
Epoch 3 - Training:  42%|████▏     | 526/1250 [01:49<02:30,  4.80it/s]
Epoch 3 - Training:  42%|████▏     | 527/1250 [01:49<02:30,  4.82it/s]
Epoch 3 - Training:  42%|████▏     | 528/1250 [01:49<02:29,  4.82it/s]
Epoch 3 - Training:  42%|████▏     | 529/1250 [01:49<02:29,  4.83it/s]
Epoch 3 - Training:  42%|████▏     | 530/1250 [01:50<02:29,  4.83it/s]
Epoch 3 - Training:  42%|████▏     | 531/1250 [01:50<02:29,  4.80it/s]
Epoch 3 - Training:  43%|████▎     | 532/1250 [01:50<02:29,  4.82it/s]
Epoch 3 - Training:  43%|████▎     | 533/1250 [01:50<02:28,  4.82it/s]
Epoch 3 - Training:  43%|████▎     | 534/1250 [01:50<02:28,  4.83it/s]
Epoch 3 - Training:  43%|████▎     | 535/1250 [01:51<02:28,  4.83it/s]
Epoch 3 - Training:  43%|████▎     | 536/1250 [01:51<02:28,  4.80it/s]
Epoch 3 - Training:  43%|████▎     | 537/1250 [01:51<02:28,  4.81it/s]
Epoch 3 - Training:  43%|████▎     | 538/1250 [01:51<02:27,  4.82it/s]
Epoch 3 - Training:  43%|████▎     | 539/1250 [01:51<02:27,  4.82it/s]
Epoch 3 - Training:  43%|████▎     | 540/1250 [01:52<02:27,  4.82it/s]
Epoch 3 - Training:  43%|████▎     | 541/1250 [01:52<02:27,  4.79it/s]
Epoch 3 - Training:  43%|████▎     | 542/1250 [01:52<02:27,  4.81it/s]
Epoch 3 - Training:  43%|████▎     | 543/1250 [01:52<02:26,  4.82it/s]
Epoch 3 - Training:  44%|████▎     | 544/1250 [01:52<02:26,  4.83it/s]
Epoch 3 - Training:  44%|████▎     | 545/1250 [01:53<02:25,  4.84it/s]
Epoch 3 - Training:  44%|████▎     | 546/1250 [01:53<02:26,  4.80it/s]
Epoch 3 - Training:  44%|████▍     | 547/1250 [01:53<02:26,  4.81it/s]
Epoch 3 - Training:  44%|████▍     | 548/1250 [01:53<02:25,  4.82it/s]
Epoch 3 - Training:  44%|████▍     | 549/1250 [01:53<02:25,  4.82it/s]
Epoch 3 - Training:  44%|████▍     | 550/1250 [01:54<02:24,  4.83it/s]
Epoch 3 - Training:  44%|████▍     | 551/1250 [01:54<02:25,  4.80it/s]
Epoch 3 - Training:  44%|████▍     | 552/1250 [01:54<02:25,  4.81it/s]
Epoch 3 - Training:  44%|████▍     | 553/1250 [01:54<02:24,  4.82it/s]
Epoch 3 - Training:  44%|████▍     | 554/1250 [01:55<02:24,  4.83it/s]
Epoch 3 - Training:  44%|████▍     | 555/1250 [01:55<02:23,  4.83it/s]
Epoch 3 - Training:  44%|████▍     | 556/1250 [01:55<02:24,  4.80it/s]
Epoch 3 - Training:  45%|████▍     | 557/1250 [01:55<02:23,  4.81it/s]
Epoch 3 - Training:  45%|████▍     | 558/1250 [01:55<02:23,  4.82it/s]
Epoch 3 - Training:  45%|████▍     | 559/1250 [01:56<02:23,  4.83it/s]
Epoch 3 - Training:  45%|████▍     | 560/1250 [01:56<02:22,  4.83it/s]
Epoch 3 - Training:  45%|████▍     | 561/1250 [01:56<02:23,  4.80it/s]
Epoch 3 - Training:  45%|████▍     | 562/1250 [01:56<02:22,  4.82it/s]
Epoch 3 - Training:  45%|████▌     | 563/1250 [01:56<02:22,  4.82it/s]
Epoch 3 - Training:  45%|████▌     | 564/1250 [01:57<02:22,  4.82it/s]
Epoch 3 - Training:  45%|████▌     | 565/1250 [01:57<02:22,  4.82it/s]
Epoch 3 - Training:  45%|████▌     | 566/1250 [01:57<02:22,  4.79it/s]
Epoch 3 - Training:  45%|████▌     | 567/1250 [01:57<02:22,  4.80it/s]
Epoch 3 - Training:  45%|████▌     | 568/1250 [01:57<02:21,  4.82it/s]
Epoch 3 - Training:  46%|████▌     | 569/1250 [01:58<02:21,  4.82it/s]
Epoch 3 - Training:  46%|████▌     | 570/1250 [01:58<02:20,  4.83it/s]
Epoch 3 - Training:  46%|████▌     | 571/1250 [01:58<02:21,  4.79it/s]
Epoch 3 - Training:  46%|████▌     | 572/1250 [01:58<02:21,  4.80it/s]
Epoch 3 - Training:  46%|████▌     | 573/1250 [01:58<02:20,  4.82it/s]
Epoch 3 - Training:  46%|████▌     | 574/1250 [01:59<02:20,  4.82it/s]
Epoch 3 - Training:  46%|████▌     | 575/1250 [01:59<02:19,  4.82it/s]
Epoch 3 - Training:  46%|████▌     | 576/1250 [01:59<02:20,  4.79it/s]
Epoch 3 - Training:  46%|████▌     | 577/1250 [01:59<02:19,  4.81it/s]
Epoch 3 - Training:  46%|████▌     | 578/1250 [02:00<02:19,  4.82it/s]
Epoch 3 - Training:  46%|████▋     | 579/1250 [02:00<02:19,  4.82it/s]
Epoch 3 - Training:  46%|████▋     | 580/1250 [02:00<02:19,  4.82it/s]
Epoch 3 - Training:  46%|████▋     | 581/1250 [02:00<02:19,  4.79it/s]
Epoch 3 - Training:  47%|████▋     | 582/1250 [02:00<02:18,  4.82it/s]
Epoch 3 - Training:  47%|████▋     | 583/1250 [02:01<02:18,  4.82it/s]
Epoch 3 - Training:  47%|████▋     | 584/1250 [02:01<02:17,  4.83it/s]
Epoch 3 - Training:  47%|████▋     | 585/1250 [02:01<02:17,  4.82it/s]
Epoch 3 - Training:  47%|████▋     | 586/1250 [02:01<02:18,  4.80it/s]
Epoch 3 - Training:  47%|████▋     | 587/1250 [02:01<02:17,  4.81it/s]
Epoch 3 - Training:  47%|████▋     | 588/1250 [02:02<02:17,  4.82it/s]
Epoch 3 - Training:  47%|████▋     | 589/1250 [02:02<02:17,  4.82it/s]
Epoch 3 - Training:  47%|████▋     | 590/1250 [02:02<02:16,  4.84it/s]
Epoch 3 - Training:  47%|████▋     | 591/1250 [02:02<02:17,  4.80it/s]
Epoch 3 - Training:  47%|████▋     | 592/1250 [02:02<02:16,  4.81it/s]
Epoch 3 - Training:  47%|████▋     | 593/1250 [02:03<02:16,  4.82it/s]
Epoch 3 - Training:  48%|████▊     | 594/1250 [02:03<02:15,  4.82it/s]
Epoch 3 - Training:  48%|████▊     | 595/1250 [02:03<02:15,  4.83it/s]
Epoch 3 - Training:  48%|████▊     | 596/1250 [02:03<02:16,  4.81it/s]
Epoch 3 - Training:  48%|████▊     | 597/1250 [02:03<02:15,  4.82it/s]
Epoch 3 - Training:  48%|████▊     | 598/1250 [02:04<02:15,  4.82it/s]
Epoch 3 - Training:  48%|████▊     | 599/1250 [02:04<02:14,  4.83it/s]
Epoch 3 - Training:  48%|████▊     | 600/1250 [02:04<02:14,  4.84it/s]
Epoch 3 - Training:  48%|████▊     | 601/1250 [02:04<02:15,  4.80it/s]
Epoch 3 - Training:  48%|████▊     | 602/1250 [02:05<02:14,  4.81it/s]
Epoch 3 - Training:  48%|████▊     | 603/1250 [02:05<02:14,  4.82it/s]
Epoch 3 - Training:  48%|████▊     | 604/1250 [02:05<02:13,  4.83it/s]
Epoch 3 - Training:  48%|████▊     | 605/1250 [02:05<02:13,  4.83it/s]
Epoch 3 - Training:  48%|████▊     | 606/1250 [02:05<02:14,  4.80it/s]
Epoch 3 - Training:  49%|████▊     | 607/1250 [02:06<02:13,  4.81it/s]
Epoch 3 - Training:  49%|████▊     | 608/1250 [02:06<02:13,  4.82it/s]
Epoch 3 - Training:  49%|████▊     | 609/1250 [02:06<02:13,  4.82it/s]
Epoch 3 - Training:  49%|████▉     | 610/1250 [02:06<02:12,  4.83it/s]
Epoch 3 - Training:  49%|████▉     | 611/1250 [02:06<02:13,  4.79it/s]
Epoch 3 - Training:  49%|████▉     | 612/1250 [02:07<02:12,  4.81it/s]
Epoch 3 - Training:  49%|████▉     | 613/1250 [02:07<02:12,  4.82it/s]
Epoch 3 - Training:  49%|████▉     | 614/1250 [02:07<02:11,  4.82it/s]
Epoch 3 - Training:  49%|████▉     | 615/1250 [02:07<02:11,  4.83it/s]
Epoch 3 - Training:  49%|████▉     | 616/1250 [02:07<02:12,  4.80it/s]
Epoch 3 - Training:  49%|████▉     | 617/1250 [02:08<02:11,  4.82it/s]
Epoch 3 - Training:  49%|████▉     | 618/1250 [02:08<02:11,  4.82it/s]
Epoch 3 - Training:  50%|████▉     | 619/1250 [02:08<02:10,  4.83it/s]
Epoch 3 - Training:  50%|████▉     | 620/1250 [02:08<02:10,  4.83it/s]
Epoch 3 - Training:  50%|████▉     | 621/1250 [02:08<02:11,  4.80it/s]
Epoch 3 - Training:  50%|████▉     | 622/1250 [02:09<02:10,  4.81it/s]
Epoch 3 - Training:  50%|████▉     | 623/1250 [02:09<02:10,  4.82it/s]
Epoch 3 - Training:  50%|████▉     | 624/1250 [02:09<02:09,  4.82it/s]
Epoch 3 - Training:  50%|█████     | 625/1250 [02:09<02:09,  4.83it/s]
Epoch 3 - Training:  50%|█████     | 626/1250 [02:09<02:10,  4.79it/s]
Epoch 3 - Training:  50%|█████     | 627/1250 [02:10<02:09,  4.80it/s]
Epoch 3 - Training:  50%|█████     | 628/1250 [02:10<02:09,  4.82it/s]
Epoch 3 - Training:  50%|█████     | 629/1250 [02:10<02:08,  4.82it/s]
Epoch 3 - Training:  50%|█████     | 630/1250 [02:10<02:08,  4.83it/s]
Epoch 3 - Training:  50%|█████     | 631/1250 [02:11<02:09,  4.79it/s]
Epoch 3 - Training:  51%|█████     | 632/1250 [02:11<02:08,  4.80it/s]
Epoch 3 - Training:  51%|█████     | 633/1250 [02:11<02:08,  4.82it/s]
Epoch 3 - Training:  51%|█████     | 634/1250 [02:11<02:07,  4.82it/s]
Epoch 3 - Training:  51%|█████     | 635/1250 [02:11<02:07,  4.83it/s]
Epoch 3 - Training:  51%|█████     | 636/1250 [02:12<02:08,  4.80it/s]
Epoch 3 - Training:  51%|█████     | 637/1250 [02:12<02:07,  4.82it/s]
Epoch 3 - Training:  51%|█████     | 638/1250 [02:12<02:06,  4.82it/s]
Epoch 3 - Training:  51%|█████     | 639/1250 [02:12<02:06,  4.83it/s]
Epoch 3 - Training:  51%|█████     | 640/1250 [02:12<02:06,  4.83it/s]
Epoch 3 - Training:  51%|█████▏    | 641/1250 [02:13<02:06,  4.80it/s]
Epoch 3 - Training:  51%|█████▏    | 642/1250 [02:13<02:06,  4.81it/s]
Epoch 3 - Training:  51%|█████▏    | 643/1250 [02:13<02:05,  4.82it/s]
Epoch 3 - Training:  52%|█████▏    | 644/1250 [02:13<02:05,  4.82it/s]
Epoch 3 - Training:  52%|█████▏    | 645/1250 [02:13<02:05,  4.83it/s]
Epoch 3 - Training:  52%|█████▏    | 646/1250 [02:14<02:05,  4.79it/s]
Epoch 3 - Training:  52%|█████▏    | 647/1250 [02:14<02:05,  4.81it/s]
Epoch 3 - Training:  52%|█████▏    | 648/1250 [02:14<02:05,  4.82it/s]
Epoch 3 - Training:  52%|█████▏    | 649/1250 [02:14<02:04,  4.82it/s]
Epoch 3 - Training:  52%|█████▏    | 650/1250 [02:14<02:04,  4.83it/s]
Epoch 3 - Training:  52%|█████▏    | 651/1250 [02:15<02:04,  4.80it/s]
Epoch 3 - Training:  52%|█████▏    | 652/1250 [02:15<02:04,  4.81it/s]
Epoch 3 - Training:  52%|█████▏    | 653/1250 [02:15<02:03,  4.82it/s]
Epoch 3 - Training:  52%|█████▏    | 654/1250 [02:15<02:03,  4.83it/s]
Epoch 3 - Training:  52%|█████▏    | 655/1250 [02:16<02:03,  4.83it/s]
Epoch 3 - Training:  52%|█████▏    | 656/1250 [02:16<02:03,  4.80it/s]
Epoch 3 - Training:  53%|█████▎    | 657/1250 [02:16<02:02,  4.82it/s]
Epoch 3 - Training:  53%|█████▎    | 658/1250 [02:16<02:02,  4.83it/s]
Epoch 3 - Training:  53%|█████▎    | 659/1250 [02:16<02:02,  4.83it/s]
Epoch 3 - Training:  53%|█████▎    | 660/1250 [02:17<02:02,  4.84it/s]
Epoch 3 - Training:  53%|█████▎    | 661/1250 [02:17<02:02,  4.80it/s]
Epoch 3 - Training:  53%|█████▎    | 662/1250 [02:17<02:02,  4.81it/s]
Epoch 3 - Training:  53%|█████▎    | 663/1250 [02:17<02:01,  4.83it/s]
Epoch 3 - Training:  53%|█████▎    | 664/1250 [02:17<02:01,  4.82it/s]
Epoch 3 - Training:  53%|█████▎    | 665/1250 [02:18<02:01,  4.83it/s]
Epoch 3 - Training:  53%|█████▎    | 666/1250 [02:18<02:01,  4.80it/s]
Epoch 3 - Training:  53%|█████▎    | 667/1250 [02:18<02:01,  4.81it/s]
Epoch 3 - Training:  53%|█████▎    | 668/1250 [02:18<02:00,  4.82it/s]
Epoch 3 - Training:  54%|█████▎    | 669/1250 [02:18<02:00,  4.83it/s]
Epoch 3 - Training:  54%|█████▎    | 670/1250 [02:19<02:00,  4.82it/s]
Epoch 3 - Training:  54%|█████▎    | 671/1250 [02:19<02:00,  4.80it/s]
Epoch 3 - Training:  54%|█████▍    | 672/1250 [02:19<02:00,  4.82it/s]
Epoch 3 - Training:  54%|█████▍    | 673/1250 [02:19<01:59,  4.82it/s]
Epoch 3 - Training:  54%|█████▍    | 674/1250 [02:19<01:59,  4.83it/s]
Epoch 3 - Training:  54%|█████▍    | 675/1250 [02:20<01:59,  4.83it/s]
Epoch 3 - Training:  54%|█████▍    | 676/1250 [02:20<01:59,  4.79it/s]
Epoch 3 - Training:  54%|█████▍    | 677/1250 [02:20<01:59,  4.80it/s]
Epoch 3 - Training:  54%|█████▍    | 678/1250 [02:20<01:58,  4.82it/s]
Epoch 3 - Training:  54%|█████▍    | 679/1250 [02:20<01:58,  4.82it/s]
Epoch 3 - Training:  54%|█████▍    | 680/1250 [02:21<01:57,  4.83it/s]
Epoch 3 - Training:  54%|█████▍    | 681/1250 [02:21<01:58,  4.80it/s]
Epoch 3 - Training:  55%|█████▍    | 682/1250 [02:21<01:57,  4.82it/s]
Epoch 3 - Training:  55%|█████▍    | 683/1250 [02:21<01:57,  4.82it/s]
Epoch 3 - Training:  55%|█████▍    | 684/1250 [02:22<01:57,  4.83it/s]
Epoch 3 - Training:  55%|█████▍    | 685/1250 [02:22<01:56,  4.83it/s]
Epoch 3 - Training:  55%|█████▍    | 686/1250 [02:22<01:57,  4.80it/s]
Epoch 3 - Training:  55%|█████▍    | 687/1250 [02:22<01:57,  4.81it/s]
Epoch 3 - Training:  55%|█████▌    | 688/1250 [02:22<01:56,  4.83it/s]
Epoch 3 - Training:  55%|█████▌    | 689/1250 [02:23<01:56,  4.83it/s]
Epoch 3 - Training:  55%|█████▌    | 690/1250 [02:23<01:55,  4.83it/s]
Epoch 3 - Training:  55%|█████▌    | 691/1250 [02:23<01:56,  4.80it/s]
Epoch 3 - Training:  55%|█████▌    | 692/1250 [02:23<01:55,  4.82it/s]
Epoch 3 - Training:  55%|█████▌    | 693/1250 [02:23<01:55,  4.83it/s]
Epoch 3 - Training:  56%|█████▌    | 694/1250 [02:24<01:55,  4.83it/s]
Epoch 3 - Training:  56%|█████▌    | 695/1250 [02:24<01:54,  4.83it/s]
Epoch 3 - Training:  56%|█████▌    | 696/1250 [02:24<01:55,  4.80it/s]
Epoch 3 - Training:  56%|█████▌    | 697/1250 [02:24<01:54,  4.81it/s]
Epoch 3 - Training:  56%|█████▌    | 698/1250 [02:24<01:54,  4.82it/s]
Epoch 3 - Training:  56%|█████▌    | 699/1250 [02:25<01:54,  4.83it/s]
Epoch 3 - Training:  56%|█████▌    | 700/1250 [02:25<01:53,  4.82it/s]
Epoch 3 - Training:  56%|█████▌    | 701/1250 [02:25<01:54,  4.80it/s]
Epoch 3 - Training:  56%|█████▌    | 702/1250 [02:25<01:53,  4.81it/s]
Epoch 3 - Training:  56%|█████▌    | 703/1250 [02:25<01:53,  4.83it/s]
Epoch 3 - Training:  56%|█████▋    | 704/1250 [02:26<01:53,  4.82it/s]
Epoch 3 - Training:  56%|█████▋    | 705/1250 [02:26<01:52,  4.83it/s]
Epoch 3 - Training:  56%|█████▋    | 706/1250 [02:26<01:53,  4.80it/s]
Epoch 3 - Training:  57%|█████▋    | 707/1250 [02:26<01:52,  4.82it/s]
Epoch 3 - Training:  57%|█████▋    | 708/1250 [02:27<01:52,  4.83it/s]
Epoch 3 - Training:  57%|█████▋    | 709/1250 [02:27<01:51,  4.83it/s]
Epoch 3 - Training:  57%|█████▋    | 710/1250 [02:27<01:51,  4.83it/s]
Epoch 3 - Training:  57%|█████▋    | 711/1250 [02:27<01:52,  4.81it/s]
Epoch 3 - Training:  57%|█████▋    | 712/1250 [02:27<01:51,  4.82it/s]
Epoch 3 - Training:  57%|█████▋    | 713/1250 [02:28<01:51,  4.83it/s]
Epoch 3 - Training:  57%|█████▋    | 714/1250 [02:28<01:51,  4.82it/s]
Epoch 3 - Training:  57%|█████▋    | 715/1250 [02:28<01:50,  4.83it/s]
Epoch 3 - Training:  57%|█████▋    | 716/1250 [02:28<01:51,  4.81it/s]
Epoch 3 - Training:  57%|█████▋    | 717/1250 [02:28<01:50,  4.82it/s]
Epoch 3 - Training:  57%|█████▋    | 718/1250 [02:29<01:50,  4.83it/s]
Epoch 3 - Training:  58%|█████▊    | 719/1250 [02:29<01:50,  4.83it/s]
Epoch 3 - Training:  58%|█████▊    | 720/1250 [02:29<01:49,  4.83it/s]
Epoch 3 - Training:  58%|█████▊    | 721/1250 [02:29<01:50,  4.80it/s]
Epoch 3 - Training:  58%|█████▊    | 722/1250 [02:29<01:49,  4.81it/s]
Epoch 3 - Training:  58%|█████▊    | 723/1250 [02:30<01:49,  4.82it/s]
Epoch 3 - Training:  58%|█████▊    | 724/1250 [02:30<01:49,  4.83it/s]
Epoch 3 - Training:  58%|█████▊    | 725/1250 [02:30<01:48,  4.83it/s]
Epoch 3 - Training:  58%|█████▊    | 726/1250 [02:30<01:49,  4.80it/s]
Epoch 3 - Training:  58%|█████▊    | 727/1250 [02:30<01:48,  4.81it/s]
Epoch 3 - Training:  58%|█████▊    | 728/1250 [02:31<01:48,  4.82it/s]
Epoch 3 - Training:  58%|█████▊    | 729/1250 [02:31<01:47,  4.83it/s]
Epoch 3 - Training:  58%|█████▊    | 730/1250 [02:31<01:47,  4.83it/s]
Epoch 3 - Training:  58%|█████▊    | 731/1250 [02:31<01:47,  4.81it/s]
Epoch 3 - Training:  59%|█████▊    | 732/1250 [02:31<01:47,  4.81it/s]
Epoch 3 - Training:  59%|█████▊    | 733/1250 [02:32<01:47,  4.83it/s]
Epoch 3 - Training:  59%|█████▊    | 734/1250 [02:32<01:46,  4.83it/s]
Epoch 3 - Training:  59%|█████▉    | 735/1250 [02:32<01:46,  4.83it/s]
Epoch 3 - Training:  59%|█████▉    | 736/1250 [02:32<01:47,  4.80it/s]
Epoch 3 - Training:  59%|█████▉    | 737/1250 [02:33<01:46,  4.81it/s]
Epoch 3 - Training:  59%|█████▉    | 738/1250 [02:33<01:46,  4.82it/s]
Epoch 3 - Training:  59%|█████▉    | 739/1250 [02:33<01:46,  4.82it/s]
Epoch 3 - Training:  59%|█████▉    | 740/1250 [02:33<01:45,  4.82it/s]
Epoch 3 - Training:  59%|█████▉    | 741/1250 [02:33<01:46,  4.79it/s]
Epoch 3 - Training:  59%|█████▉    | 742/1250 [02:34<01:45,  4.80it/s]
Epoch 3 - Training:  59%|█████▉    | 743/1250 [02:34<01:45,  4.82it/s]
Epoch 3 - Training:  60%|█████▉    | 744/1250 [02:34<01:45,  4.82it/s]
Epoch 3 - Training:  60%|█████▉    | 745/1250 [02:34<01:44,  4.82it/s]
Epoch 3 - Training:  60%|█████▉    | 746/1250 [02:34<01:45,  4.80it/s]
Epoch 3 - Training:  60%|█████▉    | 747/1250 [02:35<01:44,  4.82it/s]
Epoch 3 - Training:  60%|█████▉    | 748/1250 [02:35<01:44,  4.82it/s]
Epoch 3 - Training:  60%|█████▉    | 749/1250 [02:35<01:43,  4.83it/s]
Epoch 3 - Training:  60%|██████    | 750/1250 [02:35<01:43,  4.83it/s]
Epoch 3 - Training:  60%|██████    | 751/1250 [02:35<01:44,  4.79it/s]
Epoch 3 - Training:  60%|██████    | 752/1250 [02:36<01:43,  4.80it/s]
Epoch 3 - Training:  60%|██████    | 753/1250 [02:36<01:43,  4.82it/s]
Epoch 3 - Training:  60%|██████    | 754/1250 [02:36<01:42,  4.82it/s]
Epoch 3 - Training:  60%|██████    | 755/1250 [02:36<01:42,  4.83it/s]
Epoch 3 - Training:  60%|██████    | 756/1250 [02:36<01:43,  4.79it/s]
Epoch 3 - Training:  61%|██████    | 757/1250 [02:37<01:42,  4.81it/s]
Epoch 3 - Training:  61%|██████    | 758/1250 [02:37<01:42,  4.81it/s]
Epoch 3 - Training:  61%|██████    | 759/1250 [02:37<01:41,  4.82it/s]
Epoch 3 - Training:  61%|██████    | 760/1250 [02:37<01:41,  4.82it/s]
Epoch 3 - Training:  61%|██████    | 761/1250 [02:38<01:42,  4.79it/s]
Epoch 3 - Training:  61%|██████    | 762/1250 [02:38<01:41,  4.81it/s]
Epoch 3 - Training:  61%|██████    | 763/1250 [02:38<01:40,  4.82it/s]
Epoch 3 - Training:  61%|██████    | 764/1250 [02:38<01:40,  4.82it/s]
Epoch 3 - Training:  61%|██████    | 765/1250 [02:38<01:40,  4.83it/s]
Epoch 3 - Training:  61%|██████▏   | 766/1250 [02:39<01:40,  4.80it/s]
Epoch 3 - Training:  61%|██████▏   | 767/1250 [02:39<01:40,  4.82it/s]
Epoch 3 - Training:  61%|██████▏   | 768/1250 [02:39<01:39,  4.82it/s]
Epoch 3 - Training:  62%|██████▏   | 769/1250 [02:39<01:39,  4.83it/s]
Epoch 3 - Training:  62%|██████▏   | 770/1250 [02:39<01:39,  4.83it/s]
Epoch 3 - Training:  62%|██████▏   | 771/1250 [02:40<01:39,  4.80it/s]
Epoch 3 - Training:  62%|██████▏   | 772/1250 [02:40<01:39,  4.81it/s]
Epoch 3 - Training:  62%|██████▏   | 773/1250 [02:40<01:38,  4.82it/s]
Epoch 3 - Training:  62%|██████▏   | 774/1250 [02:40<01:38,  4.83it/s]
Epoch 3 - Training:  62%|██████▏   | 775/1250 [02:40<01:38,  4.83it/s]
Epoch 3 - Training:  62%|██████▏   | 776/1250 [02:41<01:38,  4.80it/s]
Epoch 3 - Training:  62%|██████▏   | 777/1250 [02:41<01:38,  4.80it/s]
Epoch 3 - Training:  62%|██████▏   | 778/1250 [02:41<01:37,  4.82it/s]
Epoch 3 - Training:  62%|██████▏   | 779/1250 [02:41<01:37,  4.82it/s]
Epoch 3 - Training:  62%|██████▏   | 780/1250 [02:41<01:37,  4.83it/s]
Epoch 3 - Training:  62%|██████▏   | 781/1250 [02:42<01:37,  4.80it/s]
Epoch 3 - Training:  63%|██████▎   | 782/1250 [02:42<01:37,  4.81it/s]
Epoch 3 - Training:  63%|██████▎   | 783/1250 [02:42<01:36,  4.82it/s]
Epoch 3 - Training:  63%|██████▎   | 784/1250 [02:42<01:36,  4.82it/s]
Epoch 3 - Training:  63%|██████▎   | 785/1250 [02:42<01:36,  4.82it/s]
Epoch 3 - Training:  63%|██████▎   | 786/1250 [02:43<01:36,  4.80it/s]
Epoch 3 - Training:  63%|██████▎   | 787/1250 [02:43<01:36,  4.82it/s]
Epoch 3 - Training:  63%|██████▎   | 788/1250 [02:43<01:35,  4.81it/s]
Epoch 3 - Training:  63%|██████▎   | 789/1250 [02:43<01:35,  4.83it/s]
Epoch 3 - Training:  63%|██████▎   | 790/1250 [02:44<01:35,  4.83it/s]
Epoch 3 - Training:  63%|██████▎   | 791/1250 [02:44<01:35,  4.80it/s]
Epoch 3 - Training:  63%|██████▎   | 792/1250 [02:44<01:35,  4.81it/s]
Epoch 3 - Training:  63%|██████▎   | 793/1250 [02:44<01:34,  4.83it/s]
Epoch 3 - Training:  64%|██████▎   | 794/1250 [02:44<01:34,  4.83it/s]
Epoch 3 - Training:  64%|██████▎   | 795/1250 [02:45<01:34,  4.84it/s]
Epoch 3 - Training:  64%|██████▎   | 796/1250 [02:45<01:34,  4.80it/s]
Epoch 3 - Training:  64%|██████▍   | 797/1250 [02:45<01:33,  4.82it/s]
Epoch 3 - Training:  64%|██████▍   | 798/1250 [02:45<01:33,  4.82it/s]
Epoch 3 - Training:  64%|██████▍   | 799/1250 [02:45<01:33,  4.83it/s]
Epoch 3 - Training:  64%|██████▍   | 800/1250 [02:46<01:33,  4.83it/s]
Epoch 3 - Training:  64%|██████▍   | 801/1250 [02:46<01:33,  4.80it/s]
Epoch 3 - Training:  64%|██████▍   | 802/1250 [02:46<01:32,  4.82it/s]
Epoch 3 - Training:  64%|██████▍   | 803/1250 [02:46<01:32,  4.83it/s]
Epoch 3 - Training:  64%|██████▍   | 804/1250 [02:46<01:32,  4.83it/s]
Epoch 3 - Training:  64%|██████▍   | 805/1250 [02:47<01:32,  4.84it/s]
Epoch 3 - Training:  64%|██████▍   | 806/1250 [02:47<01:32,  4.80it/s]
Epoch 3 - Training:  65%|██████▍   | 807/1250 [02:47<01:31,  4.82it/s]
Epoch 3 - Training:  65%|██████▍   | 808/1250 [02:47<01:31,  4.83it/s]
Epoch 3 - Training:  65%|██████▍   | 809/1250 [02:47<01:31,  4.83it/s]
Epoch 3 - Training:  65%|██████▍   | 810/1250 [02:48<01:31,  4.83it/s]
Epoch 3 - Training:  65%|██████▍   | 811/1250 [02:48<01:31,  4.80it/s]
Epoch 3 - Training:  65%|██████▍   | 812/1250 [02:48<01:30,  4.82it/s]
Epoch 3 - Training:  65%|██████▌   | 813/1250 [02:48<01:30,  4.82it/s]
Epoch 3 - Training:  65%|██████▌   | 814/1250 [02:49<01:30,  4.83it/s]
Epoch 3 - Training:  65%|██████▌   | 815/1250 [02:49<01:30,  4.83it/s]
Epoch 3 - Training:  65%|██████▌   | 816/1250 [02:49<01:30,  4.80it/s]
Epoch 3 - Training:  65%|██████▌   | 817/1250 [02:49<01:30,  4.81it/s]
Epoch 3 - Training:  65%|██████▌   | 818/1250 [02:49<01:29,  4.82it/s]
Epoch 3 - Training:  66%|██████▌   | 819/1250 [02:50<01:29,  4.82it/s]
Epoch 3 - Training:  66%|██████▌   | 820/1250 [02:50<01:29,  4.83it/s]
Epoch 3 - Training:  66%|██████▌   | 821/1250 [02:50<01:29,  4.79it/s]
Epoch 3 - Training:  66%|██████▌   | 822/1250 [02:50<01:29,  4.80it/s]
Epoch 3 - Training:  66%|██████▌   | 823/1250 [02:50<01:28,  4.82it/s]
Epoch 3 - Training:  66%|██████▌   | 824/1250 [02:51<01:28,  4.83it/s]
Epoch 3 - Training:  66%|██████▌   | 825/1250 [02:51<01:27,  4.83it/s]
Epoch 3 - Training:  66%|██████▌   | 826/1250 [02:51<01:28,  4.80it/s]
Epoch 3 - Training:  66%|██████▌   | 827/1250 [02:51<01:27,  4.81it/s]
Epoch 3 - Training:  66%|██████▌   | 828/1250 [02:51<01:27,  4.82it/s]
Epoch 3 - Training:  66%|██████▋   | 829/1250 [02:52<01:27,  4.83it/s]
Epoch 3 - Training:  66%|██████▋   | 830/1250 [02:52<01:27,  4.82it/s]
Epoch 3 - Training:  66%|██████▋   | 831/1250 [02:52<01:27,  4.80it/s]
Epoch 3 - Training:  67%|██████▋   | 832/1250 [02:52<01:26,  4.82it/s]
Epoch 3 - Training:  67%|██████▋   | 833/1250 [02:52<01:26,  4.82it/s]
Epoch 3 - Training:  67%|██████▋   | 834/1250 [02:53<01:26,  4.83it/s]
Epoch 3 - Training:  67%|██████▋   | 835/1250 [02:53<01:25,  4.83it/s]
Epoch 3 - Training:  67%|██████▋   | 836/1250 [02:53<01:26,  4.79it/s]
Epoch 3 - Training:  67%|██████▋   | 837/1250 [02:53<01:25,  4.81it/s]
Epoch 3 - Training:  67%|██████▋   | 838/1250 [02:53<01:25,  4.82it/s]
Epoch 3 - Training:  67%|██████▋   | 839/1250 [02:54<01:25,  4.82it/s]
Epoch 3 - Training:  67%|██████▋   | 840/1250 [02:54<01:24,  4.83it/s]
Epoch 3 - Training:  67%|██████▋   | 841/1250 [02:54<01:25,  4.80it/s]
Epoch 3 - Training:  67%|██████▋   | 842/1250 [02:54<01:24,  4.81it/s]
Epoch 3 - Training:  67%|██████▋   | 843/1250 [02:55<01:24,  4.82it/s]
Epoch 3 - Training:  68%|██████▊   | 844/1250 [02:55<01:24,  4.82it/s]
Epoch 3 - Training:  68%|██████▊   | 845/1250 [02:55<01:23,  4.83it/s]
Epoch 3 - Training:  68%|██████▊   | 846/1250 [02:55<01:24,  4.79it/s]
Epoch 3 - Training:  68%|██████▊   | 847/1250 [02:55<01:23,  4.80it/s]
Epoch 3 - Training:  68%|██████▊   | 848/1250 [02:56<01:23,  4.82it/s]
Epoch 3 - Training:  68%|██████▊   | 849/1250 [02:56<01:23,  4.82it/s]
Epoch 3 - Training:  68%|██████▊   | 850/1250 [02:56<01:22,  4.84it/s]
Epoch 3 - Training:  68%|██████▊   | 851/1250 [02:56<01:22,  4.81it/s]
Epoch 3 - Training:  68%|██████▊   | 852/1250 [02:56<01:22,  4.81it/s]
Epoch 3 - Training:  68%|██████▊   | 853/1250 [02:57<01:22,  4.82it/s]
Epoch 3 - Training:  68%|██████▊   | 854/1250 [02:57<01:22,  4.83it/s]
Epoch 3 - Training:  68%|██████▊   | 855/1250 [02:57<01:21,  4.83it/s]
Epoch 3 - Training:  68%|██████▊   | 856/1250 [02:57<01:22,  4.80it/s]
Epoch 3 - Training:  69%|██████▊   | 857/1250 [02:57<01:21,  4.82it/s]
Epoch 3 - Training:  69%|██████▊   | 858/1250 [02:58<01:21,  4.82it/s]
Epoch 3 - Training:  69%|██████▊   | 859/1250 [02:58<01:20,  4.83it/s]
Epoch 3 - Training:  69%|██████▉   | 860/1250 [02:58<01:20,  4.83it/s]
Epoch 3 - Training:  69%|██████▉   | 861/1250 [02:58<01:20,  4.81it/s]
Epoch 3 - Training:  69%|██████▉   | 862/1250 [02:58<01:20,  4.81it/s]
Epoch 3 - Training:  69%|██████▉   | 863/1250 [02:59<01:20,  4.82it/s]
Epoch 3 - Training:  69%|██████▉   | 864/1250 [02:59<01:20,  4.82it/s]
Epoch 3 - Training:  69%|██████▉   | 865/1250 [02:59<01:19,  4.83it/s]
Epoch 3 - Training:  69%|██████▉   | 866/1250 [02:59<01:20,  4.79it/s]
Epoch 3 - Training:  69%|██████▉   | 867/1250 [03:00<01:19,  4.80it/s]
Epoch 3 - Training:  69%|██████▉   | 868/1250 [03:00<01:19,  4.82it/s]
Epoch 3 - Training:  70%|██████▉   | 869/1250 [03:00<01:18,  4.83it/s]
Epoch 3 - Training:  70%|██████▉   | 870/1250 [03:00<01:18,  4.83it/s]
Epoch 3 - Training:  70%|██████▉   | 871/1250 [03:00<01:18,  4.80it/s]
Epoch 3 - Training:  70%|██████▉   | 872/1250 [03:01<01:18,  4.81it/s]
Epoch 3 - Training:  70%|██████▉   | 873/1250 [03:01<01:18,  4.82it/s]
Epoch 3 - Training:  70%|██████▉   | 874/1250 [03:01<01:17,  4.82it/s]
Epoch 3 - Training:  70%|███████   | 875/1250 [03:01<01:17,  4.83it/s]
Epoch 3 - Training:  70%|███████   | 876/1250 [03:01<01:17,  4.80it/s]
Epoch 3 - Training:  70%|███████   | 877/1250 [03:02<01:17,  4.82it/s]
Epoch 3 - Training:  70%|███████   | 878/1250 [03:02<01:17,  4.82it/s]
Epoch 3 - Training:  70%|███████   | 879/1250 [03:02<01:16,  4.82it/s]
Epoch 3 - Training:  70%|███████   | 880/1250 [03:02<01:16,  4.83it/s]
Epoch 3 - Training:  70%|███████   | 881/1250 [03:02<01:16,  4.80it/s]
Epoch 3 - Training:  71%|███████   | 882/1250 [03:03<01:16,  4.82it/s]
Epoch 3 - Training:  71%|███████   | 883/1250 [03:03<01:16,  4.82it/s]
Epoch 3 - Training:  71%|███████   | 884/1250 [03:03<01:15,  4.82it/s]
Epoch 3 - Training:  71%|███████   | 885/1250 [03:03<01:15,  4.83it/s]
Epoch 3 - Training:  71%|███████   | 886/1250 [03:03<01:15,  4.80it/s]
Epoch 3 - Training:  71%|███████   | 887/1250 [03:04<01:15,  4.81it/s]
Epoch 3 - Training:  71%|███████   | 888/1250 [03:04<01:15,  4.82it/s]
Epoch 3 - Training:  71%|███████   | 889/1250 [03:04<01:14,  4.82it/s]
Epoch 3 - Training:  71%|███████   | 890/1250 [03:04<01:14,  4.84it/s]
Epoch 3 - Training:  71%|███████▏  | 891/1250 [03:04<01:14,  4.81it/s]
Epoch 3 - Training:  71%|███████▏  | 892/1250 [03:05<01:14,  4.82it/s]
Epoch 3 - Training:  71%|███████▏  | 893/1250 [03:05<01:13,  4.83it/s]
Epoch 3 - Training:  72%|███████▏  | 894/1250 [03:05<01:13,  4.84it/s]
Epoch 3 - Training:  72%|███████▏  | 895/1250 [03:05<01:13,  4.84it/s]
Epoch 3 - Training:  72%|███████▏  | 896/1250 [03:06<01:13,  4.80it/s]
Epoch 3 - Training:  72%|███████▏  | 897/1250 [03:06<01:13,  4.82it/s]
Epoch 3 - Training:  72%|███████▏  | 898/1250 [03:06<01:12,  4.83it/s]
Epoch 3 - Training:  72%|███████▏  | 899/1250 [03:06<01:12,  4.83it/s]
Epoch 3 - Training:  72%|███████▏  | 900/1250 [03:06<01:12,  4.84it/s]
Epoch 3 - Training:  72%|███████▏  | 901/1250 [03:07<01:12,  4.80it/s]
Epoch 3 - Training:  72%|███████▏  | 902/1250 [03:07<01:12,  4.81it/s]
Epoch 3 - Training:  72%|███████▏  | 903/1250 [03:07<01:11,  4.82it/s]
Epoch 3 - Training:  72%|███████▏  | 904/1250 [03:07<01:11,  4.83it/s]
Epoch 3 - Training:  72%|███████▏  | 905/1250 [03:07<01:11,  4.84it/s]
Epoch 3 - Training:  72%|███████▏  | 906/1250 [03:08<01:11,  4.80it/s]
Epoch 3 - Training:  73%|███████▎  | 907/1250 [03:08<01:11,  4.82it/s]
Epoch 3 - Training:  73%|███████▎  | 908/1250 [03:08<01:10,  4.82it/s]
Epoch 3 - Training:  73%|███████▎  | 909/1250 [03:08<01:10,  4.83it/s]
Epoch 3 - Training:  73%|███████▎  | 910/1250 [03:08<01:10,  4.83it/s]
Epoch 3 - Training:  73%|███████▎  | 911/1250 [03:09<01:10,  4.80it/s]
Epoch 3 - Training:  73%|███████▎  | 912/1250 [03:09<01:10,  4.82it/s]
Epoch 3 - Training:  73%|███████▎  | 913/1250 [03:09<01:09,  4.82it/s]
Epoch 3 - Training:  73%|███████▎  | 914/1250 [03:09<01:09,  4.83it/s]
Epoch 3 - Training:  73%|███████▎  | 915/1250 [03:09<01:09,  4.82it/s]
Epoch 3 - Training:  73%|███████▎  | 916/1250 [03:10<01:09,  4.80it/s]
Epoch 3 - Training:  73%|███████▎  | 917/1250 [03:10<01:09,  4.81it/s]
Epoch 3 - Training:  73%|███████▎  | 918/1250 [03:10<01:08,  4.82it/s]
Epoch 3 - Training:  74%|███████▎  | 919/1250 [03:10<01:08,  4.83it/s]
Epoch 3 - Training:  74%|███████▎  | 920/1250 [03:11<01:08,  4.84it/s]
Epoch 3 - Training:  74%|███████▎  | 921/1250 [03:11<01:08,  4.81it/s]
Epoch 3 - Training:  74%|███████▍  | 922/1250 [03:11<01:08,  4.82it/s]
Epoch 3 - Training:  74%|███████▍  | 923/1250 [03:11<01:07,  4.82it/s]
Epoch 3 - Training:  74%|███████▍  | 924/1250 [03:11<01:07,  4.83it/s]
Epoch 3 - Training:  74%|███████▍  | 925/1250 [03:12<01:07,  4.83it/s]
Epoch 3 - Training:  74%|███████▍  | 926/1250 [03:12<01:07,  4.80it/s]
Epoch 3 - Training:  74%|███████▍  | 927/1250 [03:12<01:07,  4.82it/s]
Epoch 3 - Training:  74%|███████▍  | 928/1250 [03:12<01:06,  4.82it/s]
Epoch 3 - Training:  74%|███████▍  | 929/1250 [03:12<01:06,  4.83it/s]
Epoch 3 - Training:  74%|███████▍  | 930/1250 [03:13<01:06,  4.83it/s]
Epoch 3 - Training:  74%|███████▍  | 931/1250 [03:13<01:06,  4.80it/s]
Epoch 3 - Training:  75%|███████▍  | 932/1250 [03:13<01:06,  4.81it/s]
Epoch 3 - Training:  75%|███████▍  | 933/1250 [03:13<01:05,  4.82it/s]
Epoch 3 - Training:  75%|███████▍  | 934/1250 [03:13<01:05,  4.82it/s]
Epoch 3 - Training:  75%|███████▍  | 935/1250 [03:14<01:05,  4.83it/s]
Epoch 3 - Training:  75%|███████▍  | 936/1250 [03:14<01:05,  4.80it/s]
Epoch 3 - Training:  75%|███████▍  | 937/1250 [03:14<01:05,  4.81it/s]
Epoch 3 - Training:  75%|███████▌  | 938/1250 [03:14<01:04,  4.82it/s]
Epoch 3 - Training:  75%|███████▌  | 939/1250 [03:14<01:04,  4.83it/s]
Epoch 3 - Training:  75%|███████▌  | 940/1250 [03:15<01:04,  4.83it/s]
Epoch 3 - Training:  75%|███████▌  | 941/1250 [03:15<01:04,  4.80it/s]
Epoch 3 - Training:  75%|███████▌  | 942/1250 [03:15<01:03,  4.82it/s]
Epoch 3 - Training:  75%|███████▌  | 943/1250 [03:15<01:03,  4.82it/s]
Epoch 3 - Training:  76%|███████▌  | 944/1250 [03:15<01:03,  4.83it/s]
Epoch 3 - Training:  76%|███████▌  | 945/1250 [03:16<01:03,  4.83it/s]
Epoch 3 - Training:  76%|███████▌  | 946/1250 [03:16<01:03,  4.80it/s]
Epoch 3 - Training:  76%|███████▌  | 947/1250 [03:16<01:02,  4.81it/s]
Epoch 3 - Training:  76%|███████▌  | 948/1250 [03:16<01:02,  4.82it/s]
Epoch 3 - Training:  76%|███████▌  | 949/1250 [03:17<01:02,  4.83it/s]
Epoch 3 - Training:  76%|███████▌  | 950/1250 [03:17<01:02,  4.84it/s]
Epoch 3 - Training:  76%|███████▌  | 951/1250 [03:17<01:02,  4.80it/s]
Epoch 3 - Training:  76%|███████▌  | 952/1250 [03:17<01:01,  4.81it/s]
Epoch 3 - Training:  76%|███████▌  | 953/1250 [03:17<01:01,  4.82it/s]
Epoch 3 - Training:  76%|███████▋  | 954/1250 [03:18<01:01,  4.83it/s]
Epoch 3 - Training:  76%|███████▋  | 955/1250 [03:18<01:01,  4.83it/s]
Epoch 3 - Training:  76%|███████▋  | 956/1250 [03:18<01:01,  4.81it/s]
Epoch 3 - Training:  77%|███████▋  | 957/1250 [03:18<01:00,  4.82it/s]
Epoch 3 - Training:  77%|███████▋  | 958/1250 [03:18<01:00,  4.82it/s]
Epoch 3 - Training:  77%|███████▋  | 959/1250 [03:19<01:00,  4.83it/s]
Epoch 3 - Training:  77%|███████▋  | 960/1250 [03:19<01:00,  4.82it/s]
Epoch 3 - Training:  77%|███████▋  | 961/1250 [03:19<01:00,  4.80it/s]
Epoch 3 - Training:  77%|███████▋  | 962/1250 [03:19<00:59,  4.81it/s]
Epoch 3 - Training:  77%|███████▋  | 963/1250 [03:19<00:59,  4.83it/s]
Epoch 3 - Training:  77%|███████▋  | 964/1250 [03:20<00:59,  4.83it/s]
Epoch 3 - Training:  77%|███████▋  | 965/1250 [03:20<00:58,  4.84it/s]
Epoch 3 - Training:  77%|███████▋  | 966/1250 [03:20<00:59,  4.81it/s]
Epoch 3 - Training:  77%|███████▋  | 967/1250 [03:20<00:58,  4.82it/s]
Epoch 3 - Training:  77%|███████▋  | 968/1250 [03:20<00:58,  4.82it/s]
Epoch 3 - Training:  78%|███████▊  | 969/1250 [03:21<00:58,  4.83it/s]
Epoch 3 - Training:  78%|███████▊  | 970/1250 [03:21<00:57,  4.83it/s]
Epoch 3 - Training:  78%|███████▊  | 971/1250 [03:21<00:58,  4.80it/s]
Epoch 3 - Training:  78%|███████▊  | 972/1250 [03:21<00:57,  4.82it/s]
Epoch 3 - Training:  78%|███████▊  | 973/1250 [03:22<00:57,  4.83it/s]
Epoch 3 - Training:  78%|███████▊  | 974/1250 [03:22<00:57,  4.83it/s]
Epoch 3 - Training:  78%|███████▊  | 975/1250 [03:22<00:56,  4.83it/s]
Epoch 3 - Training:  78%|███████▊  | 976/1250 [03:22<00:57,  4.80it/s]
Epoch 3 - Training:  78%|███████▊  | 977/1250 [03:22<00:56,  4.81it/s]
Epoch 3 - Training:  78%|███████▊  | 978/1250 [03:23<00:56,  4.82it/s]
Epoch 3 - Training:  78%|███████▊  | 979/1250 [03:23<00:56,  4.82it/s]
Epoch 3 - Training:  78%|███████▊  | 980/1250 [03:23<00:55,  4.83it/s]
Epoch 3 - Training:  78%|███████▊  | 981/1250 [03:23<00:56,  4.80it/s]
Epoch 3 - Training:  79%|███████▊  | 982/1250 [03:23<00:55,  4.82it/s]
Epoch 3 - Training:  79%|███████▊  | 983/1250 [03:24<00:55,  4.83it/s]
Epoch 3 - Training:  79%|███████▊  | 984/1250 [03:24<00:54,  4.84it/s]
Epoch 3 - Training:  79%|███████▉  | 985/1250 [03:24<00:54,  4.84it/s]
Epoch 3 - Training:  79%|███████▉  | 986/1250 [03:24<00:55,  4.80it/s]
Epoch 3 - Training:  79%|███████▉  | 987/1250 [03:24<00:54,  4.81it/s]
Epoch 3 - Training:  79%|███████▉  | 988/1250 [03:25<00:54,  4.82it/s]
Epoch 3 - Training:  79%|███████▉  | 989/1250 [03:25<00:54,  4.82it/s]
Epoch 3 - Training:  79%|███████▉  | 990/1250 [03:25<00:53,  4.83it/s]
Epoch 3 - Training:  79%|███████▉  | 991/1250 [03:25<00:53,  4.80it/s]
Epoch 3 - Training:  79%|███████▉  | 992/1250 [03:25<00:53,  4.82it/s]
Epoch 3 - Training:  79%|███████▉  | 993/1250 [03:26<00:53,  4.82it/s]
Epoch 3 - Training:  80%|███████▉  | 994/1250 [03:26<00:52,  4.83it/s]
Epoch 3 - Training:  80%|███████▉  | 995/1250 [03:26<00:52,  4.83it/s]
Epoch 3 - Training:  80%|███████▉  | 996/1250 [03:26<00:52,  4.81it/s]
Epoch 3 - Training:  80%|███████▉  | 997/1250 [03:26<00:52,  4.82it/s]
Epoch 3 - Training:  80%|███████▉  | 998/1250 [03:27<00:52,  4.83it/s]
Epoch 3 - Training:  80%|███████▉  | 999/1250 [03:27<00:51,  4.83it/s]
Epoch 3 - Training:  80%|████████  | 1000/1250 [03:27<00:51,  4.84it/s]
Epoch 3 - Training:  80%|████████  | 1001/1250 [03:27<00:51,  4.81it/s]
Epoch 3 - Training:  80%|████████  | 1002/1250 [03:28<00:51,  4.83it/s]
Epoch 3 - Training:  80%|████████  | 1003/1250 [03:28<00:51,  4.83it/s]
Epoch 3 - Training:  80%|████████  | 1004/1250 [03:28<00:50,  4.84it/s]
Epoch 3 - Training:  80%|████████  | 1005/1250 [03:28<00:50,  4.84it/s]
Epoch 3 - Training:  80%|████████  | 1006/1250 [03:28<00:50,  4.80it/s]
Epoch 3 - Training:  81%|████████  | 1007/1250 [03:29<00:50,  4.81it/s]
Epoch 3 - Training:  81%|████████  | 1008/1250 [03:29<00:50,  4.82it/s]
Epoch 3 - Training:  81%|████████  | 1009/1250 [03:29<00:49,  4.82it/s]
Epoch 3 - Training:  81%|████████  | 1010/1250 [03:29<00:49,  4.83it/s]
Epoch 3 - Training:  81%|████████  | 1011/1250 [03:29<00:49,  4.80it/s]
Epoch 3 - Training:  81%|████████  | 1012/1250 [03:30<00:49,  4.82it/s]
Epoch 3 - Training:  81%|████████  | 1013/1250 [03:30<00:49,  4.82it/s]
Epoch 3 - Training:  81%|████████  | 1014/1250 [03:30<00:48,  4.83it/s]
Epoch 3 - Training:  81%|████████  | 1015/1250 [03:30<00:48,  4.83it/s]
Epoch 3 - Training:  81%|████████▏ | 1016/1250 [03:30<00:48,  4.79it/s]
Epoch 3 - Training:  81%|████████▏ | 1017/1250 [03:31<00:48,  4.81it/s]
Epoch 3 - Training:  81%|████████▏ | 1018/1250 [03:31<00:48,  4.82it/s]
Epoch 3 - Training:  82%|████████▏ | 1019/1250 [03:31<00:47,  4.82it/s]
Epoch 3 - Training:  82%|████████▏ | 1020/1250 [03:31<00:47,  4.83it/s]
Epoch 3 - Training:  82%|████████▏ | 1021/1250 [03:31<00:47,  4.80it/s]
Epoch 3 - Training:  82%|████████▏ | 1022/1250 [03:32<00:47,  4.81it/s]
Epoch 3 - Training:  82%|████████▏ | 1023/1250 [03:32<00:47,  4.81it/s]
Epoch 3 - Training:  82%|████████▏ | 1024/1250 [03:32<00:46,  4.83it/s]
Epoch 3 - Training:  82%|████████▏ | 1025/1250 [03:32<00:46,  4.84it/s]
Epoch 3 - Training:  82%|████████▏ | 1026/1250 [03:33<00:46,  4.80it/s]
Epoch 3 - Training:  82%|████████▏ | 1027/1250 [03:33<00:46,  4.80it/s]
Epoch 3 - Training:  82%|████████▏ | 1028/1250 [03:33<00:46,  4.82it/s]
Epoch 3 - Training:  82%|████████▏ | 1029/1250 [03:33<00:45,  4.83it/s]
Epoch 3 - Training:  82%|████████▏ | 1030/1250 [03:33<00:45,  4.82it/s]
Epoch 3 - Training:  82%|████████▏ | 1031/1250 [03:34<00:45,  4.80it/s]
Epoch 3 - Training:  83%|████████▎ | 1032/1250 [03:34<00:45,  4.81it/s]
Epoch 3 - Training:  83%|████████▎ | 1033/1250 [03:34<00:44,  4.83it/s]
Epoch 3 - Training:  83%|████████▎ | 1034/1250 [03:34<00:44,  4.84it/s]
Epoch 3 - Training:  83%|████████▎ | 1035/1250 [03:34<00:44,  4.83it/s]
Epoch 3 - Training:  83%|████████▎ | 1036/1250 [03:35<00:44,  4.80it/s]
Epoch 3 - Training:  83%|████████▎ | 1037/1250 [03:35<00:44,  4.82it/s]
Epoch 3 - Training:  83%|████████▎ | 1038/1250 [03:35<00:43,  4.83it/s]
Epoch 3 - Training:  83%|████████▎ | 1039/1250 [03:35<00:43,  4.82it/s]
Epoch 3 - Training:  83%|████████▎ | 1040/1250 [03:35<00:43,  4.83it/s]
Epoch 3 - Training:  83%|████████▎ | 1041/1250 [03:36<00:43,  4.80it/s]
Epoch 3 - Training:  83%|████████▎ | 1042/1250 [03:36<00:43,  4.81it/s]
Epoch 3 - Training:  83%|████████▎ | 1043/1250 [03:36<00:42,  4.82it/s]
Epoch 3 - Training:  84%|████████▎ | 1044/1250 [03:36<00:42,  4.83it/s]
Epoch 3 - Training:  84%|████████▎ | 1045/1250 [03:36<00:42,  4.83it/s]
Epoch 3 - Training:  84%|████████▎ | 1046/1250 [03:37<00:42,  4.80it/s]
Epoch 3 - Training:  84%|████████▍ | 1047/1250 [03:37<00:42,  4.81it/s]
Epoch 3 - Training:  84%|████████▍ | 1048/1250 [03:37<00:41,  4.82it/s]
Epoch 3 - Training:  84%|████████▍ | 1049/1250 [03:37<00:41,  4.83it/s]
Epoch 3 - Training:  84%|████████▍ | 1050/1250 [03:37<00:41,  4.83it/s]
Epoch 3 - Training:  84%|████████▍ | 1051/1250 [03:38<00:41,  4.81it/s]
Epoch 3 - Training:  84%|████████▍ | 1052/1250 [03:38<00:41,  4.82it/s]
Epoch 3 - Training:  84%|████████▍ | 1053/1250 [03:38<00:40,  4.83it/s]
Epoch 3 - Training:  84%|████████▍ | 1054/1250 [03:38<00:40,  4.83it/s]
Epoch 3 - Training:  84%|████████▍ | 1055/1250 [03:39<00:40,  4.83it/s]
Epoch 3 - Training:  84%|████████▍ | 1056/1250 [03:39<00:40,  4.81it/s]
Epoch 3 - Training:  85%|████████▍ | 1057/1250 [03:39<00:40,  4.82it/s]
Epoch 3 - Training:  85%|████████▍ | 1058/1250 [03:39<00:39,  4.84it/s]
Epoch 3 - Training:  85%|████████▍ | 1059/1250 [03:39<00:39,  4.83it/s]
Epoch 3 - Training:  85%|████████▍ | 1060/1250 [03:40<00:39,  4.83it/s]
Epoch 3 - Training:  85%|████████▍ | 1061/1250 [03:40<00:39,  4.81it/s]
Epoch 3 - Training:  85%|████████▍ | 1062/1250 [03:40<00:39,  4.82it/s]
Epoch 3 - Training:  85%|████████▌ | 1063/1250 [03:40<00:38,  4.82it/s]
Epoch 3 - Training:  85%|████████▌ | 1064/1250 [03:40<00:38,  4.83it/s]
Epoch 3 - Training:  85%|████████▌ | 1065/1250 [03:41<00:38,  4.83it/s]
Epoch 3 - Training:  85%|████████▌ | 1066/1250 [03:41<00:38,  4.80it/s]
Epoch 3 - Training:  85%|████████▌ | 1067/1250 [03:41<00:38,  4.81it/s]
Epoch 3 - Training:  85%|████████▌ | 1068/1250 [03:41<00:37,  4.82it/s]
Epoch 3 - Training:  86%|████████▌ | 1069/1250 [03:41<00:37,  4.82it/s]
Epoch 3 - Training:  86%|████████▌ | 1070/1250 [03:42<00:37,  4.82it/s]
Epoch 3 - Training:  86%|████████▌ | 1071/1250 [03:42<00:37,  4.80it/s]
Epoch 3 - Training:  86%|████████▌ | 1072/1250 [03:42<00:36,  4.81it/s]
Epoch 3 - Training:  86%|████████▌ | 1073/1250 [03:42<00:36,  4.83it/s]
Epoch 3 - Training:  86%|████████▌ | 1074/1250 [03:42<00:36,  4.82it/s]
Epoch 3 - Training:  86%|████████▌ | 1075/1250 [03:43<00:36,  4.83it/s]
Epoch 3 - Training:  86%|████████▌ | 1076/1250 [03:43<00:36,  4.80it/s]
Epoch 3 - Training:  86%|████████▌ | 1077/1250 [03:43<00:35,  4.81it/s]
Epoch 3 - Training:  86%|████████▌ | 1078/1250 [03:43<00:35,  4.82it/s]
Epoch 3 - Training:  86%|████████▋ | 1079/1250 [03:43<00:35,  4.83it/s]
Epoch 3 - Training:  86%|████████▋ | 1080/1250 [03:44<00:35,  4.83it/s]
Epoch 3 - Training:  86%|████████▋ | 1081/1250 [03:44<00:35,  4.80it/s]
Epoch 3 - Training:  87%|████████▋ | 1082/1250 [03:44<00:34,  4.81it/s]
Epoch 3 - Training:  87%|████████▋ | 1083/1250 [03:44<00:34,  4.82it/s]
Epoch 3 - Training:  87%|████████▋ | 1084/1250 [03:45<00:34,  4.82it/s]
Epoch 3 - Training:  87%|████████▋ | 1085/1250 [03:45<00:34,  4.83it/s]
Epoch 3 - Training:  87%|████████▋ | 1086/1250 [03:45<00:34,  4.80it/s]
Epoch 3 - Training:  87%|████████▋ | 1087/1250 [03:45<00:33,  4.81it/s]
Epoch 3 - Training:  87%|████████▋ | 1088/1250 [03:45<00:33,  4.83it/s]
Epoch 3 - Training:  87%|████████▋ | 1089/1250 [03:46<00:33,  4.82it/s]
Epoch 3 - Training:  87%|████████▋ | 1090/1250 [03:46<00:33,  4.83it/s]
Epoch 3 - Training:  87%|████████▋ | 1091/1250 [03:46<00:33,  4.80it/s]
Epoch 3 - Training:  87%|████████▋ | 1092/1250 [03:46<00:32,  4.82it/s]
Epoch 3 - Training:  87%|████████▋ | 1093/1250 [03:46<00:32,  4.82it/s]
Epoch 3 - Training:  88%|████████▊ | 1094/1250 [03:47<00:32,  4.83it/s]
Epoch 3 - Training:  88%|████████▊ | 1095/1250 [03:47<00:32,  4.83it/s]
Epoch 3 - Training:  88%|████████▊ | 1096/1250 [03:47<00:32,  4.80it/s]
Epoch 3 - Training:  88%|████████▊ | 1097/1250 [03:47<00:31,  4.81it/s]
Epoch 3 - Training:  88%|████████▊ | 1098/1250 [03:47<00:31,  4.82it/s]
Epoch 3 - Training:  88%|████████▊ | 1099/1250 [03:48<00:31,  4.82it/s]
Epoch 3 - Training:  88%|████████▊ | 1100/1250 [03:48<00:31,  4.83it/s]
Epoch 3 - Training:  88%|████████▊ | 1101/1250 [03:48<00:31,  4.80it/s]
Epoch 3 - Training:  88%|████████▊ | 1102/1250 [03:48<00:30,  4.81it/s]
Epoch 3 - Training:  88%|████████▊ | 1103/1250 [03:48<00:30,  4.82it/s]
Epoch 3 - Training:  88%|████████▊ | 1104/1250 [03:49<00:30,  4.82it/s]
Epoch 3 - Training:  88%|████████▊ | 1105/1250 [03:49<00:30,  4.82it/s]
Epoch 3 - Training:  88%|████████▊ | 1106/1250 [03:49<00:29,  4.80it/s]
Epoch 3 - Training:  89%|████████▊ | 1107/1250 [03:49<00:29,  4.82it/s]
Epoch 3 - Training:  89%|████████▊ | 1108/1250 [03:50<00:29,  4.82it/s]
Epoch 3 - Training:  89%|████████▊ | 1109/1250 [03:50<00:29,  4.83it/s]
Epoch 3 - Training:  89%|████████▉ | 1110/1250 [03:50<00:28,  4.83it/s]
Epoch 3 - Training:  89%|████████▉ | 1111/1250 [03:50<00:28,  4.80it/s]
Epoch 3 - Training:  89%|████████▉ | 1112/1250 [03:50<00:28,  4.81it/s]
Epoch 3 - Training:  89%|████████▉ | 1113/1250 [03:51<00:28,  4.82it/s]
Epoch 3 - Training:  89%|████████▉ | 1114/1250 [03:51<00:28,  4.83it/s]
Epoch 3 - Training:  89%|████████▉ | 1115/1250 [03:51<00:27,  4.84it/s]
Epoch 3 - Training:  89%|████████▉ | 1116/1250 [03:51<00:27,  4.80it/s]
Epoch 3 - Training:  89%|████████▉ | 1117/1250 [03:51<00:27,  4.82it/s]
Epoch 3 - Training:  89%|████████▉ | 1118/1250 [03:52<00:27,  4.82it/s]
Epoch 3 - Training:  90%|████████▉ | 1119/1250 [03:52<00:27,  4.83it/s]
Epoch 3 - Training:  90%|████████▉ | 1120/1250 [03:52<00:26,  4.83it/s]
Epoch 3 - Training:  90%|████████▉ | 1121/1250 [03:52<00:26,  4.81it/s]
Epoch 3 - Training:  90%|████████▉ | 1122/1250 [03:52<00:26,  4.82it/s]
Epoch 3 - Training:  90%|████████▉ | 1123/1250 [03:53<00:26,  4.83it/s]
Epoch 3 - Training:  90%|████████▉ | 1124/1250 [03:53<00:26,  4.83it/s]
Epoch 3 - Training:  90%|█████████ | 1125/1250 [03:53<00:25,  4.83it/s]
Epoch 3 - Training:  90%|█████████ | 1126/1250 [03:53<00:25,  4.80it/s]
Epoch 3 - Training:  90%|█████████ | 1127/1250 [03:53<00:25,  4.81it/s]
Epoch 3 - Training:  90%|█████████ | 1128/1250 [03:54<00:25,  4.82it/s]
Epoch 3 - Training:  90%|█████████ | 1129/1250 [03:54<00:25,  4.83it/s]
Epoch 3 - Training:  90%|█████████ | 1130/1250 [03:54<00:24,  4.83it/s]
Epoch 3 - Training:  90%|█████████ | 1131/1250 [03:54<00:24,  4.80it/s]
Epoch 3 - Training:  91%|█████████ | 1132/1250 [03:54<00:24,  4.82it/s]
Epoch 3 - Training:  91%|█████████ | 1133/1250 [03:55<00:24,  4.82it/s]
Epoch 3 - Training:  91%|█████████ | 1134/1250 [03:55<00:24,  4.83it/s]
Epoch 3 - Training:  91%|█████████ | 1135/1250 [03:55<00:23,  4.83it/s]
Epoch 3 - Training:  91%|█████████ | 1136/1250 [03:55<00:23,  4.80it/s]
Epoch 3 - Training:  91%|█████████ | 1137/1250 [03:56<00:23,  4.82it/s]
Epoch 3 - Training:  91%|█████████ | 1138/1250 [03:56<00:23,  4.82it/s]
Epoch 3 - Training:  91%|█████████ | 1139/1250 [03:56<00:22,  4.83it/s]
Epoch 3 - Training:  91%|█████████ | 1140/1250 [03:56<00:22,  4.83it/s]
Epoch 3 - Training:  91%|█████████▏| 1141/1250 [03:56<00:22,  4.79it/s]
Epoch 3 - Training:  91%|█████████▏| 1142/1250 [03:57<00:22,  4.81it/s]
Epoch 3 - Training:  91%|█████████▏| 1143/1250 [03:57<00:22,  4.82it/s]
Epoch 3 - Training:  92%|█████████▏| 1144/1250 [03:57<00:21,  4.82it/s]
Epoch 3 - Training:  92%|█████████▏| 1145/1250 [03:57<00:21,  4.83it/s]
Epoch 3 - Training:  92%|█████████▏| 1146/1250 [03:57<00:21,  4.80it/s]
Epoch 3 - Training:  92%|█████████▏| 1147/1250 [03:58<00:21,  4.80it/s]
Epoch 3 - Training:  92%|█████████▏| 1148/1250 [03:58<00:21,  4.82it/s]
Epoch 3 - Training:  92%|█████████▏| 1149/1250 [03:58<00:20,  4.82it/s]
Epoch 3 - Training:  92%|█████████▏| 1150/1250 [03:58<00:20,  4.83it/s]
Epoch 3 - Training:  92%|█████████▏| 1151/1250 [03:58<00:20,  4.79it/s]
Epoch 3 - Training:  92%|█████████▏| 1152/1250 [03:59<00:20,  4.81it/s]
Epoch 3 - Training:  92%|█████████▏| 1153/1250 [03:59<00:20,  4.82it/s]
Epoch 3 - Training:  92%|█████████▏| 1154/1250 [03:59<00:19,  4.83it/s]
Epoch 3 - Training:  92%|█████████▏| 1155/1250 [03:59<00:19,  4.83it/s]
Epoch 3 - Training:  92%|█████████▏| 1156/1250 [03:59<00:19,  4.80it/s]
Epoch 3 - Training:  93%|█████████▎| 1157/1250 [04:00<00:19,  4.82it/s]
Epoch 3 - Training:  93%|█████████▎| 1158/1250 [04:00<00:19,  4.82it/s]
Epoch 3 - Training:  93%|█████████▎| 1159/1250 [04:00<00:18,  4.83it/s]
Epoch 3 - Training:  93%|█████████▎| 1160/1250 [04:00<00:18,  4.84it/s]
Epoch 3 - Training:  93%|█████████▎| 1161/1250 [04:01<00:18,  4.80it/s]
Epoch 3 - Training:  93%|█████████▎| 1162/1250 [04:01<00:18,  4.81it/s]
Epoch 3 - Training:  93%|█████████▎| 1163/1250 [04:01<00:18,  4.81it/s]
Epoch 3 - Training:  93%|█████████▎| 1164/1250 [04:01<00:17,  4.82it/s]
Epoch 3 - Training:  93%|█████████▎| 1165/1250 [04:01<00:17,  4.83it/s]
Epoch 3 - Training:  93%|█████████▎| 1166/1250 [04:02<00:17,  4.79it/s]
Epoch 3 - Training:  93%|█████████▎| 1167/1250 [04:02<00:17,  4.81it/s]
Epoch 3 - Training:  93%|█████████▎| 1168/1250 [04:02<00:17,  4.82it/s]
Epoch 3 - Training:  94%|█████████▎| 1169/1250 [04:02<00:16,  4.82it/s]
Epoch 3 - Training:  94%|█████████▎| 1170/1250 [04:02<00:16,  4.84it/s]
Epoch 3 - Training:  94%|█████████▎| 1171/1250 [04:03<00:16,  4.80it/s]
Epoch 3 - Training:  94%|█████████▍| 1172/1250 [04:03<00:16,  4.82it/s]
Epoch 3 - Training:  94%|█████████▍| 1173/1250 [04:03<00:15,  4.82it/s]
Epoch 3 - Training:  94%|█████████▍| 1174/1250 [04:03<00:15,  4.83it/s]
Epoch 3 - Training:  94%|█████████▍| 1175/1250 [04:03<00:15,  4.83it/s]
Epoch 3 - Training:  94%|█████████▍| 1176/1250 [04:04<00:15,  4.81it/s]
Epoch 3 - Training:  94%|█████████▍| 1177/1250 [04:04<00:15,  4.82it/s]
Epoch 3 - Training:  94%|█████████▍| 1178/1250 [04:04<00:14,  4.82it/s]
Epoch 3 - Training:  94%|█████████▍| 1179/1250 [04:04<00:14,  4.82it/s]
Epoch 3 - Training:  94%|█████████▍| 1180/1250 [04:04<00:14,  4.83it/s]
Epoch 3 - Training:  94%|█████████▍| 1181/1250 [04:05<00:14,  4.80it/s]
Epoch 3 - Training:  95%|█████████▍| 1182/1250 [04:05<00:14,  4.81it/s]
Epoch 3 - Training:  95%|█████████▍| 1183/1250 [04:05<00:13,  4.82it/s]
Epoch 3 - Training:  95%|█████████▍| 1184/1250 [04:05<00:13,  4.82it/s]
Epoch 3 - Training:  95%|█████████▍| 1185/1250 [04:05<00:13,  4.83it/s]
Epoch 3 - Training:  95%|█████████▍| 1186/1250 [04:06<00:13,  4.80it/s]
Epoch 3 - Training:  95%|█████████▍| 1187/1250 [04:06<00:13,  4.81it/s]
Epoch 3 - Training:  95%|█████████▌| 1188/1250 [04:06<00:12,  4.82it/s]
Epoch 3 - Training:  95%|█████████▌| 1189/1250 [04:06<00:12,  4.83it/s]
Epoch 3 - Training:  95%|█████████▌| 1190/1250 [04:07<00:12,  4.83it/s]
Epoch 3 - Training:  95%|█████████▌| 1191/1250 [04:07<00:12,  4.80it/s]
Epoch 3 - Training:  95%|█████████▌| 1192/1250 [04:07<00:12,  4.81it/s]
Epoch 3 - Training:  95%|█████████▌| 1193/1250 [04:07<00:11,  4.81it/s]
Epoch 3 - Training:  96%|█████████▌| 1194/1250 [04:07<00:11,  4.83it/s]
Epoch 3 - Training:  96%|█████████▌| 1195/1250 [04:08<00:11,  4.83it/s]
Epoch 3 - Training:  96%|█████████▌| 1196/1250 [04:08<00:11,  4.80it/s]
Epoch 3 - Training:  96%|█████████▌| 1197/1250 [04:08<00:11,  4.81it/s]
Epoch 3 - Training:  96%|█████████▌| 1198/1250 [04:08<00:10,  4.82it/s]
Epoch 3 - Training:  96%|█████████▌| 1199/1250 [04:08<00:10,  4.83it/s]
Epoch 3 - Training:  96%|█████████▌| 1200/1250 [04:09<00:10,  4.83it/s]
Epoch 3 - Training:  96%|█████████▌| 1201/1250 [04:09<00:10,  4.80it/s]
Epoch 3 - Training:  96%|█████████▌| 1202/1250 [04:09<00:09,  4.80it/s]
Epoch 3 - Training:  96%|█████████▌| 1203/1250 [04:09<00:09,  4.82it/s]
Epoch 3 - Training:  96%|█████████▋| 1204/1250 [04:09<00:09,  4.83it/s]
Epoch 3 - Training:  96%|█████████▋| 1205/1250 [04:10<00:09,  4.83it/s]
Epoch 3 - Training:  96%|█████████▋| 1206/1250 [04:10<00:09,  4.80it/s]
Epoch 3 - Training:  97%|█████████▋| 1207/1250 [04:10<00:08,  4.81it/s]
Epoch 3 - Training:  97%|█████████▋| 1208/1250 [04:10<00:08,  4.82it/s]
Epoch 3 - Training:  97%|█████████▋| 1209/1250 [04:10<00:08,  4.83it/s]
Epoch 3 - Training:  97%|█████████▋| 1210/1250 [04:11<00:08,  4.83it/s]
Epoch 3 - Training:  97%|█████████▋| 1211/1250 [04:11<00:08,  4.81it/s]
Epoch 3 - Training:  97%|█████████▋| 1212/1250 [04:11<00:07,  4.82it/s]
Epoch 3 - Training:  97%|█████████▋| 1213/1250 [04:11<00:07,  4.82it/s]
Epoch 3 - Training:  97%|█████████▋| 1214/1250 [04:12<00:07,  4.82it/s]
Epoch 3 - Training:  97%|█████████▋| 1215/1250 [04:12<00:07,  4.83it/s]
Epoch 3 - Training:  97%|█████████▋| 1216/1250 [04:12<00:07,  4.79it/s]
Epoch 3 - Training:  97%|█████████▋| 1217/1250 [04:12<00:06,  4.81it/s]
Epoch 3 - Training:  97%|█████████▋| 1218/1250 [04:12<00:06,  4.82it/s]
Epoch 3 - Training:  98%|█████████▊| 1219/1250 [04:13<00:06,  4.83it/s]
Epoch 3 - Training:  98%|█████████▊| 1220/1250 [04:13<00:06,  4.83it/s]
Epoch 3 - Training:  98%|█████████▊| 1221/1250 [04:13<00:06,  4.80it/s]
Epoch 3 - Training:  98%|█████████▊| 1222/1250 [04:13<00:05,  4.82it/s]
Epoch 3 - Training:  98%|█████████▊| 1223/1250 [04:13<00:05,  4.82it/s]
Epoch 3 - Training:  98%|█████████▊| 1224/1250 [04:14<00:05,  4.83it/s]
Epoch 3 - Training:  98%|█████████▊| 1225/1250 [04:14<00:05,  4.83it/s]
Epoch 3 - Training:  98%|█████████▊| 1226/1250 [04:14<00:04,  4.80it/s]
Epoch 3 - Training:  98%|█████████▊| 1227/1250 [04:14<00:04,  4.82it/s]
Epoch 3 - Training:  98%|█████████▊| 1228/1250 [04:14<00:04,  4.83it/s]
Epoch 3 - Training:  98%|█████████▊| 1229/1250 [04:15<00:04,  4.83it/s]
Epoch 3 - Training:  98%|█████████▊| 1230/1250 [04:15<00:04,  4.83it/s]
Epoch 3 - Training:  98%|█████████▊| 1231/1250 [04:15<00:03,  4.80it/s]
Epoch 3 - Training:  99%|█████████▊| 1232/1250 [04:15<00:03,  4.80it/s]
Epoch 3 - Training:  99%|█████████▊| 1233/1250 [04:15<00:03,  4.82it/s]
Epoch 3 - Training:  99%|█████████▊| 1234/1250 [04:16<00:03,  4.83it/s]
Epoch 3 - Training:  99%|█████████▉| 1235/1250 [04:16<00:03,  4.83it/s]
Epoch 3 - Training:  99%|█████████▉| 1236/1250 [04:16<00:02,  4.80it/s]
Epoch 3 - Training:  99%|█████████▉| 1237/1250 [04:16<00:02,  4.82it/s]
Epoch 3 - Training:  99%|█████████▉| 1238/1250 [04:16<00:02,  4.82it/s]
Epoch 3 - Training:  99%|█████████▉| 1239/1250 [04:17<00:02,  4.83it/s]
Epoch 3 - Training:  99%|█████████▉| 1240/1250 [04:17<00:02,  4.83it/s]
Epoch 3 - Training:  99%|█████████▉| 1241/1250 [04:17<00:01,  4.81it/s]
Epoch 3 - Training:  99%|█████████▉| 1242/1250 [04:17<00:01,  4.81it/s]
Epoch 3 - Training:  99%|█████████▉| 1243/1250 [04:18<00:01,  4.82it/s]
Epoch 3 - Training: 100%|█████████▉| 1244/1250 [04:18<00:01,  4.82it/s]
Epoch 3 - Training: 100%|█████████▉| 1245/1250 [04:18<00:01,  4.82it/s]
Epoch 3 - Training: 100%|█████████▉| 1246/1250 [04:18<00:00,  4.79it/s]
Epoch 3 - Training: 100%|█████████▉| 1247/1250 [04:18<00:00,  4.80it/s]
Epoch 3 - Training: 100%|█████████▉| 1248/1250 [04:19<00:00,  4.82it/s]
Epoch 3 - Training: 100%|█████████▉| 1249/1250 [04:19<00:00,  4.82it/s]
Epoch 3 - Training: 100%|██████████| 1250/1250 [04:19<00:00,  4.83it/s]
Epoch 3 - Training: 100%|██████████| 1250/1250 [04:19<00:00,  4.82it/s]

Epoch 3 - Evaluating:   0%|          | 0/250 [00:00<?, ?it/s]
Epoch 3 - Evaluating:   1%|          | 2/250 [00:00<00:12, 19.64it/s]
Epoch 3 - Evaluating:   2%|▏         | 4/250 [00:00<00:12, 19.33it/s]
Epoch 3 - Evaluating:   2%|▏         | 6/250 [00:00<00:12, 19.26it/s]
Epoch 3 - Evaluating:   3%|▎         | 8/250 [00:00<00:12, 19.21it/s]
Epoch 3 - Evaluating:   4%|▍         | 10/250 [00:00<00:12, 19.16it/s]
Epoch 3 - Evaluating:   5%|▍         | 12/250 [00:00<00:12, 19.19it/s]
Epoch 3 - Evaluating:   6%|▌         | 14/250 [00:00<00:12, 19.22it/s]
Epoch 3 - Evaluating:   6%|▋         | 16/250 [00:00<00:12, 19.22it/s]
Epoch 3 - Evaluating:   7%|▋         | 18/250 [00:00<00:12, 19.18it/s]
Epoch 3 - Evaluating:   8%|▊         | 20/250 [00:01<00:11, 19.17it/s]
Epoch 3 - Evaluating:   9%|▉         | 22/250 [00:01<00:11, 19.20it/s]
Epoch 3 - Evaluating:  10%|▉         | 24/250 [00:01<00:11, 19.19it/s]
Epoch 3 - Evaluating:  10%|█         | 26/250 [00:01<00:11, 19.18it/s]
Epoch 3 - Evaluating:  11%|█         | 28/250 [00:01<00:11, 19.17it/s]
Epoch 3 - Evaluating:  12%|█▏        | 30/250 [00:01<00:11, 19.14it/s]
Epoch 3 - Evaluating:  13%|█▎        | 32/250 [00:01<00:11, 19.19it/s]
Epoch 3 - Evaluating:  14%|█▎        | 34/250 [00:01<00:11, 19.16it/s]
Epoch 3 - Evaluating:  14%|█▍        | 36/250 [00:01<00:11, 19.18it/s]
Epoch 3 - Evaluating:  15%|█▌        | 38/250 [00:01<00:11, 19.13it/s]
Epoch 3 - Evaluating:  16%|█▌        | 40/250 [00:02<00:10, 19.12it/s]
Epoch 3 - Evaluating:  17%|█▋        | 42/250 [00:02<00:10, 19.11it/s]
Epoch 3 - Evaluating:  18%|█▊        | 44/250 [00:02<00:10, 19.15it/s]
Epoch 3 - Evaluating:  18%|█▊        | 46/250 [00:02<00:10, 19.19it/s]
Epoch 3 - Evaluating:  19%|█▉        | 48/250 [00:02<00:10, 19.17it/s]
Epoch 3 - Evaluating:  20%|██        | 50/250 [00:02<00:10, 19.15it/s]
Epoch 3 - Evaluating:  21%|██        | 52/250 [00:02<00:10, 19.17it/s]
Epoch 3 - Evaluating:  22%|██▏       | 54/250 [00:02<00:10, 19.15it/s]
Epoch 3 - Evaluating:  22%|██▏       | 56/250 [00:02<00:10, 19.20it/s]
Epoch 3 - Evaluating:  23%|██▎       | 58/250 [00:03<00:10, 19.19it/s]
Epoch 3 - Evaluating:  24%|██▍       | 60/250 [00:03<00:09, 19.16it/s]
Epoch 3 - Evaluating:  25%|██▍       | 62/250 [00:03<00:09, 19.15it/s]
Epoch 3 - Evaluating:  26%|██▌       | 64/250 [00:03<00:09, 19.14it/s]
Epoch 3 - Evaluating:  26%|██▋       | 66/250 [00:03<00:09, 19.17it/s]
Epoch 3 - Evaluating:  27%|██▋       | 68/250 [00:03<00:09, 19.18it/s]
Epoch 3 - Evaluating:  28%|██▊       | 70/250 [00:03<00:09, 19.17it/s]
Epoch 3 - Evaluating:  29%|██▉       | 72/250 [00:03<00:09, 19.16it/s]
Epoch 3 - Evaluating:  30%|██▉       | 74/250 [00:03<00:09, 19.18it/s]
Epoch 3 - Evaluating:  30%|███       | 76/250 [00:03<00:09, 19.16it/s]
Epoch 3 - Evaluating:  31%|███       | 78/250 [00:04<00:08, 19.18it/s]
Epoch 3 - Evaluating:  32%|███▏      | 80/250 [00:04<00:08, 19.19it/s]
Epoch 3 - Evaluating:  33%|███▎      | 82/250 [00:04<00:08, 19.15it/s]
Epoch 3 - Evaluating:  34%|███▎      | 84/250 [00:04<00:08, 19.14it/s]
Epoch 3 - Evaluating:  34%|███▍      | 86/250 [00:04<00:08, 19.16it/s]
Epoch 3 - Evaluating:  35%|███▌      | 88/250 [00:04<00:08, 19.17it/s]
Epoch 3 - Evaluating:  36%|███▌      | 90/250 [00:04<00:08, 19.20it/s]
Epoch 3 - Evaluating:  37%|███▋      | 92/250 [00:04<00:08, 19.18it/s]
Epoch 3 - Evaluating:  38%|███▊      | 94/250 [00:04<00:08, 19.14it/s]
Epoch 3 - Evaluating:  38%|███▊      | 96/250 [00:05<00:08, 19.15it/s]
Epoch 3 - Evaluating:  39%|███▉      | 98/250 [00:05<00:07, 19.12it/s]
Epoch 3 - Evaluating:  40%|████      | 100/250 [00:05<00:07, 19.15it/s]
Epoch 3 - Evaluating:  41%|████      | 102/250 [00:05<00:07, 19.12it/s]
Epoch 3 - Evaluating:  42%|████▏     | 104/250 [00:05<00:07, 19.16it/s]
Epoch 3 - Evaluating:  42%|████▏     | 106/250 [00:05<00:07, 19.14it/s]
Epoch 3 - Evaluating:  43%|████▎     | 108/250 [00:05<00:07, 19.18it/s]
Epoch 3 - Evaluating:  44%|████▍     | 110/250 [00:05<00:07, 19.16it/s]
Epoch 3 - Evaluating:  45%|████▍     | 112/250 [00:05<00:07, 19.14it/s]
Epoch 3 - Evaluating:  46%|████▌     | 114/250 [00:05<00:07, 19.10it/s]
Epoch 3 - Evaluating:  46%|████▋     | 116/250 [00:06<00:07, 19.14it/s]
Epoch 3 - Evaluating:  47%|████▋     | 118/250 [00:06<00:06, 19.18it/s]
Epoch 3 - Evaluating:  48%|████▊     | 120/250 [00:06<00:06, 19.17it/s]
Epoch 3 - Evaluating:  49%|████▉     | 122/250 [00:06<00:06, 19.19it/s]
Epoch 3 - Evaluating:  50%|████▉     | 124/250 [00:06<00:06, 19.14it/s]
Epoch 3 - Evaluating:  50%|█████     | 126/250 [00:06<00:06, 19.18it/s]
Epoch 3 - Evaluating:  51%|█████     | 128/250 [00:06<00:06, 19.19it/s]
Epoch 3 - Evaluating:  52%|█████▏    | 130/250 [00:06<00:06, 19.14it/s]
Epoch 3 - Evaluating:  53%|█████▎    | 132/250 [00:06<00:06, 19.13it/s]
Epoch 3 - Evaluating:  54%|█████▎    | 134/250 [00:06<00:06, 19.17it/s]
Epoch 3 - Evaluating:  54%|█████▍    | 136/250 [00:07<00:05, 19.20it/s]
Epoch 3 - Evaluating:  55%|█████▌    | 138/250 [00:07<00:05, 19.16it/s]
Epoch 3 - Evaluating:  56%|█████▌    | 140/250 [00:07<00:05, 19.18it/s]
Epoch 3 - Evaluating:  57%|█████▋    | 142/250 [00:07<00:05, 19.16it/s]
Epoch 3 - Evaluating:  58%|█████▊    | 144/250 [00:07<00:05, 19.17it/s]
Epoch 3 - Evaluating:  58%|█████▊    | 146/250 [00:07<00:05, 19.18it/s]
Epoch 3 - Evaluating:  59%|█████▉    | 148/250 [00:07<00:05, 19.16it/s]
Epoch 3 - Evaluating:  60%|██████    | 150/250 [00:07<00:05, 19.12it/s]
Epoch 3 - Evaluating:  61%|██████    | 152/250 [00:07<00:05, 19.14it/s]
Epoch 3 - Evaluating:  62%|██████▏   | 154/250 [00:08<00:05, 19.17it/s]
Epoch 3 - Evaluating:  62%|██████▏   | 156/250 [00:08<00:04, 19.13it/s]
Epoch 3 - Evaluating:  63%|██████▎   | 158/250 [00:08<00:04, 19.15it/s]
Epoch 3 - Evaluating:  64%|██████▍   | 160/250 [00:08<00:04, 19.17it/s]
Epoch 3 - Evaluating:  65%|██████▍   | 162/250 [00:08<00:04, 19.16it/s]
Epoch 3 - Evaluating:  66%|██████▌   | 164/250 [00:08<00:04, 19.16it/s]
Epoch 3 - Evaluating:  66%|██████▋   | 166/250 [00:08<00:04, 19.18it/s]
Epoch 3 - Evaluating:  67%|██████▋   | 168/250 [00:08<00:04, 19.16it/s]
Epoch 3 - Evaluating:  68%|██████▊   | 170/250 [00:08<00:04, 19.15it/s]
Epoch 3 - Evaluating:  69%|██████▉   | 172/250 [00:08<00:04, 19.16it/s]
Epoch 3 - Evaluating:  70%|██████▉   | 174/250 [00:09<00:03, 19.17it/s]
Epoch 3 - Evaluating:  70%|███████   | 176/250 [00:09<00:03, 19.14it/s]
Epoch 3 - Evaluating:  71%|███████   | 178/250 [00:09<00:03, 19.17it/s]
Epoch 3 - Evaluating:  72%|███████▏  | 180/250 [00:09<00:03, 19.18it/s]
Epoch 3 - Evaluating:  73%|███████▎  | 182/250 [00:09<00:03, 19.18it/s]
Epoch 3 - Evaluating:  74%|███████▎  | 184/250 [00:09<00:03, 19.13it/s]
Epoch 3 - Evaluating:  74%|███████▍  | 186/250 [00:09<00:03, 19.15it/s]
Epoch 3 - Evaluating:  75%|███████▌  | 188/250 [00:09<00:03, 19.11it/s]
Epoch 3 - Evaluating:  76%|███████▌  | 190/250 [00:09<00:03, 19.15it/s]
Epoch 3 - Evaluating:  77%|███████▋  | 192/250 [00:10<00:03, 19.15it/s]
Epoch 3 - Evaluating:  78%|███████▊  | 194/250 [00:10<00:02, 19.14it/s]
Epoch 3 - Evaluating:  78%|███████▊  | 196/250 [00:10<00:02, 19.17it/s]
Epoch 3 - Evaluating:  79%|███████▉  | 198/250 [00:10<00:02, 19.20it/s]
Epoch 3 - Evaluating:  80%|████████  | 200/250 [00:10<00:02, 19.18it/s]
Epoch 3 - Evaluating:  81%|████████  | 202/250 [00:10<00:02, 19.14it/s]
Epoch 3 - Evaluating:  82%|████████▏ | 204/250 [00:10<00:02, 19.14it/s]
Epoch 3 - Evaluating:  82%|████████▏ | 206/250 [00:10<00:02, 19.16it/s]
Epoch 3 - Evaluating:  83%|████████▎ | 208/250 [00:10<00:02, 19.17it/s]
Epoch 3 - Evaluating:  84%|████████▍ | 210/250 [00:10<00:02, 19.18it/s]
Epoch 3 - Evaluating:  85%|████████▍ | 212/250 [00:11<00:01, 19.11it/s]
Epoch 3 - Evaluating:  86%|████████▌ | 214/250 [00:11<00:01, 19.13it/s]
Epoch 3 - Evaluating:  86%|████████▋ | 216/250 [00:11<00:01, 19.14it/s]
Epoch 3 - Evaluating:  87%|████████▋ | 218/250 [00:11<00:01, 19.14it/s]
Epoch 3 - Evaluating:  88%|████████▊ | 220/250 [00:11<00:01, 19.16it/s]
Epoch 3 - Evaluating:  89%|████████▉ | 222/250 [00:11<00:01, 19.17it/s]
Epoch 3 - Evaluating:  90%|████████▉ | 224/250 [00:11<00:01, 19.19it/s]
Epoch 3 - Evaluating:  90%|█████████ | 226/250 [00:11<00:01, 19.18it/s]
Epoch 3 - Evaluating:  91%|█████████ | 228/250 [00:11<00:01, 19.15it/s]
Epoch 3 - Evaluating:  92%|█████████▏| 230/250 [00:12<00:01, 19.13it/s]
Epoch 3 - Evaluating:  93%|█████████▎| 232/250 [00:12<00:00, 19.13it/s]
Epoch 3 - Evaluating:  94%|█████████▎| 234/250 [00:12<00:00, 19.18it/s]
Epoch 3 - Evaluating:  94%|█████████▍| 236/250 [00:12<00:00, 19.16it/s]
Epoch 3 - Evaluating:  95%|█████████▌| 238/250 [00:12<00:00, 19.17it/s]
Epoch 3 - Evaluating:  96%|█████████▌| 240/250 [00:12<00:00, 19.19it/s]
Epoch 3 - Evaluating:  97%|█████████▋| 242/250 [00:12<00:00, 19.20it/s]
Epoch 3 - Evaluating:  98%|█████████▊| 244/250 [00:12<00:00, 19.18it/s]
Epoch 3 - Evaluating:  98%|█████████▊| 246/250 [00:12<00:00, 19.18it/s]
Epoch 3 - Evaluating:  99%|█████████▉| 248/250 [00:12<00:00, 19.13it/s]
Epoch 3 - Evaluating: 100%|██████████| 250/250 [00:13<00:00, 19.12it/s]
Epoch 3 - Evaluating: 100%|██████████| 250/250 [00:13<00:00, 19.16it/s]
Epoch 3 | Train Loss: 0.5205 | Val Loss: 1.6109

Epoch 4 - Training:   0%|          | 0/1250 [00:00<?, ?it/s]
Epoch 4 - Training:   0%|          | 1/1250 [00:00<04:26,  4.68it/s]
Epoch 4 - Training:   0%|          | 2/1250 [00:00<04:22,  4.76it/s]
Epoch 4 - Training:   0%|          | 3/1250 [00:00<04:19,  4.80it/s]
Epoch 4 - Training:   0%|          | 4/1250 [00:00<04:18,  4.82it/s]
Epoch 4 - Training:   0%|          | 5/1250 [00:01<04:17,  4.83it/s]
Epoch 4 - Training:   0%|          | 6/1250 [00:01<04:19,  4.79it/s]
Epoch 4 - Training:   1%|          | 7/1250 [00:01<04:18,  4.82it/s]
Epoch 4 - Training:   1%|          | 8/1250 [00:01<04:17,  4.82it/s]
Epoch 4 - Training:   1%|          | 9/1250 [00:01<04:16,  4.83it/s]
Epoch 4 - Training:   1%|          | 10/1250 [00:02<04:16,  4.83it/s]
Epoch 4 - Training:   1%|          | 11/1250 [00:02<04:18,  4.80it/s]
Epoch 4 - Training:   1%|          | 12/1250 [00:02<04:17,  4.81it/s]
Epoch 4 - Training:   1%|          | 13/1250 [00:02<04:16,  4.82it/s]
Epoch 4 - Training:   1%|          | 14/1250 [00:02<04:16,  4.83it/s]
Epoch 4 - Training:   1%|          | 15/1250 [00:03<04:15,  4.83it/s]
Epoch 4 - Training:   1%|▏         | 16/1250 [00:03<04:17,  4.80it/s]
Epoch 4 - Training:   1%|▏         | 17/1250 [00:03<04:15,  4.82it/s]
Epoch 4 - Training:   1%|▏         | 18/1250 [00:03<04:15,  4.82it/s]
Epoch 4 - Training:   2%|▏         | 19/1250 [00:03<04:14,  4.83it/s]
Epoch 4 - Training:   2%|▏         | 20/1250 [00:04<04:14,  4.83it/s]
Epoch 4 - Training:   2%|▏         | 21/1250 [00:04<04:15,  4.80it/s]
Epoch 4 - Training:   2%|▏         | 22/1250 [00:04<04:15,  4.81it/s]
Epoch 4 - Training:   2%|▏         | 23/1250 [00:04<04:14,  4.82it/s]
Epoch 4 - Training:   2%|▏         | 24/1250 [00:04<04:14,  4.82it/s]
Epoch 4 - Training:   2%|▏         | 25/1250 [00:05<04:13,  4.83it/s]
Epoch 4 - Training:   2%|▏         | 26/1250 [00:05<04:14,  4.81it/s]
Epoch 4 - Training:   2%|▏         | 27/1250 [00:05<04:13,  4.83it/s]
Epoch 4 - Training:   2%|▏         | 28/1250 [00:05<04:12,  4.83it/s]
Epoch 4 - Training:   2%|▏         | 29/1250 [00:06<04:12,  4.83it/s]
Epoch 4 - Training:   2%|▏         | 30/1250 [00:06<04:12,  4.84it/s]
Epoch 4 - Training:   2%|▏         | 31/1250 [00:06<04:13,  4.80it/s]
Epoch 4 - Training:   3%|▎         | 32/1250 [00:06<04:13,  4.81it/s]
Epoch 4 - Training:   3%|▎         | 33/1250 [00:06<04:12,  4.81it/s]
Epoch 4 - Training:   3%|▎         | 34/1250 [00:07<04:12,  4.82it/s]
Epoch 4 - Training:   3%|▎         | 35/1250 [00:07<04:12,  4.82it/s]
Epoch 4 - Training:   3%|▎         | 36/1250 [00:07<04:13,  4.80it/s]
Epoch 4 - Training:   3%|▎         | 37/1250 [00:07<04:12,  4.81it/s]
Epoch 4 - Training:   3%|▎         | 38/1250 [00:07<04:11,  4.81it/s]
Epoch 4 - Training:   3%|▎         | 39/1250 [00:08<04:11,  4.81it/s]
Epoch 4 - Training:   3%|▎         | 40/1250 [00:08<04:10,  4.83it/s]
Epoch 4 - Training:   3%|▎         | 41/1250 [00:08<04:12,  4.79it/s]
Epoch 4 - Training:   3%|▎         | 42/1250 [00:08<04:11,  4.81it/s]
Epoch 4 - Training:   3%|▎         | 43/1250 [00:08<04:10,  4.81it/s]
Epoch 4 - Training:   4%|▎         | 44/1250 [00:09<04:10,  4.82it/s]
Epoch 4 - Training:   4%|▎         | 45/1250 [00:09<04:09,  4.83it/s]
Epoch 4 - Training:   4%|▎         | 46/1250 [00:09<04:11,  4.79it/s]
Epoch 4 - Training:   4%|▍         | 47/1250 [00:09<04:10,  4.80it/s]
Epoch 4 - Training:   4%|▍         | 48/1250 [00:09<04:09,  4.82it/s]
Epoch 4 - Training:   4%|▍         | 49/1250 [00:10<04:09,  4.82it/s]
Epoch 4 - Training:   4%|▍         | 50/1250 [00:10<04:08,  4.83it/s]
Epoch 4 - Training:   4%|▍         | 51/1250 [00:10<04:09,  4.80it/s]
Epoch 4 - Training:   4%|▍         | 52/1250 [00:10<04:08,  4.82it/s]
Epoch 4 - Training:   4%|▍         | 53/1250 [00:11<04:07,  4.83it/s]
Epoch 4 - Training:   4%|▍         | 54/1250 [00:11<04:07,  4.82it/s]
Epoch 4 - Training:   4%|▍         | 55/1250 [00:11<04:07,  4.83it/s]
Epoch 4 - Training:   4%|▍         | 56/1250 [00:11<04:08,  4.80it/s]
Epoch 4 - Training:   5%|▍         | 57/1250 [00:11<04:07,  4.81it/s]
Epoch 4 - Training:   5%|▍         | 58/1250 [00:12<04:07,  4.82it/s]
Epoch 4 - Training:   5%|▍         | 59/1250 [00:12<04:07,  4.82it/s]
Epoch 4 - Training:   5%|▍         | 60/1250 [00:12<04:06,  4.83it/s]
Epoch 4 - Training:   5%|▍         | 61/1250 [00:12<04:07,  4.80it/s]
Epoch 4 - Training:   5%|▍         | 62/1250 [00:12<04:06,  4.82it/s]
Epoch 4 - Training:   5%|▌         | 63/1250 [00:13<04:06,  4.82it/s]
Epoch 4 - Training:   5%|▌         | 64/1250 [00:13<04:05,  4.82it/s]
Epoch 4 - Training:   5%|▌         | 65/1250 [00:13<04:05,  4.83it/s]
Epoch 4 - Training:   5%|▌         | 66/1250 [00:13<04:07,  4.79it/s]
Epoch 4 - Training:   5%|▌         | 67/1250 [00:13<04:06,  4.80it/s]
Epoch 4 - Training:   5%|▌         | 68/1250 [00:14<04:05,  4.81it/s]
Epoch 4 - Training:   6%|▌         | 69/1250 [00:14<04:04,  4.82it/s]
Epoch 4 - Training:   6%|▌         | 70/1250 [00:14<04:04,  4.82it/s]
Epoch 4 - Training:   6%|▌         | 71/1250 [00:14<04:05,  4.80it/s]
Epoch 4 - Training:   6%|▌         | 72/1250 [00:14<04:05,  4.81it/s]
Epoch 4 - Training:   6%|▌         | 73/1250 [00:15<04:04,  4.82it/s]
Epoch 4 - Training:   6%|▌         | 74/1250 [00:15<04:03,  4.82it/s]
Epoch 4 - Training:   6%|▌         | 75/1250 [00:15<04:03,  4.83it/s]
Epoch 4 - Training:   6%|▌         | 76/1250 [00:15<04:05,  4.79it/s]
Epoch 4 - Training:   6%|▌         | 77/1250 [00:15<04:04,  4.80it/s]
Epoch 4 - Training:   6%|▌         | 78/1250 [00:16<04:03,  4.81it/s]
Epoch 4 - Training:   6%|▋         | 79/1250 [00:16<04:02,  4.82it/s]
Epoch 4 - Training:   6%|▋         | 80/1250 [00:16<04:02,  4.82it/s]
Epoch 4 - Training:   6%|▋         | 81/1250 [00:16<04:03,  4.80it/s]
Epoch 4 - Training:   7%|▋         | 82/1250 [00:17<04:02,  4.81it/s]
Epoch 4 - Training:   7%|▋         | 83/1250 [00:17<04:02,  4.82it/s]
Epoch 4 - Training:   7%|▋         | 84/1250 [00:17<04:01,  4.82it/s]
Epoch 4 - Training:   7%|▋         | 85/1250 [00:17<04:00,  4.83it/s]
Epoch 4 - Training:   7%|▋         | 86/1250 [00:17<04:02,  4.80it/s]
Epoch 4 - Training:   7%|▋         | 87/1250 [00:18<04:01,  4.82it/s]
Epoch 4 - Training:   7%|▋         | 88/1250 [00:18<04:01,  4.82it/s]
Epoch 4 - Training:   7%|▋         | 89/1250 [00:18<04:00,  4.83it/s]
Epoch 4 - Training:   7%|▋         | 90/1250 [00:18<04:00,  4.83it/s]
Epoch 4 - Training:   7%|▋         | 91/1250 [00:18<04:01,  4.80it/s]
Epoch 4 - Training:   7%|▋         | 92/1250 [00:19<04:00,  4.81it/s]
Epoch 4 - Training:   7%|▋         | 93/1250 [00:19<04:00,  4.82it/s]
Epoch 4 - Training:   8%|▊         | 94/1250 [00:19<04:00,  4.82it/s]
Epoch 4 - Training:   8%|▊         | 95/1250 [00:19<03:59,  4.82it/s]
Epoch 4 - Training:   8%|▊         | 96/1250 [00:19<04:00,  4.79it/s]
Epoch 4 - Training:   8%|▊         | 97/1250 [00:20<03:59,  4.80it/s]
Epoch 4 - Training:   8%|▊         | 98/1250 [00:20<03:59,  4.82it/s]
Epoch 4 - Training:   8%|▊         | 99/1250 [00:20<03:58,  4.82it/s]
Epoch 4 - Training:   8%|▊         | 100/1250 [00:20<03:58,  4.82it/s]
Epoch 4 - Training:   8%|▊         | 101/1250 [00:20<03:59,  4.80it/s]
Epoch 4 - Training:   8%|▊         | 102/1250 [00:21<03:58,  4.81it/s]
Epoch 4 - Training:   8%|▊         | 103/1250 [00:21<03:58,  4.82it/s]
Epoch 4 - Training:   8%|▊         | 104/1250 [00:21<03:57,  4.83it/s]
Epoch 4 - Training:   8%|▊         | 105/1250 [00:21<03:56,  4.83it/s]
Epoch 4 - Training:   8%|▊         | 106/1250 [00:22<03:58,  4.81it/s]
Epoch 4 - Training:   9%|▊         | 107/1250 [00:22<03:57,  4.81it/s]
Epoch 4 - Training:   9%|▊         | 108/1250 [00:22<03:56,  4.82it/s]
Epoch 4 - Training:   9%|▊         | 109/1250 [00:22<03:56,  4.82it/s]
Epoch 4 - Training:   9%|▉         | 110/1250 [00:22<03:56,  4.83it/s]
Epoch 4 - Training:   9%|▉         | 111/1250 [00:23<03:57,  4.79it/s]
Epoch 4 - Training:   9%|▉         | 112/1250 [00:23<03:56,  4.80it/s]
Epoch 4 - Training:   9%|▉         | 113/1250 [00:23<03:56,  4.81it/s]
Epoch 4 - Training:   9%|▉         | 114/1250 [00:23<03:55,  4.82it/s]
Epoch 4 - Training:   9%|▉         | 115/1250 [00:23<03:55,  4.82it/s]
Epoch 4 - Training:   9%|▉         | 116/1250 [00:24<03:56,  4.79it/s]
Epoch 4 - Training:   9%|▉         | 117/1250 [00:24<03:55,  4.81it/s]
Epoch 4 - Training:   9%|▉         | 118/1250 [00:24<03:55,  4.81it/s]
Epoch 4 - Training:  10%|▉         | 119/1250 [00:24<03:54,  4.83it/s]
Epoch 4 - Training:  10%|▉         | 120/1250 [00:24<03:53,  4.84it/s]
Epoch 4 - Training:  10%|▉         | 121/1250 [00:25<03:55,  4.80it/s]
Epoch 4 - Training:  10%|▉         | 122/1250 [00:25<03:54,  4.81it/s]
Epoch 4 - Training:  10%|▉         | 123/1250 [00:25<03:53,  4.82it/s]
Epoch 4 - Training:  10%|▉         | 124/1250 [00:25<03:53,  4.83it/s]
Epoch 4 - Training:  10%|█         | 125/1250 [00:25<03:52,  4.83it/s]
Epoch 4 - Training:  10%|█         | 126/1250 [00:26<03:54,  4.80it/s]
Epoch 4 - Training:  10%|█         | 127/1250 [00:26<03:53,  4.81it/s]
Epoch 4 - Training:  10%|█         | 128/1250 [00:26<03:53,  4.81it/s]
Epoch 4 - Training:  10%|█         | 129/1250 [00:26<03:52,  4.82it/s]
Epoch 4 - Training:  10%|█         | 130/1250 [00:26<03:52,  4.83it/s]
Epoch 4 - Training:  10%|█         | 131/1250 [00:27<03:53,  4.80it/s]
Epoch 4 - Training:  11%|█         | 132/1250 [00:27<03:52,  4.82it/s]
Epoch 4 - Training:  11%|█         | 133/1250 [00:27<03:51,  4.82it/s]
Epoch 4 - Training:  11%|█         | 134/1250 [00:27<03:50,  4.83it/s]
Epoch 4 - Training:  11%|█         | 135/1250 [00:28<03:50,  4.83it/s]
Epoch 4 - Training:  11%|█         | 136/1250 [00:28<03:51,  4.80it/s]
Epoch 4 - Training:  11%|█         | 137/1250 [00:28<03:51,  4.81it/s]
Epoch 4 - Training:  11%|█         | 138/1250 [00:28<03:50,  4.82it/s]
Epoch 4 - Training:  11%|█         | 139/1250 [00:28<03:50,  4.82it/s]
Epoch 4 - Training:  11%|█         | 140/1250 [00:29<03:49,  4.83it/s]
Epoch 4 - Training:  11%|█▏        | 141/1250 [00:29<03:51,  4.79it/s]
Epoch 4 - Training:  11%|█▏        | 142/1250 [00:29<03:50,  4.81it/s]
Epoch 4 - Training:  11%|█▏        | 143/1250 [00:29<03:49,  4.82it/s]
Epoch 4 - Training:  12%|█▏        | 144/1250 [00:29<03:49,  4.83it/s]
Epoch 4 - Training:  12%|█▏        | 145/1250 [00:30<03:48,  4.83it/s]
Epoch 4 - Training:  12%|█▏        | 146/1250 [00:30<03:49,  4.81it/s]
Epoch 4 - Training:  12%|█▏        | 147/1250 [00:30<03:49,  4.81it/s]
Epoch 4 - Training:  12%|█▏        | 148/1250 [00:30<03:48,  4.81it/s]
Epoch 4 - Training:  12%|█▏        | 149/1250 [00:30<03:48,  4.82it/s]
Epoch 4 - Training:  12%|█▏        | 150/1250 [00:31<03:47,  4.83it/s]
Epoch 4 - Training:  12%|█▏        | 151/1250 [00:31<03:49,  4.79it/s]
Epoch 4 - Training:  12%|█▏        | 152/1250 [00:31<03:48,  4.80it/s]
Epoch 4 - Training:  12%|█▏        | 153/1250 [00:31<03:47,  4.81it/s]
Epoch 4 - Training:  12%|█▏        | 154/1250 [00:31<03:47,  4.82it/s]
Epoch 4 - Training:  12%|█▏        | 155/1250 [00:32<03:46,  4.83it/s]
Epoch 4 - Training:  12%|█▏        | 156/1250 [00:32<03:48,  4.79it/s]
Epoch 4 - Training:  13%|█▎        | 157/1250 [00:32<03:47,  4.80it/s]
Epoch 4 - Training:  13%|█▎        | 158/1250 [00:32<03:46,  4.82it/s]
Epoch 4 - Training:  13%|█▎        | 159/1250 [00:33<03:46,  4.82it/s]
Epoch 4 - Training:  13%|█▎        | 160/1250 [00:33<03:45,  4.83it/s]
Epoch 4 - Training:  13%|█▎        | 161/1250 [00:33<03:47,  4.79it/s]
Epoch 4 - Training:  13%|█▎        | 162/1250 [00:33<03:46,  4.80it/s]
Epoch 4 - Training:  13%|█▎        | 163/1250 [00:33<03:45,  4.82it/s]
Epoch 4 - Training:  13%|█▎        | 164/1250 [00:34<03:45,  4.82it/s]
Epoch 4 - Training:  13%|█▎        | 165/1250 [00:34<03:44,  4.82it/s]
Epoch 4 - Training:  13%|█▎        | 166/1250 [00:34<03:45,  4.80it/s]
Epoch 4 - Training:  13%|█▎        | 167/1250 [00:34<03:45,  4.81it/s]
Epoch 4 - Training:  13%|█▎        | 168/1250 [00:34<03:44,  4.81it/s]
Epoch 4 - Training:  14%|█▎        | 169/1250 [00:35<03:44,  4.82it/s]
Epoch 4 - Training:  14%|█▎        | 170/1250 [00:35<03:43,  4.83it/s]
Epoch 4 - Training:  14%|█▎        | 171/1250 [00:35<03:44,  4.80it/s]
Epoch 4 - Training:  14%|█▍        | 172/1250 [00:35<03:43,  4.82it/s]
Epoch 4 - Training:  14%|█▍        | 173/1250 [00:35<03:43,  4.83it/s]
Epoch 4 - Training:  14%|█▍        | 174/1250 [00:36<03:42,  4.84it/s]
Epoch 4 - Training:  14%|█▍        | 175/1250 [00:36<03:42,  4.84it/s]
Epoch 4 - Training:  14%|█▍        | 176/1250 [00:36<03:43,  4.80it/s]
Epoch 4 - Training:  14%|█▍        | 177/1250 [00:36<03:43,  4.81it/s]
Epoch 4 - Training:  14%|█▍        | 178/1250 [00:36<03:42,  4.82it/s]
Epoch 4 - Training:  14%|█▍        | 179/1250 [00:37<03:42,  4.82it/s]
Epoch 4 - Training:  14%|█▍        | 180/1250 [00:37<03:41,  4.83it/s]
Epoch 4 - Training:  14%|█▍        | 181/1250 [00:37<03:43,  4.79it/s]
Epoch 4 - Training:  15%|█▍        | 182/1250 [00:37<03:42,  4.81it/s]
Epoch 4 - Training:  15%|█▍        | 183/1250 [00:38<03:41,  4.82it/s]
Epoch 4 - Training:  15%|█▍        | 184/1250 [00:38<03:41,  4.82it/s]
Epoch 4 - Training:  15%|█▍        | 185/1250 [00:38<03:40,  4.83it/s]
Epoch 4 - Training:  15%|█▍        | 186/1250 [00:38<03:41,  4.80it/s]
Epoch 4 - Training:  15%|█▍        | 187/1250 [00:38<03:40,  4.82it/s]
Epoch 4 - Training:  15%|█▌        | 188/1250 [00:39<03:40,  4.82it/s]
Epoch 4 - Training:  15%|█▌        | 189/1250 [00:39<03:39,  4.83it/s]
Epoch 4 - Training:  15%|█▌        | 190/1250 [00:39<03:39,  4.83it/s]
Epoch 4 - Training:  15%|█▌        | 191/1250 [00:39<03:40,  4.80it/s]
Epoch 4 - Training:  15%|█▌        | 192/1250 [00:39<03:39,  4.82it/s]
Epoch 4 - Training:  15%|█▌        | 193/1250 [00:40<03:39,  4.82it/s]
Epoch 4 - Training:  16%|█▌        | 194/1250 [00:40<03:38,  4.83it/s]
Epoch 4 - Training:  16%|█▌        | 195/1250 [00:40<03:38,  4.83it/s]
Epoch 4 - Training:  16%|█▌        | 196/1250 [00:40<03:39,  4.80it/s]
Epoch 4 - Training:  16%|█▌        | 197/1250 [00:40<03:39,  4.81it/s]
Epoch 4 - Training:  16%|█▌        | 198/1250 [00:41<03:38,  4.81it/s]
Epoch 4 - Training:  16%|█▌        | 199/1250 [00:41<03:38,  4.81it/s]
Epoch 4 - Training:  16%|█▌        | 200/1250 [00:41<03:37,  4.82it/s]
Epoch 4 - Training:  16%|█▌        | 201/1250 [00:41<03:39,  4.79it/s]
Epoch 4 - Training:  16%|█▌        | 202/1250 [00:41<03:38,  4.80it/s]
Epoch 4 - Training:  16%|█▌        | 203/1250 [00:42<03:37,  4.81it/s]
Epoch 4 - Training:  16%|█▋        | 204/1250 [00:42<03:37,  4.82it/s]
Epoch 4 - Training:  16%|█▋        | 205/1250 [00:42<03:36,  4.83it/s]
Epoch 4 - Training:  16%|█▋        | 206/1250 [00:42<03:37,  4.79it/s]
Epoch 4 - Training:  17%|█▋        | 207/1250 [00:42<03:37,  4.81it/s]
Epoch 4 - Training:  17%|█▋        | 208/1250 [00:43<03:36,  4.82it/s]
Epoch 4 - Training:  17%|█▋        | 209/1250 [00:43<03:35,  4.83it/s]
Epoch 4 - Training:  17%|█▋        | 210/1250 [00:43<03:35,  4.83it/s]
Epoch 4 - Training:  17%|█▋        | 211/1250 [00:43<03:36,  4.80it/s]
Epoch 4 - Training:  17%|█▋        | 212/1250 [00:44<03:35,  4.81it/s]
Epoch 4 - Training:  17%|█▋        | 213/1250 [00:44<03:35,  4.82it/s]
Epoch 4 - Training:  17%|█▋        | 214/1250 [00:44<03:34,  4.83it/s]
Epoch 4 - Training:  17%|█▋        | 215/1250 [00:44<03:34,  4.82it/s]
Epoch 4 - Training:  17%|█▋        | 216/1250 [00:44<03:35,  4.80it/s]
Epoch 4 - Training:  17%|█▋        | 217/1250 [00:45<03:34,  4.82it/s]
Epoch 4 - Training:  17%|█▋        | 218/1250 [00:45<03:33,  4.82it/s]
Epoch 4 - Training:  18%|█▊        | 219/1250 [00:45<03:33,  4.83it/s]
Epoch 4 - Training:  18%|█▊        | 220/1250 [00:45<03:33,  4.83it/s]
Epoch 4 - Training:  18%|█▊        | 221/1250 [00:45<03:34,  4.80it/s]
Epoch 4 - Training:  18%|█▊        | 222/1250 [00:46<03:33,  4.81it/s]
Epoch 4 - Training:  18%|█▊        | 223/1250 [00:46<03:33,  4.82it/s]
Epoch 4 - Training:  18%|█▊        | 224/1250 [00:46<03:32,  4.82it/s]
Epoch 4 - Training:  18%|█▊        | 225/1250 [00:46<03:32,  4.83it/s]
Epoch 4 - Training:  18%|█▊        | 226/1250 [00:46<03:33,  4.79it/s]
Epoch 4 - Training:  18%|█▊        | 227/1250 [00:47<03:33,  4.80it/s]
Epoch 4 - Training:  18%|█▊        | 228/1250 [00:47<03:32,  4.82it/s]
Epoch 4 - Training:  18%|█▊        | 229/1250 [00:47<03:31,  4.82it/s]
Epoch 4 - Training:  18%|█▊        | 230/1250 [00:47<03:31,  4.83it/s]
Epoch 4 - Training:  18%|█▊        | 231/1250 [00:47<03:32,  4.80it/s]
Epoch 4 - Training:  19%|█▊        | 232/1250 [00:48<03:31,  4.81it/s]
Epoch 4 - Training:  19%|█▊        | 233/1250 [00:48<03:30,  4.82it/s]
Epoch 4 - Training:  19%|█▊        | 234/1250 [00:48<03:30,  4.82it/s]
Epoch 4 - Training:  19%|█▉        | 235/1250 [00:48<03:30,  4.83it/s]
Epoch 4 - Training:  19%|█▉        | 236/1250 [00:49<03:31,  4.80it/s]
Epoch 4 - Training:  19%|█▉        | 237/1250 [00:49<03:30,  4.82it/s]
Epoch 4 - Training:  19%|█▉        | 238/1250 [00:49<03:30,  4.81it/s]
Epoch 4 - Training:  19%|█▉        | 239/1250 [00:49<03:29,  4.83it/s]
Epoch 4 - Training:  19%|█▉        | 240/1250 [00:49<03:29,  4.83it/s]
Epoch 4 - Training:  19%|█▉        | 241/1250 [00:50<03:30,  4.80it/s]
Epoch 4 - Training:  19%|█▉        | 242/1250 [00:50<03:29,  4.82it/s]
Epoch 4 - Training:  19%|█▉        | 243/1250 [00:50<03:28,  4.82it/s]
Epoch 4 - Training:  20%|█▉        | 244/1250 [00:50<03:28,  4.83it/s]
Epoch 4 - Training:  20%|█▉        | 245/1250 [00:50<03:28,  4.83it/s]
Epoch 4 - Training:  20%|█▉        | 246/1250 [00:51<03:29,  4.80it/s]
Epoch 4 - Training:  20%|█▉        | 247/1250 [00:51<03:28,  4.81it/s]
Epoch 4 - Training:  20%|█▉        | 248/1250 [00:51<03:27,  4.82it/s]
Epoch 4 - Training:  20%|█▉        | 249/1250 [00:51<03:27,  4.83it/s]
Epoch 4 - Training:  20%|██        | 250/1250 [00:51<03:26,  4.84it/s]
Epoch 4 - Training:  20%|██        | 251/1250 [00:52<03:27,  4.80it/s]
Epoch 4 - Training:  20%|██        | 252/1250 [00:52<03:27,  4.81it/s]
Epoch 4 - Training:  20%|██        | 253/1250 [00:52<03:26,  4.82it/s]
Epoch 4 - Training:  20%|██        | 254/1250 [00:52<03:26,  4.83it/s]
Epoch 4 - Training:  20%|██        | 255/1250 [00:52<03:26,  4.83it/s]
Epoch 4 - Training:  20%|██        | 256/1250 [00:53<03:26,  4.80it/s]
Epoch 4 - Training:  21%|██        | 257/1250 [00:53<03:26,  4.81it/s]
Epoch 4 - Training:  21%|██        | 258/1250 [00:53<03:25,  4.82it/s]
Epoch 4 - Training:  21%|██        | 259/1250 [00:53<03:25,  4.83it/s]
Epoch 4 - Training:  21%|██        | 260/1250 [00:53<03:24,  4.83it/s]
Epoch 4 - Training:  21%|██        | 261/1250 [00:54<03:26,  4.79it/s]
Epoch 4 - Training:  21%|██        | 262/1250 [00:54<03:25,  4.80it/s]
Epoch 4 - Training:  21%|██        | 263/1250 [00:54<03:25,  4.81it/s]
Epoch 4 - Training:  21%|██        | 264/1250 [00:54<03:24,  4.82it/s]
Epoch 4 - Training:  21%|██        | 265/1250 [00:55<03:23,  4.83it/s]
Epoch 4 - Training:  21%|██▏       | 266/1250 [00:55<03:25,  4.80it/s]
Epoch 4 - Training:  21%|██▏       | 267/1250 [00:55<03:24,  4.81it/s]
Epoch 4 - Training:  21%|██▏       | 268/1250 [00:55<03:23,  4.82it/s]
Epoch 4 - Training:  22%|██▏       | 269/1250 [00:55<03:23,  4.82it/s]
Epoch 4 - Training:  22%|██▏       | 270/1250 [00:56<03:23,  4.82it/s]
Epoch 4 - Training:  22%|██▏       | 271/1250 [00:56<03:24,  4.80it/s]
Epoch 4 - Training:  22%|██▏       | 272/1250 [00:56<03:23,  4.81it/s]
Epoch 4 - Training:  22%|██▏       | 273/1250 [00:56<03:22,  4.82it/s]
Epoch 4 - Training:  22%|██▏       | 274/1250 [00:56<03:22,  4.83it/s]
Epoch 4 - Training:  22%|██▏       | 275/1250 [00:57<03:22,  4.82it/s]
Epoch 4 - Training:  22%|██▏       | 276/1250 [00:57<03:22,  4.80it/s]
Epoch 4 - Training:  22%|██▏       | 277/1250 [00:57<03:22,  4.81it/s]
Epoch 4 - Training:  22%|██▏       | 278/1250 [00:57<03:21,  4.83it/s]
Epoch 4 - Training:  22%|██▏       | 279/1250 [00:57<03:21,  4.82it/s]
Epoch 4 - Training:  22%|██▏       | 280/1250 [00:58<03:21,  4.82it/s]
Epoch 4 - Training:  22%|██▏       | 281/1250 [00:58<03:22,  4.79it/s]
Epoch 4 - Training:  23%|██▎       | 282/1250 [00:58<03:21,  4.80it/s]
Epoch 4 - Training:  23%|██▎       | 283/1250 [00:58<03:20,  4.82it/s]
Epoch 4 - Training:  23%|██▎       | 284/1250 [00:58<03:20,  4.82it/s]
Epoch 4 - Training:  23%|██▎       | 285/1250 [00:59<03:19,  4.83it/s]
Epoch 4 - Training:  23%|██▎       | 286/1250 [00:59<03:20,  4.80it/s]
Epoch 4 - Training:  23%|██▎       | 287/1250 [00:59<03:20,  4.81it/s]
Epoch 4 - Training:  23%|██▎       | 288/1250 [00:59<03:19,  4.82it/s]
Epoch 4 - Training:  23%|██▎       | 289/1250 [01:00<03:19,  4.82it/s]
Epoch 4 - Training:  23%|██▎       | 290/1250 [01:00<03:18,  4.83it/s]
Epoch 4 - Training:  23%|██▎       | 291/1250 [01:00<03:19,  4.80it/s]
Epoch 4 - Training:  23%|██▎       | 292/1250 [01:00<03:18,  4.82it/s]
Epoch 4 - Training:  23%|██▎       | 293/1250 [01:00<03:18,  4.82it/s]
Epoch 4 - Training:  24%|██▎       | 294/1250 [01:01<03:17,  4.83it/s]
Epoch 4 - Training:  24%|██▎       | 295/1250 [01:01<03:17,  4.83it/s]
Epoch 4 - Training:  24%|██▎       | 296/1250 [01:01<03:18,  4.80it/s]
Epoch 4 - Training:  24%|██▍       | 297/1250 [01:01<03:18,  4.81it/s]
Epoch 4 - Training:  24%|██▍       | 298/1250 [01:01<03:17,  4.82it/s]
Epoch 4 - Training:  24%|██▍       | 299/1250 [01:02<03:17,  4.82it/s]
Epoch 4 - Training:  24%|██▍       | 300/1250 [01:02<03:16,  4.83it/s]
Epoch 4 - Training:  24%|██▍       | 301/1250 [01:02<03:17,  4.79it/s]
Epoch 4 - Training:  24%|██▍       | 302/1250 [01:02<03:17,  4.80it/s]
Epoch 4 - Training:  24%|██▍       | 303/1250 [01:02<03:16,  4.82it/s]
Epoch 4 - Training:  24%|██▍       | 304/1250 [01:03<03:16,  4.82it/s]
Epoch 4 - Training:  24%|██▍       | 305/1250 [01:03<03:15,  4.83it/s]
Epoch 4 - Training:  24%|██▍       | 306/1250 [01:03<03:16,  4.80it/s]
Epoch 4 - Training:  25%|██▍       | 307/1250 [01:03<03:15,  4.81it/s]
Epoch 4 - Training:  25%|██▍       | 308/1250 [01:03<03:15,  4.81it/s]
Epoch 4 - Training:  25%|██▍       | 309/1250 [01:04<03:14,  4.83it/s]
Epoch 4 - Training:  25%|██▍       | 310/1250 [01:04<03:14,  4.82it/s]
Epoch 4 - Training:  25%|██▍       | 311/1250 [01:04<03:15,  4.80it/s]
Epoch 4 - Training:  25%|██▍       | 312/1250 [01:04<03:14,  4.81it/s]
Epoch 4 - Training:  25%|██▌       | 313/1250 [01:04<03:14,  4.82it/s]
Epoch 4 - Training:  25%|██▌       | 314/1250 [01:05<03:14,  4.82it/s]
Epoch 4 - Training:  25%|██▌       | 315/1250 [01:05<03:13,  4.83it/s]
Epoch 4 - Training:  25%|██▌       | 316/1250 [01:05<03:14,  4.79it/s]
Epoch 4 - Training:  25%|██▌       | 317/1250 [01:05<03:14,  4.80it/s]
Epoch 4 - Training:  25%|██▌       | 318/1250 [01:06<03:13,  4.82it/s]
Epoch 4 - Training:  26%|██▌       | 319/1250 [01:06<03:13,  4.82it/s]
Epoch 4 - Training:  26%|██▌       | 320/1250 [01:06<03:12,  4.83it/s]
Epoch 4 - Training:  26%|██▌       | 321/1250 [01:06<03:13,  4.80it/s]
Epoch 4 - Training:  26%|██▌       | 322/1250 [01:06<03:12,  4.81it/s]
Epoch 4 - Training:  26%|██▌       | 323/1250 [01:07<03:12,  4.82it/s]
Epoch 4 - Training:  26%|██▌       | 324/1250 [01:07<03:11,  4.83it/s]
Epoch 4 - Training:  26%|██▌       | 325/1250 [01:07<03:11,  4.82it/s]
Epoch 4 - Training:  26%|██▌       | 326/1250 [01:07<03:12,  4.80it/s]
Epoch 4 - Training:  26%|██▌       | 327/1250 [01:07<03:11,  4.82it/s]
Epoch 4 - Training:  26%|██▌       | 328/1250 [01:08<03:11,  4.82it/s]
Epoch 4 - Training:  26%|██▋       | 329/1250 [01:08<03:10,  4.82it/s]
Epoch 4 - Training:  26%|██▋       | 330/1250 [01:08<03:10,  4.83it/s]
Epoch 4 - Training:  26%|██▋       | 331/1250 [01:08<03:11,  4.79it/s]
Epoch 4 - Training:  27%|██▋       | 332/1250 [01:08<03:11,  4.80it/s]
Epoch 4 - Training:  27%|██▋       | 333/1250 [01:09<03:10,  4.81it/s]
Epoch 4 - Training:  27%|██▋       | 334/1250 [01:09<03:10,  4.82it/s]
Epoch 4 - Training:  27%|██▋       | 335/1250 [01:09<03:09,  4.83it/s]
Epoch 4 - Training:  27%|██▋       | 336/1250 [01:09<03:10,  4.79it/s]
Epoch 4 - Training:  27%|██▋       | 337/1250 [01:09<03:10,  4.80it/s]
Epoch 4 - Training:  27%|██▋       | 338/1250 [01:10<03:09,  4.82it/s]
Epoch 4 - Training:  27%|██▋       | 339/1250 [01:10<03:08,  4.83it/s]
Epoch 4 - Training:  27%|██▋       | 340/1250 [01:10<03:08,  4.83it/s]
Epoch 4 - Training:  27%|██▋       | 341/1250 [01:10<03:09,  4.80it/s]
Epoch 4 - Training:  27%|██▋       | 342/1250 [01:11<03:08,  4.81it/s]
Epoch 4 - Training:  27%|██▋       | 343/1250 [01:11<03:08,  4.81it/s]
Epoch 4 - Training:  28%|██▊       | 344/1250 [01:11<03:07,  4.83it/s]
Epoch 4 - Training:  28%|██▊       | 345/1250 [01:11<03:07,  4.83it/s]
Epoch 4 - Training:  28%|██▊       | 346/1250 [01:11<03:08,  4.80it/s]
Epoch 4 - Training:  28%|██▊       | 347/1250 [01:12<03:07,  4.81it/s]
Epoch 4 - Training:  28%|██▊       | 348/1250 [01:12<03:06,  4.83it/s]
Epoch 4 - Training:  28%|██▊       | 349/1250 [01:12<03:06,  4.82it/s]
Epoch 4 - Training:  28%|██▊       | 350/1250 [01:12<03:06,  4.83it/s]
Epoch 4 - Training:  28%|██▊       | 351/1250 [01:12<03:07,  4.80it/s]
Epoch 4 - Training:  28%|██▊       | 352/1250 [01:13<03:06,  4.82it/s]
Epoch 4 - Training:  28%|██▊       | 353/1250 [01:13<03:06,  4.82it/s]
Epoch 4 - Training:  28%|██▊       | 354/1250 [01:13<03:05,  4.83it/s]
Epoch 4 - Training:  28%|██▊       | 355/1250 [01:13<03:05,  4.83it/s]
Epoch 4 - Training:  28%|██▊       | 356/1250 [01:13<03:06,  4.80it/s]
Epoch 4 - Training:  29%|██▊       | 357/1250 [01:14<03:05,  4.81it/s]
Epoch 4 - Training:  29%|██▊       | 358/1250 [01:14<03:04,  4.83it/s]
Epoch 4 - Training:  29%|██▊       | 359/1250 [01:14<03:04,  4.83it/s]
Epoch 4 - Training:  29%|██▉       | 360/1250 [01:14<03:04,  4.83it/s]
Epoch 4 - Training:  29%|██▉       | 361/1250 [01:14<03:04,  4.81it/s]
Epoch 4 - Training:  29%|██▉       | 362/1250 [01:15<03:04,  4.82it/s]
Epoch 4 - Training:  29%|██▉       | 363/1250 [01:15<03:03,  4.83it/s]
Epoch 4 - Training:  29%|██▉       | 364/1250 [01:15<03:02,  4.84it/s]
Epoch 4 - Training:  29%|██▉       | 365/1250 [01:15<03:03,  4.83it/s]
Epoch 4 - Training:  29%|██▉       | 366/1250 [01:16<03:04,  4.80it/s]
Epoch 4 - Training:  29%|██▉       | 367/1250 [01:16<03:03,  4.82it/s]
Epoch 4 - Training:  29%|██▉       | 368/1250 [01:16<03:02,  4.83it/s]
Epoch 4 - Training:  30%|██▉       | 369/1250 [01:16<03:02,  4.82it/s]
Epoch 4 - Training:  30%|██▉       | 370/1250 [01:16<03:02,  4.83it/s]
Epoch 4 - Training:  30%|██▉       | 371/1250 [01:17<03:03,  4.79it/s]
Epoch 4 - Training:  30%|██▉       | 372/1250 [01:17<03:02,  4.81it/s]
Epoch 4 - Training:  30%|██▉       | 373/1250 [01:17<03:02,  4.82it/s]
Epoch 4 - Training:  30%|██▉       | 374/1250 [01:17<03:01,  4.82it/s]
Epoch 4 - Training:  30%|███       | 375/1250 [01:17<03:01,  4.82it/s]
Epoch 4 - Training:  30%|███       | 376/1250 [01:18<03:02,  4.80it/s]
Epoch 4 - Training:  30%|███       | 377/1250 [01:18<03:01,  4.81it/s]
Epoch 4 - Training:  30%|███       | 378/1250 [01:18<03:00,  4.82it/s]
Epoch 4 - Training:  30%|███       | 379/1250 [01:18<03:00,  4.82it/s]
Epoch 4 - Training:  30%|███       | 380/1250 [01:18<03:00,  4.83it/s]
Epoch 4 - Training:  30%|███       | 381/1250 [01:19<03:00,  4.80it/s]
Epoch 4 - Training:  31%|███       | 382/1250 [01:19<03:00,  4.82it/s]
Epoch 4 - Training:  31%|███       | 383/1250 [01:19<02:59,  4.83it/s]
Epoch 4 - Training:  31%|███       | 384/1250 [01:19<02:59,  4.83it/s]
Epoch 4 - Training:  31%|███       | 385/1250 [01:19<02:58,  4.83it/s]
Epoch 4 - Training:  31%|███       | 386/1250 [01:20<02:59,  4.80it/s]
Epoch 4 - Training:  31%|███       | 387/1250 [01:20<02:59,  4.82it/s]
Epoch 4 - Training:  31%|███       | 388/1250 [01:20<02:58,  4.82it/s]
Epoch 4 - Training:  31%|███       | 389/1250 [01:20<02:58,  4.83it/s]
Epoch 4 - Training:  31%|███       | 390/1250 [01:20<02:58,  4.83it/s]
Epoch 4 - Training:  31%|███▏      | 391/1250 [01:21<02:59,  4.79it/s]
Epoch 4 - Training:  31%|███▏      | 392/1250 [01:21<02:58,  4.80it/s]
Epoch 4 - Training:  31%|███▏      | 393/1250 [01:21<02:58,  4.81it/s]
Epoch 4 - Training:  32%|███▏      | 394/1250 [01:21<02:57,  4.82it/s]
Epoch 4 - Training:  32%|███▏      | 395/1250 [01:22<02:57,  4.83it/s]
Epoch 4 - Training:  32%|███▏      | 396/1250 [01:22<02:57,  4.80it/s]
Epoch 4 - Training:  32%|███▏      | 397/1250 [01:22<02:57,  4.81it/s]
Epoch 4 - Training:  32%|███▏      | 398/1250 [01:22<02:56,  4.82it/s]
Epoch 4 - Training:  32%|███▏      | 399/1250 [01:22<02:56,  4.83it/s]
Epoch 4 - Training:  32%|███▏      | 400/1250 [01:23<02:55,  4.83it/s]
Epoch 4 - Training:  32%|███▏      | 401/1250 [01:23<02:56,  4.80it/s]
Epoch 4 - Training:  32%|███▏      | 402/1250 [01:23<02:56,  4.81it/s]
Epoch 4 - Training:  32%|███▏      | 403/1250 [01:23<02:55,  4.82it/s]
Epoch 4 - Training:  32%|███▏      | 404/1250 [01:23<02:55,  4.83it/s]
Epoch 4 - Training:  32%|███▏      | 405/1250 [01:24<02:54,  4.83it/s]
Epoch 4 - Training:  32%|███▏      | 406/1250 [01:24<02:55,  4.80it/s]
Epoch 4 - Training:  33%|███▎      | 407/1250 [01:24<02:55,  4.81it/s]
Epoch 4 - Training:  33%|███▎      | 408/1250 [01:24<02:54,  4.82it/s]
Epoch 4 - Training:  33%|███▎      | 409/1250 [01:24<02:54,  4.81it/s]
Epoch 4 - Training:  33%|███▎      | 410/1250 [01:25<02:53,  4.83it/s]
Epoch 4 - Training:  33%|███▎      | 411/1250 [01:25<02:55,  4.79it/s]
Epoch 4 - Training:  33%|███▎      | 412/1250 [01:25<02:54,  4.80it/s]
Epoch 4 - Training:  33%|███▎      | 413/1250 [01:25<02:54,  4.81it/s]
Epoch 4 - Training:  33%|███▎      | 414/1250 [01:25<02:53,  4.82it/s]
Epoch 4 - Training:  33%|███▎      | 415/1250 [01:26<02:53,  4.82it/s]
Epoch 4 - Training:  33%|███▎      | 416/1250 [01:26<02:53,  4.80it/s]
Epoch 4 - Training:  33%|███▎      | 417/1250 [01:26<02:53,  4.81it/s]
Epoch 4 - Training:  33%|███▎      | 418/1250 [01:26<02:52,  4.82it/s]
Epoch 4 - Training:  34%|███▎      | 419/1250 [01:27<02:52,  4.82it/s]
Epoch 4 - Training:  34%|███▎      | 420/1250 [01:27<02:51,  4.83it/s]
Epoch 4 - Training:  34%|███▎      | 421/1250 [01:27<02:53,  4.79it/s]
Epoch 4 - Training:  34%|███▍      | 422/1250 [01:27<02:52,  4.81it/s]
Epoch 4 - Training:  34%|███▍      | 423/1250 [01:27<02:51,  4.82it/s]
Epoch 4 - Training:  34%|███▍      | 424/1250 [01:28<02:51,  4.82it/s]
Epoch 4 - Training:  34%|███▍      | 425/1250 [01:28<02:51,  4.82it/s]
Epoch 4 - Training:  34%|███▍      | 426/1250 [01:28<02:51,  4.80it/s]
Epoch 4 - Training:  34%|███▍      | 427/1250 [01:28<02:50,  4.82it/s]
Epoch 4 - Training:  34%|███▍      | 428/1250 [01:28<02:50,  4.82it/s]
Epoch 4 - Training:  34%|███▍      | 429/1250 [01:29<02:49,  4.83it/s]
Epoch 4 - Training:  34%|███▍      | 430/1250 [01:29<02:49,  4.83it/s]
Epoch 4 - Training:  34%|███▍      | 431/1250 [01:29<02:50,  4.79it/s]
Epoch 4 - Training:  35%|███▍      | 432/1250 [01:29<02:50,  4.81it/s]
Epoch 4 - Training:  35%|███▍      | 433/1250 [01:29<02:49,  4.81it/s]
Epoch 4 - Training:  35%|███▍      | 434/1250 [01:30<02:49,  4.82it/s]
Epoch 4 - Training:  35%|███▍      | 435/1250 [01:30<02:48,  4.83it/s]
Epoch 4 - Training:  35%|███▍      | 436/1250 [01:30<02:49,  4.79it/s]
Epoch 4 - Training:  35%|███▍      | 437/1250 [01:30<02:49,  4.81it/s]
Epoch 4 - Training:  35%|███▌      | 438/1250 [01:30<02:48,  4.82it/s]
Epoch 4 - Training:  35%|███▌      | 439/1250 [01:31<02:48,  4.82it/s]
Epoch 4 - Training:  35%|███▌      | 440/1250 [01:31<02:47,  4.83it/s]
Epoch 4 - Training:  35%|███▌      | 441/1250 [01:31<02:48,  4.80it/s]
Epoch 4 - Training:  35%|███▌      | 442/1250 [01:31<02:47,  4.81it/s]
Epoch 4 - Training:  35%|███▌      | 443/1250 [01:31<02:47,  4.82it/s]
Epoch 4 - Training:  36%|███▌      | 444/1250 [01:32<02:46,  4.83it/s]
Epoch 4 - Training:  36%|███▌      | 445/1250 [01:32<02:46,  4.83it/s]
Epoch 4 - Training:  36%|███▌      | 446/1250 [01:32<02:47,  4.80it/s]
Epoch 4 - Training:  36%|███▌      | 447/1250 [01:32<02:46,  4.82it/s]
Epoch 4 - Training:  36%|███▌      | 448/1250 [01:33<02:46,  4.82it/s]
Epoch 4 - Training:  36%|███▌      | 449/1250 [01:33<02:45,  4.83it/s]
Epoch 4 - Training:  36%|███▌      | 450/1250 [01:33<02:45,  4.83it/s]
Epoch 4 - Training:  36%|███▌      | 451/1250 [01:33<02:46,  4.80it/s]
Epoch 4 - Training:  36%|███▌      | 452/1250 [01:33<02:45,  4.81it/s]
Epoch 4 - Training:  36%|███▌      | 453/1250 [01:34<02:45,  4.82it/s]
Epoch 4 - Training:  36%|███▋      | 454/1250 [01:34<02:45,  4.82it/s]
Epoch 4 - Training:  36%|███▋      | 455/1250 [01:34<02:44,  4.83it/s]
Epoch 4 - Training:  36%|███▋      | 456/1250 [01:34<02:45,  4.80it/s]
Epoch 4 - Training:  37%|███▋      | 457/1250 [01:34<02:44,  4.81it/s]
Epoch 4 - Training:  37%|███▋      | 458/1250 [01:35<02:44,  4.82it/s]
Epoch 4 - Training:  37%|███▋      | 459/1250 [01:35<02:43,  4.83it/s]
Epoch 4 - Training:  37%|███▋      | 460/1250 [01:35<02:43,  4.84it/s]
Epoch 4 - Training:  37%|███▋      | 461/1250 [01:35<02:44,  4.80it/s]
Epoch 4 - Training:  37%|███▋      | 462/1250 [01:35<02:43,  4.81it/s]
Epoch 4 - Training:  37%|███▋      | 463/1250 [01:36<02:43,  4.82it/s]
Epoch 4 - Training:  37%|███▋      | 464/1250 [01:36<02:42,  4.83it/s]
Epoch 4 - Training:  37%|███▋      | 465/1250 [01:36<02:42,  4.83it/s]
Epoch 4 - Training:  37%|███▋      | 466/1250 [01:36<02:43,  4.79it/s]
Epoch 4 - Training:  37%|███▋      | 467/1250 [01:36<02:43,  4.80it/s]
Epoch 4 - Training:  37%|███▋      | 468/1250 [01:37<02:42,  4.82it/s]
Epoch 4 - Training:  38%|███▊      | 469/1250 [01:37<02:42,  4.82it/s]
Epoch 4 - Training:  38%|███▊      | 470/1250 [01:37<02:41,  4.83it/s]
Epoch 4 - Training:  38%|███▊      | 471/1250 [01:37<02:42,  4.79it/s]
Epoch 4 - Training:  38%|███▊      | 472/1250 [01:38<02:41,  4.81it/s]
Epoch 4 - Training:  38%|███▊      | 473/1250 [01:38<02:41,  4.82it/s]
Epoch 4 - Training:  38%|███▊      | 474/1250 [01:38<02:41,  4.82it/s]
Epoch 4 - Training:  38%|███▊      | 475/1250 [01:38<02:40,  4.82it/s]
Epoch 4 - Training:  38%|███▊      | 476/1250 [01:38<02:41,  4.79it/s]
Epoch 4 - Training:  38%|███▊      | 477/1250 [01:39<02:40,  4.81it/s]
Epoch 4 - Training:  38%|███▊      | 478/1250 [01:39<02:40,  4.81it/s]
Epoch 4 - Training:  38%|███▊      | 479/1250 [01:39<02:40,  4.82it/s]
Epoch 4 - Training:  38%|███▊      | 480/1250 [01:39<02:39,  4.82it/s]
Epoch 4 - Training:  38%|███▊      | 481/1250 [01:39<02:40,  4.80it/s]
Epoch 4 - Training:  39%|███▊      | 482/1250 [01:40<02:39,  4.82it/s]
Epoch 4 - Training:  39%|███▊      | 483/1250 [01:40<02:39,  4.82it/s]
Epoch 4 - Training:  39%|███▊      | 484/1250 [01:40<02:38,  4.83it/s]
Epoch 4 - Training:  39%|███▉      | 485/1250 [01:40<02:38,  4.82it/s]
Epoch 4 - Training:  39%|███▉      | 486/1250 [01:40<02:39,  4.79it/s]
Epoch 4 - Training:  39%|███▉      | 487/1250 [01:41<02:38,  4.81it/s]
Epoch 4 - Training:  39%|███▉      | 488/1250 [01:41<02:38,  4.82it/s]
Epoch 4 - Training:  39%|███▉      | 489/1250 [01:41<02:37,  4.82it/s]
Epoch 4 - Training:  39%|███▉      | 490/1250 [01:41<02:37,  4.83it/s]
Epoch 4 - Training:  39%|███▉      | 491/1250 [01:41<02:38,  4.80it/s]
Epoch 4 - Training:  39%|███▉      | 492/1250 [01:42<02:37,  4.81it/s]
Epoch 4 - Training:  39%|███▉      | 493/1250 [01:42<02:37,  4.82it/s]
Epoch 4 - Training:  40%|███▉      | 494/1250 [01:42<02:36,  4.82it/s]
Epoch 4 - Training:  40%|███▉      | 495/1250 [01:42<02:36,  4.83it/s]
Epoch 4 - Training:  40%|███▉      | 496/1250 [01:42<02:37,  4.80it/s]
Epoch 4 - Training:  40%|███▉      | 497/1250 [01:43<02:36,  4.81it/s]
Epoch 4 - Training:  40%|███▉      | 498/1250 [01:43<02:36,  4.82it/s]
Epoch 4 - Training:  40%|███▉      | 499/1250 [01:43<02:35,  4.83it/s]
Epoch 4 - Training:  40%|████      | 500/1250 [01:43<02:35,  4.82it/s]
Epoch 4 - Training:  40%|████      | 501/1250 [01:44<02:36,  4.80it/s]
Epoch 4 - Training:  40%|████      | 502/1250 [01:44<02:35,  4.81it/s]
Epoch 4 - Training:  40%|████      | 503/1250 [01:44<02:34,  4.82it/s]
Epoch 4 - Training:  40%|████      | 504/1250 [01:44<02:34,  4.83it/s]
Epoch 4 - Training:  40%|████      | 505/1250 [01:44<02:34,  4.83it/s]
Epoch 4 - Training:  40%|████      | 506/1250 [01:45<02:34,  4.81it/s]
Epoch 4 - Training:  41%|████      | 507/1250 [01:45<02:34,  4.82it/s]
Epoch 4 - Training:  41%|████      | 508/1250 [01:45<02:33,  4.82it/s]
Epoch 4 - Training:  41%|████      | 509/1250 [01:45<02:33,  4.83it/s]
Epoch 4 - Training:  41%|████      | 510/1250 [01:45<02:32,  4.84it/s]
Epoch 4 - Training:  41%|████      | 511/1250 [01:46<02:33,  4.80it/s]
Epoch 4 - Training:  41%|████      | 512/1250 [01:46<02:33,  4.81it/s]
Epoch 4 - Training:  41%|████      | 513/1250 [01:46<02:32,  4.83it/s]
Epoch 4 - Training:  41%|████      | 514/1250 [01:46<02:32,  4.84it/s]
Epoch 4 - Training:  41%|████      | 515/1250 [01:46<02:32,  4.83it/s]
Epoch 4 - Training:  41%|████▏     | 516/1250 [01:47<02:32,  4.81it/s]
Epoch 4 - Training:  41%|████▏     | 517/1250 [01:47<02:31,  4.82it/s]
Epoch 4 - Training:  41%|████▏     | 518/1250 [01:47<02:31,  4.82it/s]
Epoch 4 - Training:  42%|████▏     | 519/1250 [01:47<02:31,  4.83it/s]
Epoch 4 - Training:  42%|████▏     | 520/1250 [01:47<02:30,  4.84it/s]
Epoch 4 - Training:  42%|████▏     | 521/1250 [01:48<02:31,  4.80it/s]
Epoch 4 - Training:  42%|████▏     | 522/1250 [01:48<02:31,  4.80it/s]
Epoch 4 - Training:  42%|████▏     | 523/1250 [01:48<02:31,  4.81it/s]
Epoch 4 - Training:  42%|████▏     | 524/1250 [01:48<02:30,  4.82it/s]
Epoch 4 - Training:  42%|████▏     | 525/1250 [01:49<02:30,  4.83it/s]
Epoch 4 - Training:  42%|████▏     | 526/1250 [01:49<02:31,  4.79it/s]
Epoch 4 - Training:  42%|████▏     | 527/1250 [01:49<02:30,  4.80it/s]
Epoch 4 - Training:  42%|████▏     | 528/1250 [01:49<02:29,  4.82it/s]
Epoch 4 - Training:  42%|████▏     | 529/1250 [01:49<02:29,  4.81it/s]
Epoch 4 - Training:  42%|████▏     | 530/1250 [01:50<02:29,  4.83it/s]
Epoch 4 - Training:  42%|████▏     | 531/1250 [01:50<02:29,  4.79it/s]
Epoch 4 - Training:  43%|████▎     | 532/1250 [01:50<02:29,  4.81it/s]
Epoch 4 - Training:  43%|████▎     | 533/1250 [01:50<02:28,  4.82it/s]
Epoch 4 - Training:  43%|████▎     | 534/1250 [01:50<02:28,  4.83it/s]
Epoch 4 - Training:  43%|████▎     | 535/1250 [01:51<02:28,  4.82it/s]
Epoch 4 - Training:  43%|████▎     | 536/1250 [01:51<02:29,  4.79it/s]
Epoch 4 - Training:  43%|████▎     | 537/1250 [01:51<02:28,  4.81it/s]
Epoch 4 - Training:  43%|████▎     | 538/1250 [01:51<02:27,  4.81it/s]
Epoch 4 - Training:  43%|████▎     | 539/1250 [01:51<02:27,  4.82it/s]
Epoch 4 - Training:  43%|████▎     | 540/1250 [01:52<02:27,  4.82it/s]
Epoch 4 - Training:  43%|████▎     | 541/1250 [01:52<02:27,  4.79it/s]
Epoch 4 - Training:  43%|████▎     | 542/1250 [01:52<02:27,  4.81it/s]
Epoch 4 - Training:  43%|████▎     | 543/1250 [01:52<02:26,  4.82it/s]
Epoch 4 - Training:  44%|████▎     | 544/1250 [01:52<02:26,  4.83it/s]
Epoch 4 - Training:  44%|████▎     | 545/1250 [01:53<02:25,  4.83it/s]
Epoch 4 - Training:  44%|████▎     | 546/1250 [01:53<02:26,  4.80it/s]
Epoch 4 - Training:  44%|████▍     | 547/1250 [01:53<02:26,  4.81it/s]
Epoch 4 - Training:  44%|████▍     | 548/1250 [01:53<02:25,  4.82it/s]
Epoch 4 - Training:  44%|████▍     | 549/1250 [01:54<02:25,  4.82it/s]
Epoch 4 - Training:  44%|████▍     | 550/1250 [01:54<02:25,  4.83it/s]
Epoch 4 - Training:  44%|████▍     | 551/1250 [01:54<02:25,  4.79it/s]
Epoch 4 - Training:  44%|████▍     | 552/1250 [01:54<02:25,  4.80it/s]
Epoch 4 - Training:  44%|████▍     | 553/1250 [01:54<02:24,  4.82it/s]
Epoch 4 - Training:  44%|████▍     | 554/1250 [01:55<02:24,  4.82it/s]
Epoch 4 - Training:  44%|████▍     | 555/1250 [01:55<02:23,  4.83it/s]
Epoch 4 - Training:  44%|████▍     | 556/1250 [01:55<02:24,  4.80it/s]
Epoch 4 - Training:  45%|████▍     | 557/1250 [01:55<02:24,  4.81it/s]
Epoch 4 - Training:  45%|████▍     | 558/1250 [01:55<02:23,  4.82it/s]
Epoch 4 - Training:  45%|████▍     | 559/1250 [01:56<02:23,  4.81it/s]
Epoch 4 - Training:  45%|████▍     | 560/1250 [01:56<02:23,  4.82it/s]
Epoch 4 - Training:  45%|████▍     | 561/1250 [01:56<02:23,  4.79it/s]
Epoch 4 - Training:  45%|████▍     | 562/1250 [01:56<02:23,  4.81it/s]
Epoch 4 - Training:  45%|████▌     | 563/1250 [01:56<02:22,  4.81it/s]
Epoch 4 - Training:  45%|████▌     | 564/1250 [01:57<02:22,  4.82it/s]
Epoch 4 - Training:  45%|████▌     | 565/1250 [01:57<02:21,  4.82it/s]
Epoch 4 - Training:  45%|████▌     | 566/1250 [01:57<02:22,  4.80it/s]
Epoch 4 - Training:  45%|████▌     | 567/1250 [01:57<02:21,  4.81it/s]
Epoch 4 - Training:  45%|████▌     | 568/1250 [01:57<02:21,  4.83it/s]
Epoch 4 - Training:  46%|████▌     | 569/1250 [01:58<02:21,  4.83it/s]
Epoch 4 - Training:  46%|████▌     | 570/1250 [01:58<02:20,  4.83it/s]
Epoch 4 - Training:  46%|████▌     | 571/1250 [01:58<02:21,  4.80it/s]
Epoch 4 - Training:  46%|████▌     | 572/1250 [01:58<02:20,  4.81it/s]
Epoch 4 - Training:  46%|████▌     | 573/1250 [01:58<02:20,  4.82it/s]
Epoch 4 - Training:  46%|████▌     | 574/1250 [01:59<02:20,  4.82it/s]
Epoch 4 - Training:  46%|████▌     | 575/1250 [01:59<02:19,  4.83it/s]
Epoch 4 - Training:  46%|████▌     | 576/1250 [01:59<02:20,  4.80it/s]
Epoch 4 - Training:  46%|████▌     | 577/1250 [01:59<02:19,  4.82it/s]
Epoch 4 - Training:  46%|████▌     | 578/1250 [02:00<02:19,  4.82it/s]
Epoch 4 - Training:  46%|████▋     | 579/1250 [02:00<02:18,  4.83it/s]
Epoch 4 - Training:  46%|████▋     | 580/1250 [02:00<02:18,  4.83it/s]
Epoch 4 - Training:  46%|████▋     | 581/1250 [02:00<02:19,  4.80it/s]
Epoch 4 - Training:  47%|████▋     | 582/1250 [02:00<02:18,  4.82it/s]
Epoch 4 - Training:  47%|████▋     | 583/1250 [02:01<02:18,  4.83it/s]
Epoch 4 - Training:  47%|████▋     | 584/1250 [02:01<02:17,  4.83it/s]
Epoch 4 - Training:  47%|████▋     | 585/1250 [02:01<02:17,  4.84it/s]
Epoch 4 - Training:  47%|████▋     | 586/1250 [02:01<02:18,  4.80it/s]
Epoch 4 - Training:  47%|████▋     | 587/1250 [02:01<02:17,  4.81it/s]
Epoch 4 - Training:  47%|████▋     | 588/1250 [02:02<02:17,  4.82it/s]
Epoch 4 - Training:  47%|████▋     | 589/1250 [02:02<02:17,  4.82it/s]
Epoch 4 - Training:  47%|████▋     | 590/1250 [02:02<02:16,  4.83it/s]
Epoch 4 - Training:  47%|████▋     | 591/1250 [02:02<02:17,  4.80it/s]
Epoch 4 - Training:  47%|████▋     | 592/1250 [02:02<02:16,  4.82it/s]
Epoch 4 - Training:  47%|████▋     | 593/1250 [02:03<02:16,  4.82it/s]
Epoch 4 - Training:  48%|████▊     | 594/1250 [02:03<02:15,  4.83it/s]
Epoch 4 - Training:  48%|████▊     | 595/1250 [02:03<02:15,  4.83it/s]
Epoch 4 - Training:  48%|████▊     | 596/1250 [02:03<02:16,  4.80it/s]
Epoch 4 - Training:  48%|████▊     | 597/1250 [02:03<02:15,  4.81it/s]
Epoch 4 - Training:  48%|████▊     | 598/1250 [02:04<02:15,  4.83it/s]
Epoch 4 - Training:  48%|████▊     | 599/1250 [02:04<02:15,  4.82it/s]
Epoch 4 - Training:  48%|████▊     | 600/1250 [02:04<02:14,  4.83it/s]
Epoch 4 - Training:  48%|████▊     | 601/1250 [02:04<02:15,  4.79it/s]
Epoch 4 - Training:  48%|████▊     | 602/1250 [02:05<02:14,  4.81it/s]
Epoch 4 - Training:  48%|████▊     | 603/1250 [02:05<02:14,  4.82it/s]
Epoch 4 - Training:  48%|████▊     | 604/1250 [02:05<02:14,  4.82it/s]
Epoch 4 - Training:  48%|████▊     | 605/1250 [02:05<02:13,  4.83it/s]
Epoch 4 - Training:  48%|████▊     | 606/1250 [02:05<02:14,  4.79it/s]
Epoch 4 - Training:  49%|████▊     | 607/1250 [02:06<02:13,  4.81it/s]
Epoch 4 - Training:  49%|████▊     | 608/1250 [02:06<02:13,  4.82it/s]
Epoch 4 - Training:  49%|████▊     | 609/1250 [02:06<02:12,  4.83it/s]
Epoch 4 - Training:  49%|████▉     | 610/1250 [02:06<02:12,  4.83it/s]
Epoch 4 - Training:  49%|████▉     | 611/1250 [02:06<02:13,  4.80it/s]
Epoch 4 - Training:  49%|████▉     | 612/1250 [02:07<02:12,  4.82it/s]
Epoch 4 - Training:  49%|████▉     | 613/1250 [02:07<02:11,  4.83it/s]
Epoch 4 - Training:  49%|████▉     | 614/1250 [02:07<02:11,  4.83it/s]
Epoch 4 - Training:  49%|████▉     | 615/1250 [02:07<02:11,  4.84it/s]
Epoch 4 - Training:  49%|████▉     | 616/1250 [02:07<02:12,  4.80it/s]
Epoch 4 - Training:  49%|████▉     | 617/1250 [02:08<02:11,  4.81it/s]
Epoch 4 - Training:  49%|████▉     | 618/1250 [02:08<02:11,  4.82it/s]
Epoch 4 - Training:  50%|████▉     | 619/1250 [02:08<02:10,  4.82it/s]
Epoch 4 - Training:  50%|████▉     | 620/1250 [02:08<02:10,  4.83it/s]
Epoch 4 - Training:  50%|████▉     | 621/1250 [02:08<02:11,  4.80it/s]
Epoch 4 - Training:  50%|████▉     | 622/1250 [02:09<02:10,  4.81it/s]
Epoch 4 - Training:  50%|████▉     | 623/1250 [02:09<02:10,  4.81it/s]
Epoch 4 - Training:  50%|████▉     | 624/1250 [02:09<02:09,  4.82it/s]
Epoch 4 - Training:  50%|█████     | 625/1250 [02:09<02:09,  4.83it/s]
Epoch 4 - Training:  50%|█████     | 626/1250 [02:09<02:09,  4.80it/s]
Epoch 4 - Training:  50%|█████     | 627/1250 [02:10<02:09,  4.81it/s]
Epoch 4 - Training:  50%|█████     | 628/1250 [02:10<02:09,  4.82it/s]
Epoch 4 - Training:  50%|█████     | 629/1250 [02:10<02:08,  4.82it/s]
Epoch 4 - Training:  50%|█████     | 630/1250 [02:10<02:08,  4.82it/s]
Epoch 4 - Training:  50%|█████     | 631/1250 [02:11<02:09,  4.79it/s]
Epoch 4 - Training:  51%|█████     | 632/1250 [02:11<02:08,  4.80it/s]
Epoch 4 - Training:  51%|█████     | 633/1250 [02:11<02:08,  4.82it/s]
Epoch 4 - Training:  51%|█████     | 634/1250 [02:11<02:07,  4.82it/s]
Epoch 4 - Training:  51%|█████     | 635/1250 [02:11<02:07,  4.83it/s]
Epoch 4 - Training:  51%|█████     | 636/1250 [02:12<02:07,  4.80it/s]
Epoch 4 - Training:  51%|█████     | 637/1250 [02:12<02:07,  4.81it/s]
Epoch 4 - Training:  51%|█████     | 638/1250 [02:12<02:06,  4.82it/s]
Epoch 4 - Training:  51%|█████     | 639/1250 [02:12<02:06,  4.83it/s]
Epoch 4 - Training:  51%|█████     | 640/1250 [02:12<02:06,  4.83it/s]
Epoch 4 - Training:  51%|█████▏    | 641/1250 [02:13<02:06,  4.80it/s]
Epoch 4 - Training:  51%|█████▏    | 642/1250 [02:13<02:06,  4.82it/s]
Epoch 4 - Training:  51%|█████▏    | 643/1250 [02:13<02:05,  4.82it/s]
Epoch 4 - Training:  52%|█████▏    | 644/1250 [02:13<02:05,  4.83it/s]
Epoch 4 - Training:  52%|█████▏    | 645/1250 [02:13<02:05,  4.83it/s]
Epoch 4 - Training:  52%|█████▏    | 646/1250 [02:14<02:05,  4.80it/s]
Epoch 4 - Training:  52%|█████▏    | 647/1250 [02:14<02:05,  4.81it/s]
Epoch 4 - Training:  52%|█████▏    | 648/1250 [02:14<02:04,  4.82it/s]
Epoch 4 - Training:  52%|█████▏    | 649/1250 [02:14<02:04,  4.82it/s]
Epoch 4 - Training:  52%|█████▏    | 650/1250 [02:14<02:04,  4.83it/s]
Epoch 4 - Training:  52%|█████▏    | 651/1250 [02:15<02:04,  4.79it/s]
Epoch 4 - Training:  52%|█████▏    | 652/1250 [02:15<02:04,  4.81it/s]
Epoch 4 - Training:  52%|█████▏    | 653/1250 [02:15<02:03,  4.82it/s]
Epoch 4 - Training:  52%|█████▏    | 654/1250 [02:15<02:03,  4.83it/s]
Epoch 4 - Training:  52%|█████▏    | 655/1250 [02:16<02:03,  4.83it/s]
Epoch 4 - Training:  52%|█████▏    | 656/1250 [02:16<02:03,  4.80it/s]
Epoch 4 - Training:  53%|█████▎    | 657/1250 [02:16<02:03,  4.82it/s]
Epoch 4 - Training:  53%|█████▎    | 658/1250 [02:16<02:02,  4.83it/s]
Epoch 4 - Training:  53%|█████▎    | 659/1250 [02:16<02:02,  4.83it/s]
Epoch 4 - Training:  53%|█████▎    | 660/1250 [02:17<02:02,  4.84it/s]
Epoch 4 - Training:  53%|█████▎    | 661/1250 [02:17<02:02,  4.79it/s]
Epoch 4 - Training:  53%|█████▎    | 662/1250 [02:17<02:02,  4.81it/s]
Epoch 4 - Training:  53%|█████▎    | 663/1250 [02:17<02:01,  4.82it/s]
Epoch 4 - Training:  53%|█████▎    | 664/1250 [02:17<02:01,  4.82it/s]
Epoch 4 - Training:  53%|█████▎    | 665/1250 [02:18<02:00,  4.83it/s]
Epoch 4 - Training:  53%|█████▎    | 666/1250 [02:18<02:01,  4.80it/s]
Epoch 4 - Training:  53%|█████▎    | 667/1250 [02:18<02:01,  4.82it/s]
Epoch 4 - Training:  53%|█████▎    | 668/1250 [02:18<02:00,  4.81it/s]
Epoch 4 - Training:  54%|█████▎    | 669/1250 [02:18<02:00,  4.83it/s]
Epoch 4 - Training:  54%|█████▎    | 670/1250 [02:19<02:00,  4.83it/s]
Epoch 4 - Training:  54%|█████▎    | 671/1250 [02:19<02:00,  4.80it/s]
Epoch 4 - Training:  54%|█████▍    | 672/1250 [02:19<02:00,  4.81it/s]
Epoch 4 - Training:  54%|█████▍    | 673/1250 [02:19<01:59,  4.82it/s]
Epoch 4 - Training:  54%|█████▍    | 674/1250 [02:19<01:59,  4.82it/s]
Epoch 4 - Training:  54%|█████▍    | 675/1250 [02:20<01:59,  4.82it/s]
Epoch 4 - Training:  54%|█████▍    | 676/1250 [02:20<01:59,  4.80it/s]
Epoch 4 - Training:  54%|█████▍    | 677/1250 [02:20<01:59,  4.81it/s]
Epoch 4 - Training:  54%|█████▍    | 678/1250 [02:20<01:58,  4.82it/s]
Epoch 4 - Training:  54%|█████▍    | 679/1250 [02:20<01:58,  4.83it/s]
Epoch 4 - Training:  54%|█████▍    | 680/1250 [02:21<01:57,  4.84it/s]
Epoch 4 - Training:  54%|█████▍    | 681/1250 [02:21<01:58,  4.79it/s]
Epoch 4 - Training:  55%|█████▍    | 682/1250 [02:21<01:58,  4.81it/s]
Epoch 4 - Training:  55%|█████▍    | 683/1250 [02:21<01:57,  4.82it/s]
Epoch 4 - Training:  55%|█████▍    | 684/1250 [02:22<01:57,  4.83it/s]
Epoch 4 - Training:  55%|█████▍    | 685/1250 [02:22<01:57,  4.83it/s]
Epoch 4 - Training:  55%|█████▍    | 686/1250 [02:22<01:57,  4.80it/s]
Epoch 4 - Training:  55%|█████▍    | 687/1250 [02:22<01:56,  4.81it/s]
Epoch 4 - Training:  55%|█████▌    | 688/1250 [02:22<01:56,  4.82it/s]
Epoch 4 - Training:  55%|█████▌    | 689/1250 [02:23<01:56,  4.83it/s]
Epoch 4 - Training:  55%|█████▌    | 690/1250 [02:23<01:55,  4.84it/s]
Epoch 4 - Training:  55%|█████▌    | 691/1250 [02:23<01:56,  4.81it/s]
Epoch 4 - Training:  55%|█████▌    | 692/1250 [02:23<01:55,  4.81it/s]
Epoch 4 - Training:  55%|█████▌    | 693/1250 [02:23<01:55,  4.82it/s]
Epoch 4 - Training:  56%|█████▌    | 694/1250 [02:24<01:55,  4.82it/s]
Epoch 4 - Training:  56%|█████▌    | 695/1250 [02:24<01:54,  4.83it/s]
Epoch 4 - Training:  56%|█████▌    | 696/1250 [02:24<01:55,  4.79it/s]
Epoch 4 - Training:  56%|█████▌    | 697/1250 [02:24<01:55,  4.80it/s]
Epoch 4 - Training:  56%|█████▌    | 698/1250 [02:24<01:54,  4.82it/s]
Epoch 4 - Training:  56%|█████▌    | 699/1250 [02:25<01:54,  4.82it/s]
Epoch 4 - Training:  56%|█████▌    | 700/1250 [02:25<01:53,  4.83it/s]
Epoch 4 - Training:  56%|█████▌    | 701/1250 [02:25<01:54,  4.80it/s]
Epoch 4 - Training:  56%|█████▌    | 702/1250 [02:25<01:54,  4.81it/s]
Epoch 4 - Training:  56%|█████▌    | 703/1250 [02:25<01:53,  4.82it/s]
Epoch 4 - Training:  56%|█████▋    | 704/1250 [02:26<01:53,  4.83it/s]
Epoch 4 - Training:  56%|█████▋    | 705/1250 [02:26<01:52,  4.83it/s]
Epoch 4 - Training:  56%|█████▋    | 706/1250 [02:26<01:53,  4.80it/s]
Epoch 4 - Training:  57%|█████▋    | 707/1250 [02:26<01:52,  4.81it/s]
Epoch 4 - Training:  57%|█████▋    | 708/1250 [02:27<01:52,  4.83it/s]
Epoch 4 - Training:  57%|█████▋    | 709/1250 [02:27<01:52,  4.82it/s]
Epoch 4 - Training:  57%|█████▋    | 710/1250 [02:27<01:51,  4.83it/s]
Epoch 4 - Training:  57%|█████▋    | 711/1250 [02:27<01:52,  4.80it/s]
Epoch 4 - Training:  57%|█████▋    | 712/1250 [02:27<01:51,  4.81it/s]
Epoch 4 - Training:  57%|█████▋    | 713/1250 [02:28<01:51,  4.82it/s]
Epoch 4 - Training:  57%|█████▋    | 714/1250 [02:28<01:51,  4.83it/s]
Epoch 4 - Training:  57%|█████▋    | 715/1250 [02:28<01:50,  4.84it/s]
Epoch 4 - Training:  57%|█████▋    | 716/1250 [02:28<01:51,  4.80it/s]
Epoch 4 - Training:  57%|█████▋    | 717/1250 [02:28<01:50,  4.81it/s]
Epoch 4 - Training:  57%|█████▋    | 718/1250 [02:29<01:50,  4.82it/s]
Epoch 4 - Training:  58%|█████▊    | 719/1250 [02:29<01:49,  4.83it/s]
Epoch 4 - Training:  58%|█████▊    | 720/1250 [02:29<01:49,  4.83it/s]
Epoch 4 - Training:  58%|█████▊    | 721/1250 [02:29<01:50,  4.80it/s]
Epoch 4 - Training:  58%|█████▊    | 722/1250 [02:29<01:49,  4.82it/s]
Epoch 4 - Training:  58%|█████▊    | 723/1250 [02:30<01:49,  4.83it/s]
Epoch 4 - Training:  58%|█████▊    | 724/1250 [02:30<01:49,  4.82it/s]
Epoch 4 - Training:  58%|█████▊    | 725/1250 [02:30<01:48,  4.83it/s]
Epoch 4 - Training:  58%|█████▊    | 726/1250 [02:30<01:49,  4.81it/s]
Epoch 4 - Training:  58%|█████▊    | 727/1250 [02:30<01:48,  4.82it/s]
Epoch 4 - Training:  58%|█████▊    | 728/1250 [02:31<01:48,  4.82it/s]
Epoch 4 - Training:  58%|█████▊    | 729/1250 [02:31<01:47,  4.83it/s]
Epoch 4 - Training:  58%|█████▊    | 730/1250 [02:31<01:47,  4.84it/s]
Epoch 4 - Training:  58%|█████▊    | 731/1250 [02:31<01:48,  4.80it/s]
Epoch 4 - Training:  59%|█████▊    | 732/1250 [02:31<01:47,  4.81it/s]
Epoch 4 - Training:  59%|█████▊    | 733/1250 [02:32<01:47,  4.82it/s]
Epoch 4 - Training:  59%|█████▊    | 734/1250 [02:32<01:46,  4.83it/s]
Epoch 4 - Training:  59%|█████▉    | 735/1250 [02:32<01:46,  4.83it/s]
Epoch 4 - Training:  59%|█████▉    | 736/1250 [02:32<01:47,  4.79it/s]
Epoch 4 - Training:  59%|█████▉    | 737/1250 [02:33<01:46,  4.81it/s]
Epoch 4 - Training:  59%|█████▉    | 738/1250 [02:33<01:46,  4.82it/s]
Epoch 4 - Training:  59%|█████▉    | 739/1250 [02:33<01:45,  4.82it/s]
Epoch 4 - Training:  59%|█████▉    | 740/1250 [02:33<01:45,  4.83it/s]
Epoch 4 - Training:  59%|█████▉    | 741/1250 [02:33<01:46,  4.79it/s]
Epoch 4 - Training:  59%|█████▉    | 742/1250 [02:34<01:45,  4.80it/s]
Epoch 4 - Training:  59%|█████▉    | 743/1250 [02:34<01:45,  4.81it/s]
Epoch 4 - Training:  60%|█████▉    | 744/1250 [02:34<01:44,  4.82it/s]
Epoch 4 - Training:  60%|█████▉    | 745/1250 [02:34<01:44,  4.82it/s]
Epoch 4 - Training:  60%|█████▉    | 746/1250 [02:34<01:44,  4.80it/s]
Epoch 4 - Training:  60%|█████▉    | 747/1250 [02:35<01:44,  4.82it/s]
Epoch 4 - Training:  60%|█████▉    | 748/1250 [02:35<01:43,  4.83it/s]
Epoch 4 - Training:  60%|█████▉    | 749/1250 [02:35<01:43,  4.83it/s]
Epoch 4 - Training:  60%|██████    | 750/1250 [02:35<01:43,  4.83it/s]
Epoch 4 - Training:  60%|██████    | 751/1250 [02:35<01:44,  4.80it/s]
Epoch 4 - Training:  60%|██████    | 752/1250 [02:36<01:43,  4.81it/s]
Epoch 4 - Training:  60%|██████    | 753/1250 [02:36<01:43,  4.82it/s]
Epoch 4 - Training:  60%|██████    | 754/1250 [02:36<01:42,  4.83it/s]
Epoch 4 - Training:  60%|██████    | 755/1250 [02:36<01:42,  4.83it/s]
Epoch 4 - Training:  60%|██████    | 756/1250 [02:36<01:42,  4.80it/s]
Epoch 4 - Training:  61%|██████    | 757/1250 [02:37<01:42,  4.82it/s]
Epoch 4 - Training:  61%|██████    | 758/1250 [02:37<01:41,  4.83it/s]
Epoch 4 - Training:  61%|██████    | 759/1250 [02:37<01:41,  4.82it/s]
Epoch 4 - Training:  61%|██████    | 760/1250 [02:37<01:41,  4.83it/s]
Epoch 4 - Training:  61%|██████    | 761/1250 [02:38<01:42,  4.79it/s]
Epoch 4 - Training:  61%|██████    | 762/1250 [02:38<01:41,  4.81it/s]
Epoch 4 - Training:  61%|██████    | 763/1250 [02:38<01:40,  4.82it/s]
Epoch 4 - Training:  61%|██████    | 764/1250 [02:38<01:40,  4.83it/s]
Epoch 4 - Training:  61%|██████    | 765/1250 [02:38<01:40,  4.84it/s]
Epoch 4 - Training:  61%|██████▏   | 766/1250 [02:39<01:40,  4.81it/s]
Epoch 4 - Training:  61%|██████▏   | 767/1250 [02:39<01:40,  4.83it/s]
Epoch 4 - Training:  61%|██████▏   | 768/1250 [02:39<01:39,  4.83it/s]
Epoch 4 - Training:  62%|██████▏   | 769/1250 [02:39<01:39,  4.83it/s]
Epoch 4 - Training:  62%|██████▏   | 770/1250 [02:39<01:39,  4.83it/s]
Epoch 4 - Training:  62%|██████▏   | 771/1250 [02:40<01:39,  4.80it/s]
Epoch 4 - Training:  62%|██████▏   | 772/1250 [02:40<01:39,  4.81it/s]
Epoch 4 - Training:  62%|██████▏   | 773/1250 [02:40<01:38,  4.82it/s]
Epoch 4 - Training:  62%|██████▏   | 774/1250 [02:40<01:38,  4.82it/s]
Epoch 4 - Training:  62%|██████▏   | 775/1250 [02:40<01:38,  4.82it/s]
Epoch 4 - Training:  62%|██████▏   | 776/1250 [02:41<01:39,  4.79it/s]
Epoch 4 - Training:  62%|██████▏   | 777/1250 [02:41<01:38,  4.80it/s]
Epoch 4 - Training:  62%|██████▏   | 778/1250 [02:41<01:37,  4.82it/s]
Epoch 4 - Training:  62%|██████▏   | 779/1250 [02:41<01:37,  4.82it/s]
Epoch 4 - Training:  62%|██████▏   | 780/1250 [02:41<01:37,  4.83it/s]
Epoch 4 - Training:  62%|██████▏   | 781/1250 [02:42<01:37,  4.80it/s]
Epoch 4 - Training:  63%|██████▎   | 782/1250 [02:42<01:37,  4.81it/s]
Epoch 4 - Training:  63%|██████▎   | 783/1250 [02:42<01:36,  4.82it/s]
Epoch 4 - Training:  63%|██████▎   | 784/1250 [02:42<01:36,  4.83it/s]
Epoch 4 - Training:  63%|██████▎   | 785/1250 [02:42<01:36,  4.83it/s]
Epoch 4 - Training:  63%|██████▎   | 786/1250 [02:43<01:36,  4.80it/s]
Epoch 4 - Training:  63%|██████▎   | 787/1250 [02:43<01:36,  4.81it/s]
Epoch 4 - Training:  63%|██████▎   | 788/1250 [02:43<01:35,  4.82it/s]
Epoch 4 - Training:  63%|██████▎   | 789/1250 [02:43<01:35,  4.82it/s]
Epoch 4 - Training:  63%|██████▎   | 790/1250 [02:44<01:35,  4.83it/s]
Epoch 4 - Training:  63%|██████▎   | 791/1250 [02:44<01:35,  4.79it/s]
Epoch 4 - Training:  63%|██████▎   | 792/1250 [02:44<01:35,  4.81it/s]
Epoch 4 - Training:  63%|██████▎   | 793/1250 [02:44<01:34,  4.81it/s]
Epoch 4 - Training:  64%|██████▎   | 794/1250 [02:44<01:34,  4.82it/s]
Epoch 4 - Training:  64%|██████▎   | 795/1250 [02:45<01:34,  4.82it/s]
Epoch 4 - Training:  64%|██████▎   | 796/1250 [02:45<01:34,  4.79it/s]
Epoch 4 - Training:  64%|██████▍   | 797/1250 [02:45<01:34,  4.80it/s]
Epoch 4 - Training:  64%|██████▍   | 798/1250 [02:45<01:33,  4.81it/s]
Epoch 4 - Training:  64%|██████▍   | 799/1250 [02:45<01:33,  4.82it/s]
Epoch 4 - Training:  64%|██████▍   | 800/1250 [02:46<01:33,  4.83it/s]
Epoch 4 - Training:  64%|██████▍   | 801/1250 [02:46<01:33,  4.80it/s]
Epoch 4 - Training:  64%|██████▍   | 802/1250 [02:46<01:33,  4.82it/s]
Epoch 4 - Training:  64%|██████▍   | 803/1250 [02:46<01:32,  4.82it/s]
Epoch 4 - Training:  64%|██████▍   | 804/1250 [02:46<01:32,  4.82it/s]
Epoch 4 - Training:  64%|██████▍   | 805/1250 [02:47<01:32,  4.83it/s]
Epoch 4 - Training:  64%|██████▍   | 806/1250 [02:47<01:32,  4.79it/s]
Epoch 4 - Training:  65%|██████▍   | 807/1250 [02:47<01:32,  4.81it/s]
Epoch 4 - Training:  65%|██████▍   | 808/1250 [02:47<01:31,  4.81it/s]
Epoch 4 - Training:  65%|██████▍   | 809/1250 [02:47<01:31,  4.82it/s]
Epoch 4 - Training:  65%|██████▍   | 810/1250 [02:48<01:31,  4.83it/s]
Epoch 4 - Training:  65%|██████▍   | 811/1250 [02:48<01:31,  4.79it/s]
Epoch 4 - Training:  65%|██████▍   | 812/1250 [02:48<01:31,  4.80it/s]
Epoch 4 - Training:  65%|██████▌   | 813/1250 [02:48<01:30,  4.82it/s]
Epoch 4 - Training:  65%|██████▌   | 814/1250 [02:49<01:30,  4.82it/s]
Epoch 4 - Training:  65%|██████▌   | 815/1250 [02:49<01:30,  4.83it/s]
Epoch 4 - Training:  65%|██████▌   | 816/1250 [02:49<01:30,  4.79it/s]
Epoch 4 - Training:  65%|██████▌   | 817/1250 [02:49<01:30,  4.80it/s]
Epoch 4 - Training:  65%|██████▌   | 818/1250 [02:49<01:29,  4.82it/s]
Epoch 4 - Training:  66%|██████▌   | 819/1250 [02:50<01:29,  4.82it/s]
Epoch 4 - Training:  66%|██████▌   | 820/1250 [02:50<01:28,  4.83it/s]
Epoch 4 - Training:  66%|██████▌   | 821/1250 [02:50<01:29,  4.80it/s]
Epoch 4 - Training:  66%|██████▌   | 822/1250 [02:50<01:28,  4.81it/s]
Epoch 4 - Training:  66%|██████▌   | 823/1250 [02:50<01:28,  4.82it/s]
Epoch 4 - Training:  66%|██████▌   | 824/1250 [02:51<01:28,  4.83it/s]
Epoch 4 - Training:  66%|██████▌   | 825/1250 [02:51<01:28,  4.83it/s]
Epoch 4 - Training:  66%|██████▌   | 826/1250 [02:51<01:28,  4.80it/s]
Epoch 4 - Training:  66%|██████▌   | 827/1250 [02:51<01:27,  4.82it/s]
Epoch 4 - Training:  66%|██████▌   | 828/1250 [02:51<01:27,  4.82it/s]
Epoch 4 - Training:  66%|██████▋   | 829/1250 [02:52<01:27,  4.83it/s]
Epoch 4 - Training:  66%|██████▋   | 830/1250 [02:52<01:26,  4.83it/s]
Epoch 4 - Training:  66%|██████▋   | 831/1250 [02:52<01:27,  4.79it/s]
Epoch 4 - Training:  67%|██████▋   | 832/1250 [02:52<01:26,  4.81it/s]
Epoch 4 - Training:  67%|██████▋   | 833/1250 [02:52<01:26,  4.82it/s]
Epoch 4 - Training:  67%|██████▋   | 834/1250 [02:53<01:26,  4.82it/s]
Epoch 4 - Training:  67%|██████▋   | 835/1250 [02:53<01:25,  4.83it/s]
Epoch 4 - Training:  67%|██████▋   | 836/1250 [02:53<01:26,  4.80it/s]
Epoch 4 - Training:  67%|██████▋   | 837/1250 [02:53<01:25,  4.81it/s]
Epoch 4 - Training:  67%|██████▋   | 838/1250 [02:54<01:25,  4.82it/s]
Epoch 4 - Training:  67%|██████▋   | 839/1250 [02:54<01:25,  4.82it/s]
Epoch 4 - Training:  67%|██████▋   | 840/1250 [02:54<01:24,  4.83it/s]
Epoch 4 - Training:  67%|██████▋   | 841/1250 [02:54<01:25,  4.80it/s]
Epoch 4 - Training:  67%|██████▋   | 842/1250 [02:54<01:24,  4.81it/s]
Epoch 4 - Training:  67%|██████▋   | 843/1250 [02:55<01:24,  4.82it/s]
Epoch 4 - Training:  68%|██████▊   | 844/1250 [02:55<01:24,  4.82it/s]
Epoch 4 - Training:  68%|██████▊   | 845/1250 [02:55<01:23,  4.83it/s]
Epoch 4 - Training:  68%|██████▊   | 846/1250 [02:55<01:24,  4.80it/s]
Epoch 4 - Training:  68%|██████▊   | 847/1250 [02:55<01:23,  4.82it/s]
Epoch 4 - Training:  68%|██████▊   | 848/1250 [02:56<01:23,  4.83it/s]
Epoch 4 - Training:  68%|██████▊   | 849/1250 [02:56<01:22,  4.83it/s]
Epoch 4 - Training:  68%|██████▊   | 850/1250 [02:56<01:22,  4.84it/s]
Epoch 4 - Training:  68%|██████▊   | 851/1250 [02:56<01:23,  4.80it/s]
Epoch 4 - Training:  68%|██████▊   | 852/1250 [02:56<01:22,  4.81it/s]
Epoch 4 - Training:  68%|██████▊   | 853/1250 [02:57<01:22,  4.82it/s]
Epoch 4 - Training:  68%|██████▊   | 854/1250 [02:57<01:22,  4.82it/s]
Epoch 4 - Training:  68%|██████▊   | 855/1250 [02:57<01:21,  4.83it/s]
Epoch 4 - Training:  68%|██████▊   | 856/1250 [02:57<01:22,  4.80it/s]
Epoch 4 - Training:  69%|██████▊   | 857/1250 [02:57<01:21,  4.81it/s]
Epoch 4 - Training:  69%|██████▊   | 858/1250 [02:58<01:21,  4.82it/s]
Epoch 4 - Training:  69%|██████▊   | 859/1250 [02:58<01:21,  4.82it/s]
Epoch 4 - Training:  69%|██████▉   | 860/1250 [02:58<01:20,  4.83it/s]
Epoch 4 - Training:  69%|██████▉   | 861/1250 [02:58<01:21,  4.80it/s]
Epoch 4 - Training:  69%|██████▉   | 862/1250 [02:58<01:20,  4.80it/s]
Epoch 4 - Training:  69%|██████▉   | 863/1250 [02:59<01:20,  4.82it/s]
Epoch 4 - Training:  69%|██████▉   | 864/1250 [02:59<01:19,  4.83it/s]
Epoch 4 - Training:  69%|██████▉   | 865/1250 [02:59<01:19,  4.83it/s]
Epoch 4 - Training:  69%|██████▉   | 866/1250 [02:59<01:19,  4.80it/s]
Epoch 4 - Training:  69%|██████▉   | 867/1250 [03:00<01:19,  4.82it/s]
Epoch 4 - Training:  69%|██████▉   | 868/1250 [03:00<01:19,  4.82it/s]
Epoch 4 - Training:  70%|██████▉   | 869/1250 [03:00<01:18,  4.83it/s]
Epoch 4 - Training:  70%|██████▉   | 870/1250 [03:00<01:18,  4.83it/s]
Epoch 4 - Training:  70%|██████▉   | 871/1250 [03:00<01:18,  4.80it/s]
Epoch 4 - Training:  70%|██████▉   | 872/1250 [03:01<01:18,  4.81it/s]
Epoch 4 - Training:  70%|██████▉   | 873/1250 [03:01<01:18,  4.82it/s]
Epoch 4 - Training:  70%|██████▉   | 874/1250 [03:01<01:17,  4.83it/s]
Epoch 4 - Training:  70%|███████   | 875/1250 [03:01<01:17,  4.83it/s]
Epoch 4 - Training:  70%|███████   | 876/1250 [03:01<01:18,  4.79it/s]
Epoch 4 - Training:  70%|███████   | 877/1250 [03:02<01:17,  4.80it/s]
Epoch 4 - Training:  70%|███████   | 878/1250 [03:02<01:17,  4.81it/s]
Epoch 4 - Training:  70%|███████   | 879/1250 [03:02<01:16,  4.82it/s]
Epoch 4 - Training:  70%|███████   | 880/1250 [03:02<01:16,  4.83it/s]
Epoch 4 - Training:  70%|███████   | 881/1250 [03:02<01:17,  4.79it/s]
Epoch 4 - Training:  71%|███████   | 882/1250 [03:03<01:16,  4.80it/s]
Epoch 4 - Training:  71%|███████   | 883/1250 [03:03<01:16,  4.81it/s]
Epoch 4 - Training:  71%|███████   | 884/1250 [03:03<01:15,  4.82it/s]
Epoch 4 - Training:  71%|███████   | 885/1250 [03:03<01:15,  4.83it/s]
Epoch 4 - Training:  71%|███████   | 886/1250 [03:03<01:15,  4.80it/s]
Epoch 4 - Training:  71%|███████   | 887/1250 [03:04<01:15,  4.82it/s]
Epoch 4 - Training:  71%|███████   | 888/1250 [03:04<01:15,  4.82it/s]
Epoch 4 - Training:  71%|███████   | 889/1250 [03:04<01:14,  4.83it/s]
Epoch 4 - Training:  71%|███████   | 890/1250 [03:04<01:14,  4.83it/s]
Epoch 4 - Training:  71%|███████▏  | 891/1250 [03:05<01:14,  4.80it/s]
Epoch 4 - Training:  71%|███████▏  | 892/1250 [03:05<01:14,  4.81it/s]
Epoch 4 - Training:  71%|███████▏  | 893/1250 [03:05<01:14,  4.82it/s]
Epoch 4 - Training:  72%|███████▏  | 894/1250 [03:05<01:13,  4.82it/s]
Epoch 4 - Training:  72%|███████▏  | 895/1250 [03:05<01:13,  4.83it/s]
Epoch 4 - Training:  72%|███████▏  | 896/1250 [03:06<01:13,  4.80it/s]
Epoch 4 - Training:  72%|███████▏  | 897/1250 [03:06<01:13,  4.81it/s]
Epoch 4 - Training:  72%|███████▏  | 898/1250 [03:06<01:13,  4.82it/s]
Epoch 4 - Training:  72%|███████▏  | 899/1250 [03:06<01:12,  4.82it/s]
Epoch 4 - Training:  72%|███████▏  | 900/1250 [03:06<01:12,  4.83it/s]
Epoch 4 - Training:  72%|███████▏  | 901/1250 [03:07<01:12,  4.81it/s]
Epoch 4 - Training:  72%|███████▏  | 902/1250 [03:07<01:12,  4.82it/s]
Epoch 4 - Training:  72%|███████▏  | 903/1250 [03:07<01:11,  4.82it/s]
Epoch 4 - Training:  72%|███████▏  | 904/1250 [03:07<01:11,  4.83it/s]
Epoch 4 - Training:  72%|███████▏  | 905/1250 [03:07<01:11,  4.83it/s]
Epoch 4 - Training:  72%|███████▏  | 906/1250 [03:08<01:11,  4.80it/s]
Epoch 4 - Training:  73%|███████▎  | 907/1250 [03:08<01:11,  4.82it/s]
Epoch 4 - Training:  73%|███████▎  | 908/1250 [03:08<01:11,  4.81it/s]
Epoch 4 - Training:  73%|███████▎  | 909/1250 [03:08<01:10,  4.83it/s]
Epoch 4 - Training:  73%|███████▎  | 910/1250 [03:08<01:10,  4.83it/s]
Epoch 4 - Training:  73%|███████▎  | 911/1250 [03:09<01:10,  4.80it/s]
Epoch 4 - Training:  73%|███████▎  | 912/1250 [03:09<01:10,  4.81it/s]
Epoch 4 - Training:  73%|███████▎  | 913/1250 [03:09<01:09,  4.82it/s]
Epoch 4 - Training:  73%|███████▎  | 914/1250 [03:09<01:09,  4.82it/s]
Epoch 4 - Training:  73%|███████▎  | 915/1250 [03:09<01:09,  4.83it/s]
Epoch 4 - Training:  73%|███████▎  | 916/1250 [03:10<01:09,  4.80it/s]
Epoch 4 - Training:  73%|███████▎  | 917/1250 [03:10<01:09,  4.81it/s]
Epoch 4 - Training:  73%|███████▎  | 918/1250 [03:10<01:08,  4.82it/s]
Epoch 4 - Training:  74%|███████▎  | 919/1250 [03:10<01:08,  4.82it/s]
Epoch 4 - Training:  74%|███████▎  | 920/1250 [03:11<01:08,  4.82it/s]
Epoch 4 - Training:  74%|███████▎  | 921/1250 [03:11<01:08,  4.80it/s]
Epoch 4 - Training:  74%|███████▍  | 922/1250 [03:11<01:08,  4.81it/s]
Epoch 4 - Training:  74%|███████▍  | 923/1250 [03:11<01:07,  4.81it/s]
Epoch 4 - Training:  74%|███████▍  | 924/1250 [03:11<01:07,  4.82it/s]
Epoch 4 - Training:  74%|███████▍  | 925/1250 [03:12<01:07,  4.82it/s]
Epoch 4 - Training:  74%|███████▍  | 926/1250 [03:12<01:07,  4.80it/s]
Epoch 4 - Training:  74%|███████▍  | 927/1250 [03:12<01:07,  4.81it/s]
Epoch 4 - Training:  74%|███████▍  | 928/1250 [03:12<01:06,  4.82it/s]
Epoch 4 - Training:  74%|███████▍  | 929/1250 [03:12<01:06,  4.83it/s]
Epoch 4 - Training:  74%|███████▍  | 930/1250 [03:13<01:06,  4.83it/s]
Epoch 4 - Training:  74%|███████▍  | 931/1250 [03:13<01:06,  4.80it/s]
Epoch 4 - Training:  75%|███████▍  | 932/1250 [03:13<01:06,  4.81it/s]
Epoch 4 - Training:  75%|███████▍  | 933/1250 [03:13<01:05,  4.83it/s]
Epoch 4 - Training:  75%|███████▍  | 934/1250 [03:13<01:05,  4.82it/s]
Epoch 4 - Training:  75%|███████▍  | 935/1250 [03:14<01:05,  4.84it/s]
Epoch 4 - Training:  75%|███████▍  | 936/1250 [03:14<01:05,  4.80it/s]
Epoch 4 - Training:  75%|███████▍  | 937/1250 [03:14<01:05,  4.81it/s]
Epoch 4 - Training:  75%|███████▌  | 938/1250 [03:14<01:04,  4.82it/s]
Epoch 4 - Training:  75%|███████▌  | 939/1250 [03:14<01:04,  4.83it/s]
Epoch 4 - Training:  75%|███████▌  | 940/1250 [03:15<01:04,  4.83it/s]
Epoch 4 - Training:  75%|███████▌  | 941/1250 [03:15<01:04,  4.80it/s]
Epoch 4 - Training:  75%|███████▌  | 942/1250 [03:15<01:03,  4.82it/s]
Epoch 4 - Training:  75%|███████▌  | 943/1250 [03:15<01:03,  4.81it/s]
Epoch 4 - Training:  76%|███████▌  | 944/1250 [03:16<01:03,  4.83it/s]
Epoch 4 - Training:  76%|███████▌  | 945/1250 [03:16<01:03,  4.82it/s]
Epoch 4 - Training:  76%|███████▌  | 946/1250 [03:16<01:03,  4.80it/s]
Epoch 4 - Training:  76%|███████▌  | 947/1250 [03:16<01:02,  4.82it/s]
Epoch 4 - Training:  76%|███████▌  | 948/1250 [03:16<01:02,  4.83it/s]
Epoch 4 - Training:  76%|███████▌  | 949/1250 [03:17<01:02,  4.83it/s]
Epoch 4 - Training:  76%|███████▌  | 950/1250 [03:17<01:02,  4.83it/s]
Epoch 4 - Training:  76%|███████▌  | 951/1250 [03:17<01:02,  4.80it/s]
Epoch 4 - Training:  76%|███████▌  | 952/1250 [03:17<01:01,  4.81it/s]
Epoch 4 - Training:  76%|███████▌  | 953/1250 [03:17<01:01,  4.82it/s]
Epoch 4 - Training:  76%|███████▋  | 954/1250 [03:18<01:01,  4.83it/s]
Epoch 4 - Training:  76%|███████▋  | 955/1250 [03:18<01:01,  4.83it/s]
Epoch 4 - Training:  76%|███████▋  | 956/1250 [03:18<01:01,  4.80it/s]
Epoch 4 - Training:  77%|███████▋  | 957/1250 [03:18<01:00,  4.81it/s]
Epoch 4 - Training:  77%|███████▋  | 958/1250 [03:18<01:00,  4.81it/s]
Epoch 4 - Training:  77%|███████▋  | 959/1250 [03:19<01:00,  4.83it/s]
Epoch 4 - Training:  77%|███████▋  | 960/1250 [03:19<01:00,  4.83it/s]
Epoch 4 - Training:  77%|███████▋  | 961/1250 [03:19<01:00,  4.79it/s]
Epoch 4 - Training:  77%|███████▋  | 962/1250 [03:19<00:59,  4.81it/s]
Epoch 4 - Training:  77%|███████▋  | 963/1250 [03:19<00:59,  4.82it/s]
Epoch 4 - Training:  77%|███████▋  | 964/1250 [03:20<00:59,  4.83it/s]
Epoch 4 - Training:  77%|███████▋  | 965/1250 [03:20<00:58,  4.83it/s]
Epoch 4 - Training:  77%|███████▋  | 966/1250 [03:20<00:59,  4.79it/s]
Epoch 4 - Training:  77%|███████▋  | 967/1250 [03:20<00:58,  4.80it/s]
Epoch 4 - Training:  77%|███████▋  | 968/1250 [03:20<00:58,  4.82it/s]
Epoch 4 - Training:  78%|███████▊  | 969/1250 [03:21<00:58,  4.82it/s]
Epoch 4 - Training:  78%|███████▊  | 970/1250 [03:21<00:58,  4.82it/s]
Epoch 4 - Training:  78%|███████▊  | 971/1250 [03:21<00:58,  4.80it/s]
Epoch 4 - Training:  78%|███████▊  | 972/1250 [03:21<00:57,  4.82it/s]
Epoch 4 - Training:  78%|███████▊  | 973/1250 [03:22<00:57,  4.82it/s]
Epoch 4 - Training:  78%|███████▊  | 974/1250 [03:22<00:57,  4.83it/s]
Epoch 4 - Training:  78%|███████▊  | 975/1250 [03:22<00:56,  4.84it/s]
Epoch 4 - Training:  78%|███████▊  | 976/1250 [03:22<00:57,  4.80it/s]
Epoch 4 - Training:  78%|███████▊  | 977/1250 [03:22<00:56,  4.81it/s]
Epoch 4 - Training:  78%|███████▊  | 978/1250 [03:23<00:56,  4.82it/s]
Epoch 4 - Training:  78%|███████▊  | 979/1250 [03:23<00:56,  4.83it/s]
Epoch 4 - Training:  78%|███████▊  | 980/1250 [03:23<00:55,  4.83it/s]
Epoch 4 - Training:  78%|███████▊  | 981/1250 [03:23<00:56,  4.80it/s]
Epoch 4 - Training:  79%|███████▊  | 982/1250 [03:23<00:55,  4.81it/s]
Epoch 4 - Training:  79%|███████▊  | 983/1250 [03:24<00:55,  4.82it/s]
Epoch 4 - Training:  79%|███████▊  | 984/1250 [03:24<00:55,  4.83it/s]
Epoch 4 - Training:  79%|███████▉  | 985/1250 [03:24<00:54,  4.83it/s]
Epoch 4 - Training:  79%|███████▉  | 986/1250 [03:24<00:54,  4.80it/s]
Epoch 4 - Training:  79%|███████▉  | 987/1250 [03:24<00:54,  4.82it/s]
Epoch 4 - Training:  79%|███████▉  | 988/1250 [03:25<00:54,  4.82it/s]
Epoch 4 - Training:  79%|███████▉  | 989/1250 [03:25<00:54,  4.82it/s]
Epoch 4 - Training:  79%|███████▉  | 990/1250 [03:25<00:53,  4.83it/s]
Epoch 4 - Training:  79%|███████▉  | 991/1250 [03:25<00:53,  4.80it/s]
Epoch 4 - Training:  79%|███████▉  | 992/1250 [03:25<00:53,  4.80it/s]
Epoch 4 - Training:  79%|███████▉  | 993/1250 [03:26<00:53,  4.82it/s]
Epoch 4 - Training:  80%|███████▉  | 994/1250 [03:26<00:52,  4.83it/s]
Epoch 4 - Training:  80%|███████▉  | 995/1250 [03:26<00:52,  4.83it/s]
Epoch 4 - Training:  80%|███████▉  | 996/1250 [03:26<00:52,  4.80it/s]
Epoch 4 - Training:  80%|███████▉  | 997/1250 [03:27<00:52,  4.81it/s]
Epoch 4 - Training:  80%|███████▉  | 998/1250 [03:27<00:52,  4.82it/s]
Epoch 4 - Training:  80%|███████▉  | 999/1250 [03:27<00:51,  4.83it/s]
Epoch 4 - Training:  80%|████████  | 1000/1250 [03:27<00:51,  4.83it/s]
Epoch 4 - Training:  80%|████████  | 1001/1250 [03:27<00:51,  4.80it/s]
Epoch 4 - Training:  80%|████████  | 1002/1250 [03:28<00:51,  4.81it/s]
Epoch 4 - Training:  80%|████████  | 1003/1250 [03:28<00:51,  4.82it/s]
Epoch 4 - Training:  80%|████████  | 1004/1250 [03:28<00:50,  4.83it/s]
Epoch 4 - Training:  80%|████████  | 1005/1250 [03:28<00:50,  4.83it/s]
Epoch 4 - Training:  80%|████████  | 1006/1250 [03:28<00:50,  4.80it/s]
Epoch 4 - Training:  81%|████████  | 1007/1250 [03:29<00:50,  4.81it/s]
Epoch 4 - Training:  81%|████████  | 1008/1250 [03:29<00:50,  4.82it/s]
Epoch 4 - Training:  81%|████████  | 1009/1250 [03:29<00:50,  4.82it/s]
Epoch 4 - Training:  81%|████████  | 1010/1250 [03:29<00:49,  4.83it/s]
Epoch 4 - Training:  81%|████████  | 1011/1250 [03:29<00:49,  4.80it/s]
Epoch 4 - Training:  81%|████████  | 1012/1250 [03:30<00:49,  4.82it/s]
Epoch 4 - Training:  81%|████████  | 1013/1250 [03:30<00:49,  4.82it/s]
Epoch 4 - Training:  81%|████████  | 1014/1250 [03:30<00:48,  4.83it/s]
Epoch 4 - Training:  81%|████████  | 1015/1250 [03:30<00:48,  4.84it/s]
Epoch 4 - Training:  81%|████████▏ | 1016/1250 [03:30<00:48,  4.80it/s]
Epoch 4 - Training:  81%|████████▏ | 1017/1250 [03:31<00:48,  4.82it/s]
Epoch 4 - Training:  81%|████████▏ | 1018/1250 [03:31<00:48,  4.82it/s]
Epoch 4 - Training:  82%|████████▏ | 1019/1250 [03:31<00:47,  4.83it/s]
Epoch 4 - Training:  82%|████████▏ | 1020/1250 [03:31<00:47,  4.84it/s]
Epoch 4 - Training:  82%|████████▏ | 1021/1250 [03:31<00:47,  4.80it/s]
Epoch 4 - Training:  82%|████████▏ | 1022/1250 [03:32<00:47,  4.81it/s]
Epoch 4 - Training:  82%|████████▏ | 1023/1250 [03:32<00:47,  4.82it/s]
Epoch 4 - Training:  82%|████████▏ | 1024/1250 [03:32<00:46,  4.83it/s]
Epoch 4 - Training:  82%|████████▏ | 1025/1250 [03:32<00:46,  4.82it/s]
Epoch 4 - Training:  82%|████████▏ | 1026/1250 [03:33<00:46,  4.80it/s]
Epoch 4 - Training:  82%|████████▏ | 1027/1250 [03:33<00:46,  4.81it/s]
Epoch 4 - Training:  82%|████████▏ | 1028/1250 [03:33<00:46,  4.82it/s]
Epoch 4 - Training:  82%|████████▏ | 1029/1250 [03:33<00:45,  4.83it/s]
Epoch 4 - Training:  82%|████████▏ | 1030/1250 [03:33<00:45,  4.82it/s]
Epoch 4 - Training:  82%|████████▏ | 1031/1250 [03:34<00:45,  4.79it/s]
Epoch 4 - Training:  83%|████████▎ | 1032/1250 [03:34<00:45,  4.81it/s]
Epoch 4 - Training:  83%|████████▎ | 1033/1250 [03:34<00:45,  4.81it/s]
Epoch 4 - Training:  83%|████████▎ | 1034/1250 [03:34<00:44,  4.82it/s]
Epoch 4 - Training:  83%|████████▎ | 1035/1250 [03:34<00:44,  4.82it/s]
Epoch 4 - Training:  83%|████████▎ | 1036/1250 [03:35<00:44,  4.79it/s]
Epoch 4 - Training:  83%|████████▎ | 1037/1250 [03:35<00:44,  4.80it/s]
Epoch 4 - Training:  83%|████████▎ | 1038/1250 [03:35<00:44,  4.81it/s]
Epoch 4 - Training:  83%|████████▎ | 1039/1250 [03:35<00:43,  4.82it/s]
Epoch 4 - Training:  83%|████████▎ | 1040/1250 [03:35<00:43,  4.82it/s]
Epoch 4 - Training:  83%|████████▎ | 1041/1250 [03:36<00:43,  4.80it/s]
Epoch 4 - Training:  83%|████████▎ | 1042/1250 [03:36<00:43,  4.81it/s]
Epoch 4 - Training:  83%|████████▎ | 1043/1250 [03:36<00:42,  4.82it/s]
Epoch 4 - Training:  84%|████████▎ | 1044/1250 [03:36<00:42,  4.83it/s]
Epoch 4 - Training:  84%|████████▎ | 1045/1250 [03:36<00:42,  4.83it/s]
Epoch 4 - Training:  84%|████████▎ | 1046/1250 [03:37<00:42,  4.80it/s]
Epoch 4 - Training:  84%|████████▍ | 1047/1250 [03:37<00:42,  4.81it/s]
Epoch 4 - Training:  84%|████████▍ | 1048/1250 [03:37<00:42,  4.81it/s]
Epoch 4 - Training:  84%|████████▍ | 1049/1250 [03:37<00:41,  4.82it/s]
Epoch 4 - Training:  84%|████████▍ | 1050/1250 [03:38<00:41,  4.82it/s]
Epoch 4 - Training:  84%|████████▍ | 1051/1250 [03:38<00:41,  4.79it/s]
Epoch 4 - Training:  84%|████████▍ | 1052/1250 [03:38<00:41,  4.79it/s]
Epoch 4 - Training:  84%|████████▍ | 1053/1250 [03:38<00:40,  4.81it/s]
Epoch 4 - Training:  84%|████████▍ | 1054/1250 [03:38<00:40,  4.81it/s]
Epoch 4 - Training:  84%|████████▍ | 1055/1250 [03:39<00:40,  4.82it/s]
Epoch 4 - Training:  84%|████████▍ | 1056/1250 [03:39<00:40,  4.80it/s]
Epoch 4 - Training:  85%|████████▍ | 1057/1250 [03:39<00:40,  4.81it/s]
Epoch 4 - Training:  85%|████████▍ | 1058/1250 [03:39<00:39,  4.82it/s]
Epoch 4 - Training:  85%|████████▍ | 1059/1250 [03:39<00:39,  4.82it/s]
Epoch 4 - Training:  85%|████████▍ | 1060/1250 [03:40<00:39,  4.83it/s]
Epoch 4 - Training:  85%|████████▍ | 1061/1250 [03:40<00:39,  4.80it/s]
Epoch 4 - Training:  85%|████████▍ | 1062/1250 [03:40<00:39,  4.81it/s]
Epoch 4 - Training:  85%|████████▌ | 1063/1250 [03:40<00:38,  4.81it/s]
Epoch 4 - Training:  85%|████████▌ | 1064/1250 [03:40<00:38,  4.82it/s]
Epoch 4 - Training:  85%|████████▌ | 1065/1250 [03:41<00:38,  4.82it/s]
Epoch 4 - Training:  85%|████████▌ | 1066/1250 [03:41<00:38,  4.80it/s]
Epoch 4 - Training:  85%|████████▌ | 1067/1250 [03:41<00:38,  4.81it/s]
Epoch 4 - Training:  85%|████████▌ | 1068/1250 [03:41<00:37,  4.82it/s]
Epoch 4 - Training:  86%|████████▌ | 1069/1250 [03:41<00:37,  4.82it/s]
Epoch 4 - Training:  86%|████████▌ | 1070/1250 [03:42<00:37,  4.83it/s]
Epoch 4 - Training:  86%|████████▌ | 1071/1250 [03:42<00:37,  4.79it/s]
Epoch 4 - Training:  86%|████████▌ | 1072/1250 [03:42<00:37,  4.80it/s]
Epoch 4 - Training:  86%|████████▌ | 1073/1250 [03:42<00:36,  4.82it/s]
Epoch 4 - Training:  86%|████████▌ | 1074/1250 [03:43<00:36,  4.82it/s]
Epoch 4 - Training:  86%|████████▌ | 1075/1250 [03:43<00:36,  4.82it/s]
Epoch 4 - Training:  86%|████████▌ | 1076/1250 [03:43<00:36,  4.79it/s]
Epoch 4 - Training:  86%|████████▌ | 1077/1250 [03:43<00:35,  4.81it/s]
Epoch 4 - Training:  86%|████████▌ | 1078/1250 [03:43<00:35,  4.81it/s]
Epoch 4 - Training:  86%|████████▋ | 1079/1250 [03:44<00:35,  4.82it/s]
Epoch 4 - Training:  86%|████████▋ | 1080/1250 [03:44<00:35,  4.82it/s]
Epoch 4 - Training:  86%|████████▋ | 1081/1250 [03:44<00:35,  4.80it/s]
Epoch 4 - Training:  87%|████████▋ | 1082/1250 [03:44<00:34,  4.81it/s]
Epoch 4 - Training:  87%|████████▋ | 1083/1250 [03:44<00:34,  4.82it/s]
Epoch 4 - Training:  87%|████████▋ | 1084/1250 [03:45<00:34,  4.82it/s]
Epoch 4 - Training:  87%|████████▋ | 1085/1250 [03:45<00:34,  4.83it/s]
Epoch 4 - Training:  87%|████████▋ | 1086/1250 [03:45<00:34,  4.80it/s]
Epoch 4 - Training:  87%|████████▋ | 1087/1250 [03:45<00:33,  4.81it/s]
Epoch 4 - Training:  87%|████████▋ | 1088/1250 [03:45<00:33,  4.82it/s]
Epoch 4 - Training:  87%|████████▋ | 1089/1250 [03:46<00:33,  4.83it/s]
Epoch 4 - Training:  87%|████████▋ | 1090/1250 [03:46<00:33,  4.83it/s]
Epoch 4 - Training:  87%|████████▋ | 1091/1250 [03:46<00:33,  4.80it/s]
Epoch 4 - Training:  87%|████████▋ | 1092/1250 [03:46<00:32,  4.81it/s]
Epoch 4 - Training:  87%|████████▋ | 1093/1250 [03:46<00:32,  4.81it/s]
Epoch 4 - Training:  88%|████████▊ | 1094/1250 [03:47<00:32,  4.82it/s]
Epoch 4 - Training:  88%|████████▊ | 1095/1250 [03:47<00:32,  4.82it/s]
Epoch 4 - Training:  88%|████████▊ | 1096/1250 [03:47<00:32,  4.79it/s]
Epoch 4 - Training:  88%|████████▊ | 1097/1250 [03:47<00:31,  4.81it/s]
Epoch 4 - Training:  88%|████████▊ | 1098/1250 [03:47<00:31,  4.81it/s]
Epoch 4 - Training:  88%|████████▊ | 1099/1250 [03:48<00:31,  4.83it/s]
Epoch 4 - Training:  88%|████████▊ | 1100/1250 [03:48<00:31,  4.83it/s]
Epoch 4 - Training:  88%|████████▊ | 1101/1250 [03:48<00:31,  4.79it/s]
Epoch 4 - Training:  88%|████████▊ | 1102/1250 [03:48<00:30,  4.81it/s]
Epoch 4 - Training:  88%|████████▊ | 1103/1250 [03:49<00:30,  4.82it/s]
Epoch 4 - Training:  88%|████████▊ | 1104/1250 [03:49<00:30,  4.82it/s]
Epoch 4 - Training:  88%|████████▊ | 1105/1250 [03:49<00:30,  4.83it/s]
Epoch 4 - Training:  88%|████████▊ | 1106/1250 [03:49<00:30,  4.79it/s]
Epoch 4 - Training:  89%|████████▊ | 1107/1250 [03:49<00:29,  4.81it/s]
Epoch 4 - Training:  89%|████████▊ | 1108/1250 [03:50<00:29,  4.82it/s]
Epoch 4 - Training:  89%|████████▊ | 1109/1250 [03:50<00:29,  4.82it/s]
Epoch 4 - Training:  89%|████████▉ | 1110/1250 [03:50<00:28,  4.83it/s]
Epoch 4 - Training:  89%|████████▉ | 1111/1250 [03:50<00:28,  4.80it/s]
Epoch 4 - Training:  89%|████████▉ | 1112/1250 [03:50<00:28,  4.82it/s]
Epoch 4 - Training:  89%|████████▉ | 1113/1250 [03:51<00:28,  4.83it/s]
Epoch 4 - Training:  89%|████████▉ | 1114/1250 [03:51<00:28,  4.83it/s]
Epoch 4 - Training:  89%|████████▉ | 1115/1250 [03:51<00:27,  4.83it/s]
Epoch 4 - Training:  89%|████████▉ | 1116/1250 [03:51<00:27,  4.79it/s]
Epoch 4 - Training:  89%|████████▉ | 1117/1250 [03:51<00:27,  4.80it/s]
Epoch 4 - Training:  89%|████████▉ | 1118/1250 [03:52<00:27,  4.82it/s]
Epoch 4 - Training:  90%|████████▉ | 1119/1250 [03:52<00:27,  4.82it/s]
Epoch 4 - Training:  90%|████████▉ | 1120/1250 [03:52<00:26,  4.83it/s]
Epoch 4 - Training:  90%|████████▉ | 1121/1250 [03:52<00:26,  4.79it/s]
Epoch 4 - Training:  90%|████████▉ | 1122/1250 [03:52<00:26,  4.81it/s]
Epoch 4 - Training:  90%|████████▉ | 1123/1250 [03:53<00:26,  4.81it/s]
Epoch 4 - Training:  90%|████████▉ | 1124/1250 [03:53<00:26,  4.82it/s]
Epoch 4 - Training:  90%|█████████ | 1125/1250 [03:53<00:25,  4.82it/s]
Epoch 4 - Training:  90%|█████████ | 1126/1250 [03:53<00:25,  4.80it/s]
Epoch 4 - Training:  90%|█████████ | 1127/1250 [03:54<00:25,  4.81it/s]
Epoch 4 - Training:  90%|█████████ | 1128/1250 [03:54<00:25,  4.81it/s]
Epoch 4 - Training:  90%|█████████ | 1129/1250 [03:54<00:25,  4.82it/s]
Epoch 4 - Training:  90%|█████████ | 1130/1250 [03:54<00:24,  4.82it/s]
Epoch 4 - Training:  90%|█████████ | 1131/1250 [03:54<00:24,  4.80it/s]
Epoch 4 - Training:  91%|█████████ | 1132/1250 [03:55<00:24,  4.82it/s]
Epoch 4 - Training:  91%|█████████ | 1133/1250 [03:55<00:24,  4.82it/s]
Epoch 4 - Training:  91%|█████████ | 1134/1250 [03:55<00:24,  4.83it/s]
Epoch 4 - Training:  91%|█████████ | 1135/1250 [03:55<00:23,  4.83it/s]
Epoch 4 - Training:  91%|█████████ | 1136/1250 [03:55<00:23,  4.80it/s]
Epoch 4 - Training:  91%|█████████ | 1137/1250 [03:56<00:23,  4.81it/s]
Epoch 4 - Training:  91%|█████████ | 1138/1250 [03:56<00:23,  4.82it/s]
Epoch 4 - Training:  91%|█████████ | 1139/1250 [03:56<00:23,  4.82it/s]
Epoch 4 - Training:  91%|█████████ | 1140/1250 [03:56<00:22,  4.83it/s]
Epoch 4 - Training:  91%|█████████▏| 1141/1250 [03:56<00:22,  4.79it/s]
Epoch 4 - Training:  91%|█████████▏| 1142/1250 [03:57<00:22,  4.80it/s]
Epoch 4 - Training:  91%|█████████▏| 1143/1250 [03:57<00:22,  4.82it/s]
Epoch 4 - Training:  92%|█████████▏| 1144/1250 [03:57<00:21,  4.82it/s]
Epoch 4 - Training:  92%|█████████▏| 1145/1250 [03:57<00:21,  4.83it/s]
Epoch 4 - Training:  92%|█████████▏| 1146/1250 [03:57<00:21,  4.80it/s]
Epoch 4 - Training:  92%|█████████▏| 1147/1250 [03:58<00:21,  4.81it/s]
Epoch 4 - Training:  92%|█████████▏| 1148/1250 [03:58<00:21,  4.82it/s]
Epoch 4 - Training:  92%|█████████▏| 1149/1250 [03:58<00:20,  4.82it/s]
Epoch 4 - Training:  92%|█████████▏| 1150/1250 [03:58<00:20,  4.83it/s]
Epoch 4 - Training:  92%|█████████▏| 1151/1250 [03:58<00:20,  4.79it/s]
Epoch 4 - Training:  92%|█████████▏| 1152/1250 [03:59<00:20,  4.80it/s]
Epoch 4 - Training:  92%|█████████▏| 1153/1250 [03:59<00:20,  4.81it/s]
Epoch 4 - Training:  92%|█████████▏| 1154/1250 [03:59<00:19,  4.82it/s]
Epoch 4 - Training:  92%|█████████▏| 1155/1250 [03:59<00:19,  4.82it/s]
Epoch 4 - Training:  92%|█████████▏| 1156/1250 [04:00<00:19,  4.79it/s]
Epoch 4 - Training:  93%|█████████▎| 1157/1250 [04:00<00:19,  4.81it/s]
Epoch 4 - Training:  93%|█████████▎| 1158/1250 [04:00<00:19,  4.81it/s]
Epoch 4 - Training:  93%|█████████▎| 1159/1250 [04:00<00:18,  4.82it/s]
Epoch 4 - Training:  93%|█████████▎| 1160/1250 [04:00<00:18,  4.83it/s]
Epoch 4 - Training:  93%|█████████▎| 1161/1250 [04:01<00:18,  4.80it/s]
Epoch 4 - Training:  93%|█████████▎| 1162/1250 [04:01<00:18,  4.82it/s]
Epoch 4 - Training:  93%|█████████▎| 1163/1250 [04:01<00:18,  4.82it/s]
Epoch 4 - Training:  93%|█████████▎| 1164/1250 [04:01<00:17,  4.83it/s]
Epoch 4 - Training:  93%|█████████▎| 1165/1250 [04:01<00:17,  4.84it/s]
Epoch 4 - Training:  93%|█████████▎| 1166/1250 [04:02<00:17,  4.80it/s]
Epoch 4 - Training:  93%|█████████▎| 1167/1250 [04:02<00:17,  4.81it/s]
Epoch 4 - Training:  93%|█████████▎| 1168/1250 [04:02<00:17,  4.82it/s]
Epoch 4 - Training:  94%|█████████▎| 1169/1250 [04:02<00:16,  4.82it/s]
Epoch 4 - Training:  94%|█████████▎| 1170/1250 [04:02<00:16,  4.83it/s]
Epoch 4 - Training:  94%|█████████▎| 1171/1250 [04:03<00:16,  4.80it/s]
Epoch 4 - Training:  94%|█████████▍| 1172/1250 [04:03<00:16,  4.81it/s]
Epoch 4 - Training:  94%|█████████▍| 1173/1250 [04:03<00:15,  4.82it/s]
Epoch 4 - Training:  94%|█████████▍| 1174/1250 [04:03<00:15,  4.82it/s]
Epoch 4 - Training:  94%|█████████▍| 1175/1250 [04:03<00:15,  4.83it/s]
Epoch 4 - Training:  94%|█████████▍| 1176/1250 [04:04<00:15,  4.80it/s]
Epoch 4 - Training:  94%|█████████▍| 1177/1250 [04:04<00:15,  4.82it/s]
Epoch 4 - Training:  94%|█████████▍| 1178/1250 [04:04<00:14,  4.82it/s]
Epoch 4 - Training:  94%|█████████▍| 1179/1250 [04:04<00:14,  4.83it/s]
Epoch 4 - Training:  94%|█████████▍| 1180/1250 [04:05<00:14,  4.84it/s]
Epoch 4 - Training:  94%|█████████▍| 1181/1250 [04:05<00:14,  4.80it/s]
Epoch 4 - Training:  95%|█████████▍| 1182/1250 [04:05<00:14,  4.81it/s]
Epoch 4 - Training:  95%|█████████▍| 1183/1250 [04:05<00:13,  4.82it/s]
Epoch 4 - Training:  95%|█████████▍| 1184/1250 [04:05<00:13,  4.83it/s]
Epoch 4 - Training:  95%|█████████▍| 1185/1250 [04:06<00:13,  4.84it/s]
Epoch 4 - Training:  95%|█████████▍| 1186/1250 [04:06<00:13,  4.80it/s]
Epoch 4 - Training:  95%|█████████▍| 1187/1250 [04:06<00:13,  4.82it/s]
Epoch 4 - Training:  95%|█████████▌| 1188/1250 [04:06<00:12,  4.82it/s]
Epoch 4 - Training:  95%|█████████▌| 1189/1250 [04:06<00:12,  4.83it/s]
Epoch 4 - Training:  95%|█████████▌| 1190/1250 [04:07<00:12,  4.83it/s]
Epoch 4 - Training:  95%|█████████▌| 1191/1250 [04:07<00:12,  4.80it/s]
Epoch 4 - Training:  95%|█████████▌| 1192/1250 [04:07<00:12,  4.82it/s]
Epoch 4 - Training:  95%|█████████▌| 1193/1250 [04:07<00:11,  4.81it/s]
Epoch 4 - Training:  96%|█████████▌| 1194/1250 [04:07<00:11,  4.83it/s]
Epoch 4 - Training:  96%|█████████▌| 1195/1250 [04:08<00:11,  4.83it/s]
Epoch 4 - Training:  96%|█████████▌| 1196/1250 [04:08<00:11,  4.80it/s]
Epoch 4 - Training:  96%|█████████▌| 1197/1250 [04:08<00:11,  4.81it/s]
Epoch 4 - Training:  96%|█████████▌| 1198/1250 [04:08<00:10,  4.82it/s]
Epoch 4 - Training:  96%|█████████▌| 1199/1250 [04:08<00:10,  4.82it/s]
Epoch 4 - Training:  96%|█████████▌| 1200/1250 [04:09<00:10,  4.83it/s]
Epoch 4 - Training:  96%|█████████▌| 1201/1250 [04:09<00:10,  4.79it/s]
Epoch 4 - Training:  96%|█████████▌| 1202/1250 [04:09<00:09,  4.81it/s]
Epoch 4 - Training:  96%|█████████▌| 1203/1250 [04:09<00:09,  4.82it/s]
Epoch 4 - Training:  96%|█████████▋| 1204/1250 [04:09<00:09,  4.82it/s]
Epoch 4 - Training:  96%|█████████▋| 1205/1250 [04:10<00:09,  4.83it/s]
Epoch 4 - Training:  96%|█████████▋| 1206/1250 [04:10<00:09,  4.80it/s]
Epoch 4 - Training:  97%|█████████▋| 1207/1250 [04:10<00:08,  4.82it/s]
Epoch 4 - Training:  97%|█████████▋| 1208/1250 [04:10<00:08,  4.82it/s]
Epoch 4 - Training:  97%|█████████▋| 1209/1250 [04:11<00:08,  4.83it/s]
Epoch 4 - Training:  97%|█████████▋| 1210/1250 [04:11<00:08,  4.83it/s]
Epoch 4 - Training:  97%|█████████▋| 1211/1250 [04:11<00:08,  4.80it/s]
Epoch 4 - Training:  97%|█████████▋| 1212/1250 [04:11<00:07,  4.82it/s]
Epoch 4 - Training:  97%|█████████▋| 1213/1250 [04:11<00:07,  4.83it/s]
Epoch 4 - Training:  97%|█████████▋| 1214/1250 [04:12<00:07,  4.83it/s]
Epoch 4 - Training:  97%|█████████▋| 1215/1250 [04:12<00:07,  4.83it/s]
Epoch 4 - Training:  97%|█████████▋| 1216/1250 [04:12<00:07,  4.79it/s]
Epoch 4 - Training:  97%|█████████▋| 1217/1250 [04:12<00:06,  4.81it/s]
Epoch 4 - Training:  97%|█████████▋| 1218/1250 [04:12<00:06,  4.82it/s]
Epoch 4 - Training:  98%|█████████▊| 1219/1250 [04:13<00:06,  4.82it/s]
Epoch 4 - Training:  98%|█████████▊| 1220/1250 [04:13<00:06,  4.83it/s]
Epoch 4 - Training:  98%|█████████▊| 1221/1250 [04:13<00:06,  4.80it/s]
Epoch 4 - Training:  98%|█████████▊| 1222/1250 [04:13<00:05,  4.80it/s]
Epoch 4 - Training:  98%|█████████▊| 1223/1250 [04:13<00:05,  4.82it/s]
Epoch 4 - Training:  98%|█████████▊| 1224/1250 [04:14<00:05,  4.82it/s]
Epoch 4 - Training:  98%|█████████▊| 1225/1250 [04:14<00:05,  4.83it/s]
Epoch 4 - Training:  98%|█████████▊| 1226/1250 [04:14<00:05,  4.79it/s]
Epoch 4 - Training:  98%|█████████▊| 1227/1250 [04:14<00:04,  4.81it/s]
Epoch 4 - Training:  98%|█████████▊| 1228/1250 [04:14<00:04,  4.82it/s]
Epoch 4 - Training:  98%|█████████▊| 1229/1250 [04:15<00:04,  4.82it/s]
Epoch 4 - Training:  98%|█████████▊| 1230/1250 [04:15<00:04,  4.83it/s]
Epoch 4 - Training:  98%|█████████▊| 1231/1250 [04:15<00:03,  4.80it/s]
Epoch 4 - Training:  99%|█████████▊| 1232/1250 [04:15<00:03,  4.82it/s]
Epoch 4 - Training:  99%|█████████▊| 1233/1250 [04:16<00:03,  4.82it/s]
Epoch 4 - Training:  99%|█████████▊| 1234/1250 [04:16<00:03,  4.83it/s]
Epoch 4 - Training:  99%|█████████▉| 1235/1250 [04:16<00:03,  4.84it/s]
Epoch 4 - Training:  99%|█████████▉| 1236/1250 [04:16<00:02,  4.81it/s]
Epoch 4 - Training:  99%|█████████▉| 1237/1250 [04:16<00:02,  4.81it/s]
Epoch 4 - Training:  99%|█████████▉| 1238/1250 [04:17<00:02,  4.83it/s]
Epoch 4 - Training:  99%|█████████▉| 1239/1250 [04:17<00:02,  4.82it/s]
Epoch 4 - Training:  99%|█████████▉| 1240/1250 [04:17<00:02,  4.83it/s]
Epoch 4 - Training:  99%|█████████▉| 1241/1250 [04:17<00:01,  4.79it/s]
Epoch 4 - Training:  99%|█████████▉| 1242/1250 [04:17<00:01,  4.81it/s]
Epoch 4 - Training:  99%|█████████▉| 1243/1250 [04:18<00:01,  4.81it/s]
Epoch 4 - Training: 100%|█████████▉| 1244/1250 [04:18<00:01,  4.82it/s]
Epoch 4 - Training: 100%|█████████▉| 1245/1250 [04:18<00:01,  4.82it/s]
Epoch 4 - Training: 100%|█████████▉| 1246/1250 [04:18<00:00,  4.79it/s]
Epoch 4 - Training: 100%|█████████▉| 1247/1250 [04:18<00:00,  4.81it/s]
Epoch 4 - Training: 100%|█████████▉| 1248/1250 [04:19<00:00,  4.81it/s]
Epoch 4 - Training: 100%|█████████▉| 1249/1250 [04:19<00:00,  4.82it/s]
Epoch 4 - Training: 100%|██████████| 1250/1250 [04:19<00:00,  4.82it/s]
Epoch 4 - Training: 100%|██████████| 1250/1250 [04:19<00:00,  4.82it/s]

Epoch 4 - Evaluating:   0%|          | 0/250 [00:00<?, ?it/s]
Epoch 4 - Evaluating:   1%|          | 2/250 [00:00<00:12, 19.69it/s]
Epoch 4 - Evaluating:   2%|▏         | 4/250 [00:00<00:12, 19.40it/s]
Epoch 4 - Evaluating:   2%|▏         | 6/250 [00:00<00:12, 19.26it/s]
Epoch 4 - Evaluating:   3%|▎         | 8/250 [00:00<00:12, 19.21it/s]
Epoch 4 - Evaluating:   4%|▍         | 10/250 [00:00<00:12, 19.24it/s]
Epoch 4 - Evaluating:   5%|▍         | 12/250 [00:00<00:12, 19.19it/s]
Epoch 4 - Evaluating:   6%|▌         | 14/250 [00:00<00:12, 19.17it/s]
Epoch 4 - Evaluating:   6%|▋         | 16/250 [00:00<00:12, 19.13it/s]
Epoch 4 - Evaluating:   7%|▋         | 18/250 [00:00<00:12, 19.16it/s]
Epoch 4 - Evaluating:   8%|▊         | 20/250 [00:01<00:12, 19.14it/s]
Epoch 4 - Evaluating:   9%|▉         | 22/250 [00:01<00:11, 19.18it/s]
Epoch 4 - Evaluating:  10%|▉         | 24/250 [00:01<00:11, 19.20it/s]
Epoch 4 - Evaluating:  10%|█         | 26/250 [00:01<00:11, 19.15it/s]
Epoch 4 - Evaluating:  11%|█         | 28/250 [00:01<00:11, 19.15it/s]
Epoch 4 - Evaluating:  12%|█▏        | 30/250 [00:01<00:11, 19.14it/s]
Epoch 4 - Evaluating:  13%|█▎        | 32/250 [00:01<00:11, 19.20it/s]
Epoch 4 - Evaluating:  14%|█▎        | 34/250 [00:01<00:11, 19.15it/s]
Epoch 4 - Evaluating:  14%|█▍        | 36/250 [00:01<00:11, 19.17it/s]
Epoch 4 - Evaluating:  15%|█▌        | 38/250 [00:01<00:11, 19.17it/s]
Epoch 4 - Evaluating:  16%|█▌        | 40/250 [00:02<00:10, 19.19it/s]
Epoch 4 - Evaluating:  17%|█▋        | 42/250 [00:02<00:10, 19.21it/s]
Epoch 4 - Evaluating:  18%|█▊        | 44/250 [00:02<00:10, 19.18it/s]
Epoch 4 - Evaluating:  18%|█▊        | 46/250 [00:02<00:10, 19.20it/s]
Epoch 4 - Evaluating:  19%|█▉        | 48/250 [00:02<00:10, 19.20it/s]
Epoch 4 - Evaluating:  20%|██        | 50/250 [00:02<00:10, 19.18it/s]
Epoch 4 - Evaluating:  21%|██        | 52/250 [00:02<00:10, 19.16it/s]
Epoch 4 - Evaluating:  22%|██▏       | 54/250 [00:02<00:10, 19.15it/s]
Epoch 4 - Evaluating:  22%|██▏       | 56/250 [00:02<00:10, 19.17it/s]
Epoch 4 - Evaluating:  23%|██▎       | 58/250 [00:03<00:10, 19.18it/s]
Epoch 4 - Evaluating:  24%|██▍       | 60/250 [00:03<00:09, 19.19it/s]
Epoch 4 - Evaluating:  25%|██▍       | 62/250 [00:03<00:09, 19.16it/s]
Epoch 4 - Evaluating:  26%|██▌       | 64/250 [00:03<00:09, 19.18it/s]
Epoch 4 - Evaluating:  26%|██▋       | 66/250 [00:03<00:09, 19.19it/s]
Epoch 4 - Evaluating:  27%|██▋       | 68/250 [00:03<00:09, 19.18it/s]
Epoch 4 - Evaluating:  28%|██▊       | 70/250 [00:03<00:09, 19.16it/s]
Epoch 4 - Evaluating:  29%|██▉       | 72/250 [00:03<00:09, 19.14it/s]
Epoch 4 - Evaluating:  30%|██▉       | 74/250 [00:03<00:09, 19.15it/s]
Epoch 4 - Evaluating:  30%|███       | 76/250 [00:03<00:09, 19.18it/s]
Epoch 4 - Evaluating:  31%|███       | 78/250 [00:04<00:08, 19.21it/s]
Epoch 4 - Evaluating:  32%|███▏      | 80/250 [00:04<00:08, 19.19it/s]
Epoch 4 - Evaluating:  33%|███▎      | 82/250 [00:04<00:08, 19.22it/s]
Epoch 4 - Evaluating:  34%|███▎      | 84/250 [00:04<00:08, 19.22it/s]
Epoch 4 - Evaluating:  34%|███▍      | 86/250 [00:04<00:08, 19.18it/s]
Epoch 4 - Evaluating:  35%|███▌      | 88/250 [00:04<00:08, 19.17it/s]
Epoch 4 - Evaluating:  36%|███▌      | 90/250 [00:04<00:08, 19.15it/s]
Epoch 4 - Evaluating:  37%|███▋      | 92/250 [00:04<00:08, 19.15it/s]
Epoch 4 - Evaluating:  38%|███▊      | 94/250 [00:04<00:08, 19.18it/s]
Epoch 4 - Evaluating:  38%|███▊      | 96/250 [00:05<00:08, 19.20it/s]
Epoch 4 - Evaluating:  39%|███▉      | 98/250 [00:05<00:07, 19.16it/s]
Epoch 4 - Evaluating:  40%|████      | 100/250 [00:05<00:07, 19.16it/s]
Epoch 4 - Evaluating:  41%|████      | 102/250 [00:05<00:07, 19.20it/s]
Epoch 4 - Evaluating:  42%|████▏     | 104/250 [00:05<00:07, 19.18it/s]
Epoch 4 - Evaluating:  42%|████▏     | 106/250 [00:05<00:07, 19.19it/s]
Epoch 4 - Evaluating:  43%|████▎     | 108/250 [00:05<00:07, 19.14it/s]
Epoch 4 - Evaluating:  44%|████▍     | 110/250 [00:05<00:07, 19.16it/s]
Epoch 4 - Evaluating:  45%|████▍     | 112/250 [00:05<00:07, 19.15it/s]
Epoch 4 - Evaluating:  46%|████▌     | 114/250 [00:05<00:07, 19.14it/s]
Epoch 4 - Evaluating:  46%|████▋     | 116/250 [00:06<00:06, 19.16it/s]
Epoch 4 - Evaluating:  47%|████▋     | 118/250 [00:06<00:06, 19.19it/s]
Epoch 4 - Evaluating:  48%|████▊     | 120/250 [00:06<00:06, 19.17it/s]
Epoch 4 - Evaluating:  49%|████▉     | 122/250 [00:06<00:06, 19.19it/s]
Epoch 4 - Evaluating:  50%|████▉     | 124/250 [00:06<00:06, 19.19it/s]
Epoch 4 - Evaluating:  50%|█████     | 126/250 [00:06<00:06, 19.15it/s]
Epoch 4 - Evaluating:  51%|█████     | 128/250 [00:06<00:06, 19.18it/s]
Epoch 4 - Evaluating:  52%|█████▏    | 130/250 [00:06<00:06, 19.18it/s]
Epoch 4 - Evaluating:  53%|█████▎    | 132/250 [00:06<00:06, 19.13it/s]
Epoch 4 - Evaluating:  54%|█████▎    | 134/250 [00:06<00:06, 19.13it/s]
Epoch 4 - Evaluating:  54%|█████▍    | 136/250 [00:07<00:05, 19.12it/s]
Epoch 4 - Evaluating:  55%|█████▌    | 138/250 [00:07<00:05, 19.16it/s]
Epoch 4 - Evaluating:  56%|█████▌    | 140/250 [00:07<00:05, 19.19it/s]
Epoch 4 - Evaluating:  57%|█████▋    | 142/250 [00:07<00:05, 19.22it/s]
Epoch 4 - Evaluating:  58%|█████▊    | 144/250 [00:07<00:05, 19.19it/s]
Epoch 4 - Evaluating:  58%|█████▊    | 146/250 [00:07<00:05, 19.20it/s]
Epoch 4 - Evaluating:  59%|█████▉    | 148/250 [00:07<00:05, 19.19it/s]
Epoch 4 - Evaluating:  60%|██████    | 150/250 [00:07<00:05, 19.17it/s]
Epoch 4 - Evaluating:  61%|██████    | 152/250 [00:07<00:05, 19.15it/s]
Epoch 4 - Evaluating:  62%|██████▏   | 154/250 [00:08<00:05, 19.14it/s]
Epoch 4 - Evaluating:  62%|██████▏   | 156/250 [00:08<00:04, 19.11it/s]
Epoch 4 - Evaluating:  63%|██████▎   | 158/250 [00:08<00:04, 19.15it/s]
Epoch 4 - Evaluating:  64%|██████▍   | 160/250 [00:08<00:04, 19.18it/s]
Epoch 4 - Evaluating:  65%|██████▍   | 162/250 [00:08<00:04, 19.20it/s]
Epoch 4 - Evaluating:  66%|██████▌   | 164/250 [00:08<00:04, 19.23it/s]
Epoch 4 - Evaluating:  66%|██████▋   | 166/250 [00:08<00:04, 19.23it/s]
Epoch 4 - Evaluating:  67%|██████▋   | 168/250 [00:08<00:04, 19.18it/s]
Epoch 4 - Evaluating:  68%|██████▊   | 170/250 [00:08<00:04, 19.16it/s]
Epoch 4 - Evaluating:  69%|██████▉   | 172/250 [00:08<00:04, 19.14it/s]
Epoch 4 - Evaluating:  70%|██████▉   | 174/250 [00:09<00:03, 19.13it/s]
Epoch 4 - Evaluating:  70%|███████   | 176/250 [00:09<00:03, 19.13it/s]
Epoch 4 - Evaluating:  71%|███████   | 178/250 [00:09<00:03, 19.17it/s]
Epoch 4 - Evaluating:  72%|███████▏  | 180/250 [00:09<00:03, 19.14it/s]
Epoch 4 - Evaluating:  73%|███████▎  | 182/250 [00:09<00:03, 19.16it/s]
Epoch 4 - Evaluating:  74%|███████▎  | 184/250 [00:09<00:03, 19.20it/s]
Epoch 4 - Evaluating:  74%|███████▍  | 186/250 [00:09<00:03, 19.21it/s]
Epoch 4 - Evaluating:  75%|███████▌  | 188/250 [00:09<00:03, 19.18it/s]
Epoch 4 - Evaluating:  76%|███████▌  | 190/250 [00:09<00:03, 19.19it/s]
Epoch 4 - Evaluating:  77%|███████▋  | 192/250 [00:10<00:03, 19.11it/s]
Epoch 4 - Evaluating:  78%|███████▊  | 194/250 [00:10<00:02, 19.14it/s]
Epoch 4 - Evaluating:  78%|███████▊  | 196/250 [00:10<00:02, 19.18it/s]
Epoch 4 - Evaluating:  79%|███████▉  | 198/250 [00:10<00:02, 19.17it/s]
Epoch 4 - Evaluating:  80%|████████  | 200/250 [00:10<00:02, 19.17it/s]
Epoch 4 - Evaluating:  81%|████████  | 202/250 [00:10<00:02, 19.13it/s]
Epoch 4 - Evaluating:  82%|████████▏ | 204/250 [00:10<00:02, 19.19it/s]
Epoch 4 - Evaluating:  82%|████████▏ | 206/250 [00:10<00:02, 19.21it/s]
Epoch 4 - Evaluating:  83%|████████▎ | 208/250 [00:10<00:02, 19.21it/s]
Epoch 4 - Evaluating:  84%|████████▍ | 210/250 [00:10<00:02, 19.17it/s]
Epoch 4 - Evaluating:  85%|████████▍ | 212/250 [00:11<00:01, 19.15it/s]
Epoch 4 - Evaluating:  86%|████████▌ | 214/250 [00:11<00:01, 19.21it/s]
Epoch 4 - Evaluating:  86%|████████▋ | 216/250 [00:11<00:01, 19.18it/s]
Epoch 4 - Evaluating:  87%|████████▋ | 218/250 [00:11<00:01, 19.17it/s]
Epoch 4 - Evaluating:  88%|████████▊ | 220/250 [00:11<00:01, 19.14it/s]
Epoch 4 - Evaluating:  89%|████████▉ | 222/250 [00:11<00:01, 19.15it/s]
Epoch 4 - Evaluating:  90%|████████▉ | 224/250 [00:11<00:01, 19.15it/s]
Epoch 4 - Evaluating:  90%|█████████ | 226/250 [00:11<00:01, 19.14it/s]
Epoch 4 - Evaluating:  91%|█████████ | 228/250 [00:11<00:01, 19.16it/s]
Epoch 4 - Evaluating:  92%|█████████▏| 230/250 [00:11<00:01, 19.16it/s]
Epoch 4 - Evaluating:  93%|█████████▎| 232/250 [00:12<00:00, 19.18it/s]
Epoch 4 - Evaluating:  94%|█████████▎| 234/250 [00:12<00:00, 19.22it/s]
Epoch 4 - Evaluating:  94%|█████████▍| 236/250 [00:12<00:00, 19.19it/s]
Epoch 4 - Evaluating:  95%|█████████▌| 238/250 [00:12<00:00, 19.18it/s]
Epoch 4 - Evaluating:  96%|█████████▌| 240/250 [00:12<00:00, 19.19it/s]
Epoch 4 - Evaluating:  97%|█████████▋| 242/250 [00:12<00:00, 19.14it/s]
Epoch 4 - Evaluating:  98%|█████████▊| 244/250 [00:12<00:00, 19.11it/s]
Epoch 4 - Evaluating:  98%|█████████▊| 246/250 [00:12<00:00, 19.15it/s]
Epoch 4 - Evaluating:  99%|█████████▉| 248/250 [00:12<00:00, 19.17it/s]
Epoch 4 - Evaluating: 100%|██████████| 250/250 [00:13<00:00, 19.20it/s]
Epoch 4 - Evaluating: 100%|██████████| 250/250 [00:13<00:00, 19.17it/s]
Epoch 4 | Train Loss: 0.3357 | Val Loss: 1.7596
Total Time: 1125.2345921993256
Saved loss curve at output/loss_curve.png
